{"type":"FeatureCollection","features":[{"type":"Feature","properties":{"name":"小港區"},"geometry":{"type":"Polygon","coordinates":[[[120.3171,22.5591],[120.318,22.5612],[120.3182,22.5616],[120.3203,22.5631],[120.3218,22.5642],[120.322,22.5643],[120.3227,22.5647],[120.3238,22.5651],[120.324,22.5669],[120.3242,22.567],[120.3258,22.5684],[120.3262,22.5686],[120.3284,22.5689],[120.3285,22.569],[120.329,22.5692],[120.33,22.5697],[120.3302,22.5699],[120.3306,22.5701],[120.3311,22.5705],[120.3317,22.571],[120.3308,22.5721],[120.3328,22.5732],[120.3329,22.5733],[120.3334,22.5734],[120.3337,22.5735],[120.3342,22.5736],[120.3372,22.5742],[120.3374,22.5746],[120.3379,22.5771],[120.3382,22.578],[120.3385,22.579],[120.3389,22.5801],[120.3392,22.5807],[120.3393,22.5812],[120.3393,22.5817],[120.3393,22.5841],[120.3393,22.5845],[120.34,22.5845],[120.3406,22.5841],[120.3427,22.5835],[120.3442,22.584],[120.3446,22.584],[120.3454,22.584],[120.3459,22.5841],[120.3463,22.5842],[120.3467,22.5843],[120.3471,22.5845],[120.3476,22.5846],[120.3484,22.5847],[120.3488,22.5848],[120.3492,22.585],[120.35,22.5855],[120.3517,22.5854],[120.3528,22.5853],[120.3546,22.585],[120.3569,22.585],[120.358,22.585],[120.3613,22.5849],[120.3628,22.5851],[120.3632,22.5851],[120.3634,22.5852],[120.3639,22.586],[120.3643,22.5861],[120.3646,22.5864],[120.3648,22.5866],[120.3653,22.5865],[120.3657,22.5865],[120.3681,22.5869],[120.3685,22.5868],[120.3688,22.5868],[120.3692,22.5869],[120.3697,22.5871],[120.3702,22.5877],[120.3702,22.5879],[120.3702,22.5879],[120.3705,22.5878],[120.3707,22.5877],[120.371,22.5876],[120.3707,22.5875],[120.3707,22.587],[120.3725,22.5862],[120.3727,22.5859],[120.3735,22.5854],[120.3732,22.5837],[120.373,22.5831],[120.3733,22.5828],[120.3744,22.5821],[120.3748,22.5823],[120.3749,22.5824],[120.3753,22.5826],[120.3767,22.5819],[120.3774,22.5818],[120.3778,22.5817],[120.3785,22.5822],[120.3789,22.5824],[120.3801,22.5824],[120.3804,22.5819],[120.3806,22.5816],[120.3814,22.5804],[120.3814,22.5802],[120.3825,22.5789],[120.3845,22.5776],[120.385,22.5774],[120.3853,22.5775],[120.3855,22.5774],[120.3856,22.5772],[120.3856,22.5771],[120.3858,22.5764],[120.3858,22.5759],[120.3858,22.5756],[120.3858,22.5753],[120.386,22.575],[120.3861,22.5747],[120.3861,22.5744],[120.3863,22.5736],[120.3863,22.573],[120.3862,22.5727],[120.3856,22.5723],[120.3855,22.572],[120.3851,22.5715],[120.3857,22.5698],[120.386,22.5694],[120.3862,22.5691],[120.3867,22.5688],[120.3871,22.5684],[120.3875,22.5684],[120.3879,22.5687],[120.3881,22.5687],[120.389,22.5686],[120.3893,22.5675],[120.3893,22.5671],[120.3894,22.5669],[120.3898,22.5668],[120.3899,22.5672],[120.39,22.5673],[120.3901,22.5672],[120.3899,22.5667],[120.3899,22.5665],[120.3913,22.5652],[120.3914,22.5651],[120.3917,22.565],[120.3919,22.5651],[120.3919,22.5652],[120.3921,22.5653],[120.3926,22.5652],[120.393,22.566],[120.3928,22.5659],[120.3927,22.5658],[120.3919,22.5663],[120.392,22.5664],[120.3917,22.5668],[120.3915,22.5667],[120.3911,22.5666],[120.391,22.5668],[120.3914,22.5671],[120.3917,22.5671],[120.3917,22.5671],[120.3918,22.5674],[120.3922,22.5673],[120.3922,22.5669],[120.3924,22.5667],[120.3927,22.5665],[120.3929,22.5664],[120.3932,22.5664],[120.3936,22.5669],[120.3938,22.5667],[120.394,22.5655],[120.3937,22.5652],[120.3935,22.5645],[120.3936,22.5642],[120.3937,22.5641],[120.3939,22.5639],[120.3951,22.5635],[120.3949,22.563],[120.3946,22.5619],[120.3946,22.5614],[120.3948,22.561],[120.3951,22.5608],[120.3955,22.5605],[120.3949,22.56],[120.3945,22.5602],[120.3941,22.5602],[120.3939,22.5594],[120.394,22.5592],[120.3941,22.559],[120.3941,22.559],[120.3943,22.5586],[120.3946,22.5572],[120.3949,22.5569],[120.3952,22.5567],[120.3953,22.5565],[120.395,22.5561],[120.3946,22.5564],[120.3943,22.5562],[120.3943,22.5557],[120.3945,22.5555],[120.3948,22.5556],[120.3958,22.5558],[120.396,22.555],[120.3964,22.5545],[120.3966,22.5534],[120.3968,22.5532],[120.397,22.5531],[120.3973,22.5529],[120.3974,22.5527],[120.3972,22.5525],[120.3971,22.552],[120.3972,22.5515],[120.3972,22.5513],[120.3974,22.5508],[120.3979,22.5505],[120.3982,22.5504],[120.3984,22.5501],[120.3985,22.5499],[120.3987,22.5494],[120.3989,22.5491],[120.3987,22.5488],[120.3985,22.5484],[120.3983,22.5482],[120.3977,22.547],[120.3976,22.5466],[120.3976,22.5464],[120.3975,22.5459],[120.3973,22.5456],[120.396,22.5431],[120.3957,22.5428],[120.3947,22.5423],[120.3945,22.542],[120.3944,22.5416],[120.3943,22.5409],[120.3943,22.5407],[120.3941,22.5402],[120.3932,22.5391],[120.3925,22.5384],[120.3925,22.5381],[120.3925,22.5377],[120.3925,22.5375],[120.3925,22.5374],[120.3925,22.5373],[120.3917,22.5369],[120.3913,22.5368],[120.3907,22.5368],[120.3904,22.5368],[120.3902,22.5367],[120.3898,22.5362],[120.3897,22.5359],[120.3897,22.5357],[120.3895,22.5356],[120.3894,22.5356],[120.3888,22.5357],[120.3884,22.5357],[120.3882,22.5356],[120.3877,22.5353],[120.387,22.5353],[120.3865,22.5346],[120.3866,22.5341],[120.3863,22.5332],[120.3859,22.5328],[120.3855,22.5326],[120.385,22.5324],[120.3845,22.5321],[120.3837,22.5316],[120.3833,22.5312],[120.3816,22.5298],[120.3811,22.5292],[120.3805,22.5286],[120.3801,22.5282],[120.3797,22.528],[120.3777,22.5276],[120.377,22.5274],[120.3759,22.5269],[120.3737,22.5265],[120.3731,22.5261],[120.3723,22.5253],[120.3718,22.5247],[120.3714,22.5241],[120.3714,22.5232],[120.3713,22.5232],[120.3713,22.5231],[120.3712,22.5229],[120.371,22.5223],[120.3704,22.5218],[120.3702,22.5215],[120.37,22.5214],[120.3683,22.5202],[120.3673,22.5193],[120.3667,22.5188],[120.3664,22.5185],[120.3664,22.5176],[120.3666,22.5173],[120.3667,22.5169],[120.3666,22.5167],[120.3665,22.5165],[120.3663,22.5164],[120.3661,22.5161],[120.3656,22.5157],[120.3654,22.5155],[120.3641,22.5131],[120.3639,22.5129],[120.3635,22.5118],[120.3635,22.5116],[120.3635,22.5114],[120.3631,22.5109],[120.3626,22.5106],[120.3626,22.5103],[120.3627,22.5101],[120.3621,22.51],[120.3617,22.5099],[120.3611,22.5096],[120.3613,22.5091],[120.3614,22.5088],[120.3614,22.5086],[120.3611,22.5083],[120.3609,22.5082],[120.3604,22.5079],[120.3603,22.5078],[120.3589,22.5007],[120.3589,22.5022],[120.3559,22.5043],[120.3549,22.506],[120.351,22.5095],[120.3466,22.5124],[120.3435,22.5147],[120.3419,22.5152],[120.3391,22.5172],[120.3337,22.5214],[120.3361,22.5237],[120.3369,22.5251],[120.3334,22.5288],[120.3253,22.5235],[120.3263,22.53],[120.3299,22.533],[120.3314,22.5329],[120.3295,22.5338],[120.3252,22.5301],[120.3242,22.5228],[120.3124,22.5149],[120.2886,22.5439],[120.2888,22.544],[120.2934,22.5384],[120.297,22.5409],[120.3037,22.5327],[120.3076,22.5355],[120.3168,22.5242],[120.3219,22.5278],[120.3075,22.5452],[120.3036,22.5456],[120.3073,22.5475],[120.3156,22.5518],[120.3204,22.5553],[120.3171,22.5591]]]}},{"type":"Feature","properties":{"name":"鹽埕區"},"geometry":{"type":"Polygon","coordinates":[[[120.286,22.6318],[120.2875,22.6283],[120.2886,22.6266],[120.2899,22.6232],[120.2903,22.6206],[120.2904,22.6181],[120.2902,22.615],[120.283,22.6182],[120.2788,22.6203],[120.2792,22.6209],[120.2774,22.6222],[120.2771,22.6232],[120.2789,22.6266],[120.2834,22.6333],[120.2852,22.6347],[120.286,22.6318]]]}},{"type":"Feature","properties":{"name":"新興區"},"geometry":{"type":"Polygon","coordinates":[[[120.3167,22.6343],[120.3167,22.6335],[120.3179,22.6303],[120.3133,22.6306],[120.3133,22.6298],[120.3142,22.6275],[120.3109,22.6264],[120.3121,22.6232],[120.3022,22.6199],[120.301,22.6232],[120.3015,22.6274],[120.2981,22.6263],[120.2976,22.6278],[120.3,22.6287],[120.2971,22.6361],[120.2995,22.6369],[120.3068,22.6364],[120.3096,22.6368],[120.3138,22.6366],[120.3167,22.6343]]]}},{"type":"Feature","properties":{"name":"前金區"},"geometry":{"type":"Polygon","coordinates":[[[120.2903,22.6206],[120.2899,22.6232],[120.2886,22.6266],[120.2875,22.6283],[120.286,22.6318],[120.2884,22.6332],[120.2971,22.6361],[120.3,22.6287],[120.2976,22.6278],[120.2981,22.6263],[120.3015,22.6274],[120.301,22.6232],[120.3022,22.6199],[120.2962,22.618],[120.295,22.621],[120.2937,22.6206],[120.2903,22.6206]]]}},{"type":"Feature","properties":{"name":"前鎮區"},"geometry":{"type":"Polygon","coordinates":[[[120.3393,22.5845],[120.3393,22.5841],[120.3393,22.5817],[120.3393,22.5812],[120.3392,22.5807],[120.3389,22.5801],[120.3385,22.579],[120.3382,22.578],[120.3379,22.5771],[120.3374,22.5746],[120.3372,22.5742],[120.3342,22.5736],[120.3337,22.5735],[120.3334,22.5734],[120.3329,22.5733],[120.3328,22.5732],[120.3308,22.5721],[120.3317,22.571],[120.3311,22.5705],[120.3306,22.5701],[120.3302,22.5699],[120.33,22.5697],[120.329,22.5692],[120.3285,22.569],[120.3284,22.5689],[120.3262,22.5686],[120.3258,22.5684],[120.3242,22.567],[120.324,22.5669],[120.3238,22.5651],[120.3227,22.5647],[120.322,22.5643],[120.3218,22.5642],[120.3203,22.5631],[120.3182,22.5616],[120.318,22.5612],[120.3171,22.5591],[120.316,22.5604],[120.3148,22.5617],[120.3138,22.5629],[120.3129,22.5639],[120.3119,22.565],[120.3112,22.5657],[120.3109,22.5661],[120.3098,22.5673],[120.3078,22.5696],[120.307,22.5703],[120.3061,22.5712],[120.3053,22.5721],[120.3049,22.5727],[120.3042,22.5738],[120.3037,22.5746],[120.3026,22.5761],[120.3023,22.5766],[120.3019,22.5771],[120.3017,22.5773],[120.3016,22.5775],[120.3011,22.578],[120.2985,22.5808],[120.2977,22.5817],[120.2976,22.5818],[120.297,22.5826],[120.2961,22.5838],[120.2956,22.5847],[120.2942,22.5867],[120.2935,22.5879],[120.293,22.5886],[120.2923,22.5897],[120.2907,22.5922],[120.2902,22.5932],[120.2864,22.5993],[120.2859,22.6],[120.2836,22.6037],[120.2832,22.6043],[120.2828,22.605],[120.2821,22.6063],[120.2819,22.6067],[120.2814,22.6074],[120.2812,22.6077],[120.2807,22.6083],[120.2799,22.6091],[120.2794,22.6095],[120.2776,22.6111],[120.2813,22.6144],[120.283,22.6134],[120.2888,22.611],[120.2959,22.6077],[120.2966,22.6095],[120.2978,22.61],[120.3051,22.6125],[120.3052,22.6141],[120.3177,22.6183],[120.3183,22.6168],[120.3182,22.6154],[120.3226,22.6156],[120.3236,22.6154],[120.3237,22.6145],[120.3252,22.615],[120.3251,22.6119],[120.3267,22.6117],[120.327,22.6124],[120.3326,22.6127],[120.3328,22.61],[120.3367,22.6099],[120.3374,22.6102],[120.3379,22.6068],[120.3391,22.6063],[120.3383,22.6055],[120.3304,22.6003],[120.3298,22.601],[120.3229,22.5964],[120.3223,22.592],[120.3205,22.5911],[120.3218,22.5905],[120.3232,22.5891],[120.3247,22.5862],[120.323,22.5861],[120.3241,22.585],[120.3257,22.5851],[120.3265,22.5857],[120.328,22.5856],[120.33,22.5867],[120.3312,22.5859],[120.3343,22.5864],[120.3346,22.5873],[120.3341,22.5895],[120.3352,22.5906],[120.3372,22.5889],[120.3385,22.5869],[120.3393,22.5845]]]}},{"type":"Feature","properties":{"name":"楠梓區"},"geometry":{"type":"Polygon","coordinates":[[[120.3311,22.7551],[120.3318,22.753],[120.3329,22.752],[120.3344,22.7524],[120.3348,22.7495],[120.3361,22.7491],[120.3357,22.7458],[120.3381,22.7452],[120.3385,22.7444],[120.3407,22.7438],[120.3372,22.7401],[120.3375,22.7389],[120.3402,22.7384],[120.3396,22.7355],[120.3392,22.7356],[120.3386,22.7337],[120.3394,22.7331],[120.3402,22.7319],[120.3404,22.7302],[120.3363,22.7276],[120.3355,22.7276],[120.3344,22.7256],[120.3341,22.7239],[120.3376,22.7212],[120.3359,22.7221],[120.3345,22.7225],[120.332,22.7215],[120.3331,22.72],[120.3301,22.7181],[120.3287,22.7193],[120.3243,22.7177],[120.3258,22.7168],[120.3279,22.7141],[120.3295,22.7111],[120.3289,22.7093],[120.3264,22.7098],[120.3258,22.7084],[120.3276,22.7061],[120.3296,22.7046],[120.3286,22.704],[120.3235,22.7056],[120.3219,22.7025],[120.321,22.7014],[120.3172,22.6982],[120.3149,22.6959],[120.3119,22.6994],[120.3081,22.6952],[120.3041,22.6975],[120.3044,22.698],[120.3026,22.699],[120.3025,22.7008],[120.2977,22.7007],[120.2963,22.7041],[120.2948,22.7053],[120.2999,22.707],[120.2999,22.7078],[120.2978,22.7087],[120.2968,22.7095],[120.2935,22.7064],[120.2928,22.7065],[120.2925,22.7052],[120.2821,22.7049],[120.2713,22.7049],[120.2688,22.7055],[120.2684,22.7069],[120.2676,22.7067],[120.2678,22.7052],[120.2664,22.7062],[120.2657,22.7036],[120.2645,22.7027],[120.2633,22.7005],[120.263,22.6987],[120.2634,22.6967],[120.2602,22.6947],[120.2581,22.6936],[120.2581,22.6956],[120.2601,22.6965],[120.261,22.6963],[120.2622,22.6982],[120.2616,22.7015],[120.2587,22.7088],[120.2568,22.7124],[120.2571,22.7143],[120.2558,22.7141],[120.2568,22.7149],[120.2563,22.7185],[120.2569,22.7196],[120.2598,22.7231],[120.262,22.7255],[120.2635,22.7279],[120.266,22.7299],[120.267,22.7297],[120.2694,22.7317],[120.2709,22.7305],[120.2715,22.7308],[120.2752,22.7317],[120.2749,22.7336],[120.2762,22.7338],[120.2776,22.7379],[120.285,22.7358],[120.2857,22.7377],[120.2898,22.7367],[120.2913,22.7372],[120.2928,22.7363],[120.2923,22.7353],[120.2938,22.7346],[120.2935,22.7337],[120.295,22.7328],[120.2959,22.7306],[120.2952,22.7294],[120.2965,22.7284],[120.2974,22.73],[120.2992,22.7321],[120.3,22.7316],[120.3001,22.7297],[120.3016,22.7291],[120.3038,22.7304],[120.3053,22.7293],[120.3077,22.7299],[120.3102,22.7298],[120.3113,22.7307],[120.3112,22.7318],[120.3099,22.7331],[120.3099,22.7343],[120.3082,22.7362],[120.3126,22.7355],[120.3149,22.7367],[120.316,22.7369],[120.3173,22.7354],[120.3201,22.7346],[120.3222,22.7346],[120.3223,22.7339],[120.3247,22.7362],[120.3257,22.7359],[120.323,22.7396],[120.3258,22.7417],[120.3231,22.7444],[120.3247,22.7464],[120.3266,22.7482],[120.3252,22.7496],[120.3261,22.7523],[120.3248,22.7536],[120.325,22.756],[120.3268,22.756],[120.3273,22.7549],[120.3306,22.7553],[120.3311,22.7551]]]}},{"type":"Feature","properties":{"name":"鳳山區"},"geometry":{"type":"Polygon","coordinates":[[[120.3702,22.5879],[120.3702,22.5877],[120.3697,22.5871],[120.3692,22.5869],[120.3688,22.5868],[120.3685,22.5868],[120.3681,22.5869],[120.3657,22.5865],[120.3653,22.5865],[120.3648,22.5866],[120.3646,22.5864],[120.3643,22.5861],[120.3639,22.586],[120.3634,22.5852],[120.3632,22.5851],[120.3628,22.5851],[120.3613,22.5849],[120.358,22.585],[120.3569,22.585],[120.3546,22.585],[120.3528,22.5853],[120.3517,22.5854],[120.35,22.5855],[120.3492,22.585],[120.3488,22.5848],[120.3484,22.5847],[120.3476,22.5846],[120.3471,22.5845],[120.3467,22.5843],[120.3463,22.5842],[120.3459,22.5841],[120.3454,22.584],[120.3446,22.584],[120.3442,22.584],[120.3427,22.5835],[120.3406,22.5841],[120.34,22.5845],[120.3393,22.5845],[120.3385,22.5869],[120.3372,22.5889],[120.3352,22.5906],[120.3341,22.5895],[120.3346,22.5873],[120.3343,22.5864],[120.3312,22.5859],[120.33,22.5867],[120.328,22.5856],[120.3265,22.5857],[120.3257,22.5851],[120.3241,22.585],[120.323,22.5861],[120.3247,22.5862],[120.3232,22.5891],[120.3218,22.5905],[120.3205,22.5911],[120.3223,22.592],[120.3229,22.5964],[120.3298,22.601],[120.3304,22.6003],[120.3383,22.6055],[120.3391,22.6063],[120.3379,22.6068],[120.3374,22.6102],[120.3367,22.6099],[120.3328,22.61],[120.3326,22.6127],[120.327,22.6124],[120.3274,22.6142],[120.3268,22.6166],[120.328,22.6166],[120.3279,22.6177],[120.3345,22.6185],[120.3349,22.6161],[120.3372,22.6163],[120.339,22.618],[120.3395,22.6177],[120.3407,22.6191],[120.3382,22.6206],[120.3396,22.6225],[120.34,22.6242],[120.3448,22.625],[120.3455,22.6266],[120.344,22.6273],[120.3443,22.628],[120.3431,22.6281],[120.3399,22.6291],[120.3393,22.6295],[120.3417,22.6299],[120.3419,22.6309],[120.3431,22.6309],[120.3435,22.6331],[120.3452,22.6332],[120.3447,22.6338],[120.345,22.6368],[120.3459,22.6375],[120.3502,22.6388],[120.3497,22.6397],[120.3459,22.6417],[120.3485,22.6466],[120.3472,22.6473],[120.3479,22.6477],[120.3501,22.6478],[120.3513,22.6466],[120.3527,22.6474],[120.3548,22.6459],[120.3568,22.6437],[120.3581,22.642],[120.359,22.646],[120.3584,22.647],[120.3591,22.6475],[120.3619,22.6464],[120.3623,22.6457],[120.3649,22.6442],[120.3653,22.6453],[120.3671,22.6454],[120.3691,22.6466],[120.3686,22.648],[120.371,22.6487],[120.3721,22.6466],[120.3746,22.6475],[120.3759,22.6444],[120.3751,22.6437],[120.3778,22.6377],[120.3786,22.636],[120.3808,22.6317],[120.382,22.6299],[120.3839,22.6287],[120.3861,22.6295],[120.3876,22.6265],[120.3875,22.6261],[120.3845,22.6247],[120.3813,22.6238],[120.3807,22.6228],[120.3784,22.6227],[120.3782,22.6212],[120.3788,22.619],[120.3796,22.6185],[120.3797,22.6172],[120.3785,22.6149],[120.3785,22.6135],[120.3776,22.6109],[120.3773,22.6081],[120.3768,22.6073],[120.375,22.6063],[120.3737,22.6067],[120.3728,22.6058],[120.3712,22.6024],[120.3718,22.5998],[120.3716,22.598],[120.3708,22.5971],[120.3705,22.5956],[120.37,22.5957],[120.3684,22.5938],[120.3702,22.591],[120.3691,22.589],[120.3702,22.5879]]]}},{"type":"Feature","properties":{"name":"大寮區"},"geometry":{"type":"Polygon","coordinates":[[[120.4353,22.6288],[120.4337,22.6246],[120.4335,22.6209],[120.4337,22.6176],[120.4346,22.6134],[120.4366,22.6089],[120.4375,22.6073],[120.439,22.6058],[120.4406,22.605],[120.4427,22.6033],[120.4449,22.6007],[120.4458,22.5988],[120.4466,22.5945],[120.447,22.5895],[120.447,22.5862],[120.4456,22.5792],[120.4449,22.5732],[120.4441,22.5688],[120.4434,22.5671],[120.4427,22.5623],[120.442,22.5601],[120.4407,22.5576],[120.439,22.555],[120.4378,22.552],[120.4366,22.5476],[120.4351,22.5466],[120.4331,22.5459],[120.4313,22.5447],[120.4307,22.5435],[120.4292,22.5386],[120.4275,22.5343],[120.4182,22.5339],[120.4169,22.5331],[120.4141,22.5333],[120.4136,22.5325],[120.4097,22.5328],[120.4071,22.5338],[120.4068,22.5336],[120.4033,22.5338],[120.4033,22.5355],[120.4012,22.5364],[120.4014,22.5368],[120.3995,22.5376],[120.3985,22.5372],[120.3969,22.5379],[120.3952,22.5374],[120.394,22.5365],[120.3925,22.5374],[120.3925,22.5375],[120.3925,22.5377],[120.3925,22.5381],[120.3925,22.5384],[120.3932,22.5391],[120.3941,22.5402],[120.3943,22.5407],[120.3943,22.5409],[120.3944,22.5416],[120.3945,22.542],[120.3947,22.5423],[120.3957,22.5428],[120.396,22.5431],[120.3973,22.5456],[120.3975,22.5459],[120.3976,22.5464],[120.3976,22.5466],[120.3977,22.547],[120.3983,22.5482],[120.3985,22.5484],[120.3987,22.5488],[120.3989,22.5491],[120.3987,22.5494],[120.3985,22.5499],[120.3984,22.5501],[120.3982,22.5504],[120.3979,22.5505],[120.3974,22.5508],[120.3972,22.5513],[120.3972,22.5515],[120.3971,22.552],[120.3972,22.5525],[120.3974,22.5527],[120.3973,22.5529],[120.397,22.5531],[120.3968,22.5532],[120.3966,22.5534],[120.3964,22.5545],[120.396,22.555],[120.3958,22.5558],[120.3948,22.5556],[120.3945,22.5555],[120.3943,22.5557],[120.3943,22.5562],[120.3946,22.5564],[120.395,22.5561],[120.3953,22.5565],[120.3952,22.5567],[120.3949,22.5569],[120.3946,22.5572],[120.3943,22.5586],[120.3941,22.559],[120.3941,22.559],[120.394,22.5592],[120.3939,22.5594],[120.3941,22.5602],[120.3945,22.5602],[120.3949,22.56],[120.3955,22.5605],[120.3951,22.5608],[120.3948,22.561],[120.3946,22.5614],[120.3946,22.5619],[120.3949,22.563],[120.3951,22.5635],[120.3939,22.5639],[120.3937,22.5641],[120.3936,22.5642],[120.3935,22.5645],[120.3937,22.5652],[120.394,22.5655],[120.3938,22.5667],[120.3936,22.5669],[120.3932,22.5664],[120.3929,22.5664],[120.3927,22.5665],[120.3924,22.5667],[120.3922,22.5669],[120.3922,22.5673],[120.3918,22.5674],[120.3917,22.5671],[120.3917,22.5671],[120.3914,22.5671],[120.391,22.5668],[120.3911,22.5666],[120.3915,22.5667],[120.3917,22.5668],[120.392,22.5664],[120.3919,22.5663],[120.3927,22.5658],[120.3928,22.5659],[120.393,22.566],[120.3926,22.5652],[120.3921,22.5653],[120.3919,22.5652],[120.3919,22.5651],[120.3917,22.565],[120.3914,22.5651],[120.3913,22.5652],[120.3899,22.5665],[120.3899,22.5667],[120.3901,22.5672],[120.39,22.5673],[120.3899,22.5672],[120.3898,22.5668],[120.3894,22.5669],[120.3893,22.5671],[120.3893,22.5675],[120.389,22.5686],[120.3881,22.5687],[120.3879,22.5687],[120.3875,22.5684],[120.3871,22.5684],[120.3867,22.5688],[120.3862,22.5691],[120.386,22.5694],[120.3857,22.5698],[120.3851,22.5715],[120.3855,22.572],[120.3856,22.5723],[120.3862,22.5727],[120.3863,22.573],[120.3863,22.5736],[120.3861,22.5744],[120.3861,22.5747],[120.386,22.575],[120.3858,22.5753],[120.3858,22.5756],[120.3858,22.5759],[120.3858,22.5764],[120.3856,22.5771],[120.3856,22.5772],[120.3855,22.5774],[120.3853,22.5775],[120.385,22.5774],[120.3845,22.5776],[120.3825,22.5789],[120.3814,22.5802],[120.3814,22.5804],[120.3806,22.5816],[120.3804,22.5819],[120.3801,22.5824],[120.3789,22.5824],[120.3785,22.5822],[120.3778,22.5817],[120.3774,22.5818],[120.3767,22.5819],[120.3753,22.5826],[120.3749,22.5824],[120.3748,22.5823],[120.3744,22.5821],[120.3733,22.5828],[120.373,22.5831],[120.3732,22.5837],[120.3735,22.5854],[120.3727,22.5859],[120.3725,22.5862],[120.3707,22.587],[120.3707,22.5875],[120.371,22.5876],[120.3707,22.5877],[120.3705,22.5878],[120.3702,22.5879],[120.3702,22.5879],[120.3691,22.589],[120.3702,22.591],[120.3684,22.5938],[120.37,22.5957],[120.3705,22.5956],[120.3708,22.5971],[120.3716,22.598],[120.3718,22.5998],[120.3712,22.6024],[120.3728,22.6058],[120.3737,22.6067],[120.375,22.6063],[120.3768,22.6073],[120.3773,22.6081],[120.3776,22.6109],[120.3785,22.6135],[120.3785,22.6149],[120.3797,22.6172],[120.3796,22.6185],[120.3788,22.619],[120.3782,22.6212],[120.3784,22.6227],[120.3807,22.6228],[120.3813,22.6238],[120.3845,22.6247],[120.3875,22.6261],[120.3876,22.6265],[120.3861,22.6295],[120.3839,22.6287],[120.382,22.6299],[120.3808,22.6317],[120.3786,22.636],[120.3778,22.6377],[120.3782,22.6386],[120.3813,22.6393],[120.3845,22.642],[120.3853,22.6415],[120.3864,22.6421],[120.3883,22.6422],[120.3901,22.6436],[120.3924,22.6432],[120.3934,22.6439],[120.3949,22.644],[120.3958,22.6446],[120.3984,22.6445],[120.4014,22.643],[120.4048,22.6433],[120.4069,22.644],[120.4104,22.6432],[120.4121,22.643],[120.416,22.6431],[120.4186,22.6451],[120.4204,22.6453],[120.4218,22.646],[120.4234,22.6476],[120.4244,22.6478],[120.426,22.6492],[120.4301,22.6495],[120.4361,22.6517],[120.4362,22.6481],[120.4353,22.6403],[120.4354,22.6338],[120.4359,22.6317],[120.4353,22.6288]]]}},{"type":"Feature","properties":{"name":"大樹區"},"geometry":{"type":"Polygon","coordinates":[[[120.4481,22.6894],[120.4475,22.6883],[120.4448,22.6864],[120.4426,22.6846],[120.4397,22.6786],[120.4402,22.6746],[120.44,22.673],[120.4379,22.6671],[120.4366,22.665],[120.4361,22.6613],[120.4359,22.656],[120.4361,22.6517],[120.4301,22.6495],[120.426,22.6492],[120.4244,22.6478],[120.4234,22.6476],[120.4218,22.646],[120.4204,22.6453],[120.4186,22.6451],[120.416,22.6431],[120.4121,22.643],[120.4104,22.6432],[120.4069,22.644],[120.4048,22.6433],[120.4014,22.643],[120.4018,22.6442],[120.4001,22.6453],[120.4014,22.6465],[120.4017,22.6476],[120.4012,22.6496],[120.3998,22.6504],[120.3996,22.6522],[120.4016,22.6554],[120.4016,22.658],[120.4028,22.6598],[120.4024,22.6601],[120.4026,22.664],[120.4026,22.6662],[120.4006,22.6681],[120.3991,22.6711],[120.3982,22.6717],[120.3984,22.6734],[120.3971,22.6754],[120.3972,22.6771],[120.3961,22.6774],[120.3955,22.6788],[120.3959,22.68],[120.3977,22.6808],[120.3956,22.6822],[120.3944,22.6825],[120.3937,22.6839],[120.3922,22.6838],[120.3917,22.6849],[120.3898,22.6854],[120.3899,22.6872],[120.3908,22.6888],[120.3918,22.6894],[120.3934,22.692],[120.3923,22.6942],[120.3925,22.6947],[120.394,22.696],[120.3943,22.6972],[120.3954,22.6977],[120.3969,22.7006],[120.3961,22.7024],[120.395,22.7031],[120.3935,22.7031],[120.3946,22.705],[120.3977,22.7079],[120.3985,22.7092],[120.3982,22.7107],[120.4001,22.7125],[120.3992,22.7134],[120.3994,22.7149],[120.4015,22.7194],[120.4033,22.7248],[120.4014,22.7259],[120.4002,22.7254],[120.4,22.7262],[120.4008,22.7275],[120.4002,22.7287],[120.4016,22.7333],[120.4008,22.7347],[120.3998,22.7356],[120.3983,22.7348],[120.3972,22.7353],[120.3984,22.7363],[120.4,22.739],[120.4009,22.7381],[120.4055,22.739],[120.4066,22.7409],[120.408,22.7422],[120.4089,22.7423],[120.4106,22.7441],[120.4104,22.7457],[120.4117,22.7472],[120.4105,22.7488],[120.4116,22.751],[120.4118,22.7526],[120.4114,22.7544],[120.4119,22.7563],[120.4114,22.757],[120.4119,22.758],[120.4129,22.759],[120.4138,22.7611],[120.4143,22.7613],[120.4158,22.7633],[120.4173,22.7643],[120.4174,22.7659],[120.4163,22.7665],[120.4161,22.7683],[120.4166,22.7698],[120.4177,22.7706],[120.4186,22.7725],[120.4185,22.7735],[120.4191,22.7747],[120.4208,22.774],[120.4222,22.7749],[120.4245,22.7748],[120.4261,22.7759],[120.4266,22.7773],[120.4285,22.7778],[120.4293,22.7764],[120.4311,22.7742],[120.432,22.7743],[120.4355,22.7736],[120.4366,22.7736],[120.4386,22.7729],[120.4421,22.7733],[120.444,22.7726],[120.4465,22.7724],[120.4475,22.7729],[120.4506,22.7728],[120.4534,22.7718],[120.4543,22.7718],[120.4538,22.7696],[120.4538,22.7675],[120.4544,22.7642],[120.4538,22.7615],[120.454,22.7579],[120.4537,22.7566],[120.4542,22.7536],[120.4543,22.7488],[120.4546,22.7477],[120.4549,22.7396],[120.4557,22.7341],[120.456,22.7306],[120.456,22.723],[120.4557,22.7185],[120.4549,22.714],[120.453,22.7066],[120.4528,22.7042],[120.4513,22.7001],[120.4511,22.698],[120.4489,22.6912],[120.4481,22.6894]]]}},{"type":"Feature","properties":{"name":"大社區"},"geometry":{"type":"Polygon","coordinates":[[[120.3376,22.7212],[120.3341,22.7239],[120.3344,22.7256],[120.3355,22.7276],[120.3363,22.7276],[120.3404,22.7302],[120.3402,22.7319],[120.3394,22.7331],[120.3386,22.7337],[120.3392,22.7356],[120.3396,22.7355],[120.3402,22.7384],[120.3375,22.7389],[120.3372,22.7401],[120.3407,22.7438],[120.3385,22.7444],[120.3381,22.7452],[120.3357,22.7458],[120.3361,22.7491],[120.3372,22.7492],[120.3391,22.7474],[120.3402,22.7491],[120.3412,22.7497],[120.3412,22.7508],[120.3405,22.7526],[120.3417,22.7539],[120.3434,22.753],[120.3443,22.7534],[120.3433,22.7551],[120.3445,22.7558],[120.3455,22.7549],[120.3467,22.7529],[120.3477,22.7526],[120.3483,22.7516],[120.3514,22.7525],[120.353,22.7524],[120.3546,22.7529],[120.3572,22.7518],[120.3631,22.7511],[120.3639,22.7514],[120.3667,22.7515],[120.368,22.7499],[120.37,22.7521],[120.3695,22.7532],[120.372,22.7534],[120.3732,22.7514],[120.374,22.7515],[120.3744,22.755],[120.3756,22.7558],[120.3782,22.7561],[120.3784,22.7571],[120.3803,22.7569],[120.3804,22.7587],[120.3821,22.7592],[120.3834,22.7605],[120.3839,22.7634],[120.3869,22.7632],[120.3884,22.7621],[120.3898,22.7629],[120.3908,22.7647],[120.3934,22.7619],[120.3942,22.7623],[120.3961,22.7616],[120.3967,22.7604],[120.3979,22.7616],[120.399,22.7617],[120.3989,22.7635],[120.4017,22.7661],[120.4037,22.7658],[120.4052,22.7664],[120.4064,22.7646],[120.4077,22.763],[120.4073,22.7612],[120.408,22.7608],[120.4092,22.7614],[120.4101,22.7588],[120.4119,22.758],[120.4114,22.757],[120.4119,22.7563],[120.4114,22.7544],[120.4118,22.7526],[120.4116,22.751],[120.4105,22.7488],[120.4117,22.7472],[120.4104,22.7457],[120.4106,22.7441],[120.4089,22.7423],[120.408,22.7422],[120.4066,22.7409],[120.4055,22.739],[120.4009,22.7381],[120.4,22.739],[120.3984,22.7363],[120.3972,22.7353],[120.3957,22.7349],[120.3928,22.7358],[120.3934,22.738],[120.3924,22.74],[120.3912,22.7402],[120.3909,22.7418],[120.3884,22.7419],[120.387,22.74],[120.3858,22.7398],[120.3855,22.7379],[120.3827,22.7364],[120.3808,22.736],[120.3805,22.7352],[120.3795,22.7346],[120.3783,22.733],[120.3778,22.7318],[120.3785,22.7289],[120.3781,22.7282],[120.3765,22.7285],[120.375,22.7269],[120.3738,22.727],[120.3728,22.7263],[120.3727,22.7251],[120.3733,22.7242],[120.3737,22.7214],[120.3732,22.7196],[120.372,22.7171],[120.3723,22.7154],[120.3714,22.7145],[120.3696,22.7142],[120.37,22.713],[120.3682,22.7114],[120.3667,22.7114],[120.3659,22.7098],[120.3642,22.7094],[120.3634,22.711],[120.3607,22.7137],[120.3602,22.7145],[120.3578,22.7158],[120.356,22.7165],[120.3532,22.7167],[120.3512,22.7178],[120.3494,22.7156],[120.349,22.7165],[120.3472,22.7165],[120.3465,22.7159],[120.346,22.7172],[120.3414,22.7164],[120.339,22.7176],[120.3381,22.7212],[120.3376,22.7212]]]}},{"type":"Feature","properties":{"name":"仁武區"},"geometry":{"type":"Polygon","coordinates":[[[120.3149,22.6959],[120.3172,22.6982],[120.321,22.7014],[120.3219,22.7025],[120.3235,22.7056],[120.3286,22.704],[120.3296,22.7046],[120.3276,22.7061],[120.3258,22.7084],[120.3264,22.7098],[120.3289,22.7093],[120.3295,22.7111],[120.3279,22.7141],[120.3258,22.7168],[120.3243,22.7177],[120.3287,22.7193],[120.3301,22.7181],[120.3331,22.72],[120.332,22.7215],[120.3345,22.7225],[120.3359,22.7221],[120.3376,22.7212],[120.3381,22.7212],[120.339,22.7176],[120.3414,22.7164],[120.346,22.7172],[120.3465,22.7159],[120.3472,22.7165],[120.349,22.7165],[120.3494,22.7156],[120.3512,22.7178],[120.3532,22.7167],[120.356,22.7165],[120.3578,22.7158],[120.3602,22.7145],[120.3607,22.7137],[120.3634,22.711],[120.3642,22.7094],[120.3659,22.7098],[120.3667,22.7114],[120.3682,22.7114],[120.37,22.713],[120.3696,22.7142],[120.3714,22.7145],[120.3723,22.7154],[120.372,22.7171],[120.3732,22.7196],[120.3737,22.7214],[120.3733,22.7242],[120.3727,22.7251],[120.3728,22.7263],[120.3738,22.727],[120.375,22.7269],[120.3765,22.7285],[120.3781,22.7282],[120.3785,22.7289],[120.3778,22.7318],[120.3783,22.733],[120.3795,22.7346],[120.3805,22.7352],[120.3808,22.736],[120.3827,22.7364],[120.3855,22.7379],[120.3858,22.7398],[120.387,22.74],[120.3884,22.7419],[120.3909,22.7418],[120.3912,22.7402],[120.3924,22.74],[120.3934,22.738],[120.3928,22.7358],[120.3957,22.7349],[120.3972,22.7353],[120.3983,22.7348],[120.3998,22.7356],[120.4008,22.7347],[120.4016,22.7333],[120.4002,22.7287],[120.4008,22.7275],[120.4,22.7262],[120.4002,22.7254],[120.4014,22.7259],[120.4033,22.7248],[120.4015,22.7194],[120.3994,22.7149],[120.3992,22.7134],[120.4001,22.7125],[120.3982,22.7107],[120.3985,22.7092],[120.3977,22.7079],[120.3946,22.705],[120.3935,22.7031],[120.395,22.7031],[120.3961,22.7024],[120.3969,22.7006],[120.3954,22.6977],[120.3943,22.6972],[120.394,22.696],[120.3925,22.6947],[120.3902,22.6965],[120.3897,22.6966],[120.388,22.6951],[120.3864,22.6931],[120.3851,22.6923],[120.3812,22.6892],[120.3793,22.689],[120.3797,22.6876],[120.3794,22.6863],[120.3775,22.6852],[120.3764,22.6849],[120.3748,22.6839],[120.3738,22.6817],[120.3717,22.6801],[120.3701,22.6776],[120.3701,22.677],[120.3687,22.6761],[120.3672,22.676],[120.3669,22.6742],[120.3654,22.6717],[120.3638,22.6709],[120.3628,22.6697],[120.3602,22.6689],[120.3598,22.6696],[120.3572,22.6693],[120.3563,22.6714],[120.3545,22.6731],[120.353,22.673],[120.3511,22.6711],[120.3491,22.6706],[120.3485,22.6701],[120.346,22.6703],[120.3451,22.671],[120.341,22.673],[120.3395,22.6721],[120.3377,22.6735],[120.337,22.673],[120.3325,22.6722],[120.3302,22.6724],[120.328,22.6716],[120.327,22.6723],[120.3268,22.6739],[120.3277,22.6748],[120.3303,22.6759],[120.3292,22.6759],[120.3266,22.6749],[120.3263,22.6755],[120.3279,22.676],[120.3268,22.6787],[120.3266,22.6798],[120.3264,22.6804],[120.3234,22.6803],[120.3221,22.6816],[120.3242,22.6838],[120.3247,22.6852],[120.3237,22.6851],[120.3236,22.6863],[120.3229,22.6879],[120.3212,22.6902],[120.3204,22.6899],[120.3162,22.6935],[120.3168,22.6942],[120.3149,22.6959]]]}},{"type":"Feature","properties":{"name":"鳥松區"},"geometry":{"type":"Polygon","coordinates":[[[120.3778,22.6377],[120.3751,22.6437],[120.3759,22.6444],[120.3746,22.6475],[120.3721,22.6466],[120.371,22.6487],[120.3686,22.648],[120.3691,22.6466],[120.3671,22.6454],[120.3653,22.6453],[120.3649,22.6442],[120.3623,22.6457],[120.3619,22.6464],[120.3591,22.6475],[120.3584,22.647],[120.359,22.646],[120.3581,22.642],[120.3568,22.6437],[120.3548,22.6459],[120.3527,22.6474],[120.3513,22.6466],[120.3501,22.6478],[120.3479,22.6477],[120.3472,22.6473],[120.3464,22.6472],[120.3455,22.6462],[120.337,22.6525],[120.3374,22.6531],[120.3349,22.655],[120.3332,22.6574],[120.3315,22.6585],[120.3307,22.6601],[120.3325,22.6606],[120.3331,22.66],[120.3351,22.6596],[120.3366,22.66],[120.3352,22.6615],[120.3343,22.6641],[120.3333,22.6654],[120.3337,22.6662],[120.3374,22.6693],[120.3375,22.6699],[120.3395,22.671],[120.3395,22.6721],[120.341,22.673],[120.3451,22.671],[120.346,22.6703],[120.3485,22.6701],[120.3491,22.6706],[120.3511,22.6711],[120.353,22.673],[120.3545,22.6731],[120.3563,22.6714],[120.3572,22.6693],[120.3598,22.6696],[120.3602,22.6689],[120.3628,22.6697],[120.3638,22.6709],[120.3654,22.6717],[120.3669,22.6742],[120.3672,22.676],[120.3687,22.6761],[120.3701,22.677],[120.3701,22.6776],[120.3717,22.6801],[120.3738,22.6817],[120.3748,22.6839],[120.3764,22.6849],[120.3775,22.6852],[120.3794,22.6863],[120.3797,22.6876],[120.3793,22.689],[120.3812,22.6892],[120.3851,22.6923],[120.3864,22.6931],[120.388,22.6951],[120.3897,22.6966],[120.3902,22.6965],[120.3925,22.6947],[120.3923,22.6942],[120.3934,22.692],[120.3918,22.6894],[120.3908,22.6888],[120.3899,22.6872],[120.3898,22.6854],[120.3917,22.6849],[120.3922,22.6838],[120.3937,22.6839],[120.3944,22.6825],[120.3956,22.6822],[120.3977,22.6808],[120.3959,22.68],[120.3955,22.6788],[120.3961,22.6774],[120.3972,22.6771],[120.3971,22.6754],[120.3984,22.6734],[120.3982,22.6717],[120.3991,22.6711],[120.4006,22.6681],[120.4026,22.6662],[120.4026,22.664],[120.4024,22.6601],[120.4028,22.6598],[120.4016,22.658],[120.4016,22.6554],[120.3996,22.6522],[120.3998,22.6504],[120.4012,22.6496],[120.4017,22.6476],[120.4014,22.6465],[120.4001,22.6453],[120.4018,22.6442],[120.4014,22.643],[120.3984,22.6445],[120.3958,22.6446],[120.3949,22.644],[120.3934,22.6439],[120.3924,22.6432],[120.3901,22.6436],[120.3883,22.6422],[120.3864,22.6421],[120.3853,22.6415],[120.3845,22.642],[120.3813,22.6393],[120.3782,22.6386],[120.3778,22.6377]]]}},{"type":"Feature","properties":{"name":"岡山區"},"geometry":{"type":"Polygon","coordinates":[[[120.3509,22.8254],[120.3502,22.8247],[120.3488,22.8248],[120.3484,22.8238],[120.3469,22.8232],[120.3477,22.8224],[120.3472,22.8219],[120.3483,22.82],[120.3485,22.8186],[120.3501,22.8173],[120.3496,22.816],[120.3504,22.8154],[120.3499,22.814],[120.3487,22.8127],[120.3478,22.8131],[120.3476,22.8115],[120.3459,22.8118],[120.3448,22.8127],[120.3436,22.8112],[120.344,22.8107],[120.3444,22.8086],[120.3422,22.8089],[120.3407,22.8102],[120.3391,22.8088],[120.3381,22.8094],[120.3367,22.8091],[120.3361,22.8083],[120.3344,22.8077],[120.3331,22.8058],[120.3315,22.8046],[120.33,22.8051],[120.3287,22.8043],[120.328,22.8027],[120.3282,22.801],[120.3291,22.8008],[120.3272,22.8004],[120.3262,22.8024],[120.3251,22.8034],[120.3263,22.8041],[120.3259,22.8052],[120.3239,22.8051],[120.3242,22.8027],[120.3219,22.8003],[120.3203,22.8012],[120.3197,22.8003],[120.3196,22.7982],[120.3189,22.7963],[120.3177,22.7949],[120.315,22.795],[120.3136,22.7924],[120.3135,22.7912],[120.3144,22.7895],[120.3142,22.789],[120.3152,22.7876],[120.3168,22.7879],[120.3164,22.7858],[120.3166,22.7819],[120.3171,22.7803],[120.3158,22.7799],[120.3158,22.7788],[120.3151,22.7781],[120.3164,22.7772],[120.3174,22.7753],[120.3171,22.7747],[120.3152,22.774],[120.3149,22.7709],[120.3136,22.7708],[120.311,22.7734],[120.3093,22.7744],[120.3063,22.7728],[120.3049,22.7741],[120.3039,22.7768],[120.3027,22.7768],[120.3002,22.7777],[120.3002,22.7769],[120.2986,22.776],[120.2959,22.776],[120.2946,22.7707],[120.2935,22.7725],[120.2919,22.7729],[120.2899,22.7703],[120.2883,22.7702],[120.2873,22.7711],[120.2855,22.7712],[120.2849,22.7707],[120.2857,22.7695],[120.2852,22.7688],[120.2834,22.7694],[120.2826,22.7691],[120.2825,22.7671],[120.2807,22.7659],[120.2797,22.7661],[120.2795,22.7669],[120.2768,22.7681],[120.2748,22.7671],[120.2747,22.7686],[120.2734,22.7698],[120.2715,22.77],[120.2696,22.7708],[120.2691,22.7677],[120.2671,22.7676],[120.2669,22.7708],[120.2663,22.7708],[120.2634,22.7689],[120.2631,22.7701],[120.2588,22.7702],[120.2584,22.7725],[120.2593,22.7735],[120.2621,22.7757],[120.2595,22.7789],[120.2582,22.7784],[120.2577,22.779],[120.2551,22.7788],[120.2548,22.7801],[120.2557,22.7803],[120.255,22.7818],[120.255,22.7833],[120.2539,22.7865],[120.2533,22.7869],[120.2523,22.7894],[120.2524,22.7908],[120.2543,22.7912],[120.2545,22.7935],[120.2565,22.794],[120.2565,22.7954],[120.2579,22.7956],[120.2615,22.797],[120.2609,22.7995],[120.262,22.8003],[120.2614,22.8023],[120.2629,22.8028],[120.2609,22.8055],[120.2607,22.807],[120.259,22.8092],[120.2575,22.8079],[120.2548,22.8066],[120.2541,22.8074],[120.2539,22.8087],[120.2532,22.8087],[120.253,22.8099],[120.2538,22.8101],[120.2552,22.8113],[120.2565,22.814],[120.2551,22.8173],[120.2532,22.8181],[120.2535,22.8206],[120.2533,22.821],[120.2555,22.8238],[120.2547,22.825],[120.2581,22.8244],[120.2581,22.824],[120.2641,22.8232],[120.2682,22.8225],[120.267,22.8215],[120.2669,22.8203],[120.2692,22.8202],[120.2703,22.8205],[120.2723,22.8191],[120.2747,22.8166],[120.279,22.8168],[120.2801,22.8173],[120.2805,22.8185],[120.2834,22.8188],[120.2839,22.8209],[120.2842,22.8236],[120.285,22.8242],[120.2868,22.824],[120.2882,22.825],[120.2898,22.8254],[120.2911,22.8266],[120.2929,22.8269],[120.2941,22.8276],[120.2952,22.829],[120.2945,22.8303],[120.2936,22.8308],[120.2928,22.8323],[120.2915,22.833],[120.2923,22.8368],[120.2933,22.8373],[120.294,22.8396],[120.2944,22.8401],[120.2968,22.8399],[120.2997,22.8388],[120.3004,22.8371],[120.3031,22.8371],[120.3054,22.8355],[120.3075,22.8346],[120.3086,22.837],[120.3129,22.837],[120.3131,22.8362],[120.3174,22.8363],[120.3195,22.8412],[120.3214,22.8395],[120.3222,22.8399],[120.323,22.8392],[120.3249,22.8387],[120.326,22.8393],[120.3275,22.8385],[120.3277,22.8377],[120.3294,22.8368],[120.33,22.8353],[120.3326,22.8355],[120.3348,22.8353],[120.3365,22.8366],[120.3393,22.8363],[120.341,22.837],[120.3414,22.8382],[120.3441,22.8422],[120.345,22.8402],[120.3464,22.839],[120.347,22.8363],[120.3472,22.833],[120.3478,22.8314],[120.3458,22.8299],[120.3434,22.8298],[120.3421,22.8286],[120.3428,22.8277],[120.3445,22.828],[120.3469,22.8275],[120.3478,22.828],[120.3494,22.826],[120.3509,22.8254]]]}},{"type":"Feature","properties":{"name":"橋頭區"},"geometry":{"type":"Polygon","coordinates":[[[120.3311,22.7551],[120.3306,22.7553],[120.3273,22.7549],[120.3268,22.756],[120.325,22.756],[120.3248,22.7536],[120.3261,22.7523],[120.3252,22.7496],[120.3266,22.7482],[120.3247,22.7464],[120.3231,22.7444],[120.3258,22.7417],[120.323,22.7396],[120.3257,22.7359],[120.3247,22.7362],[120.3223,22.7339],[120.3222,22.7346],[120.3201,22.7346],[120.3173,22.7354],[120.316,22.7369],[120.3149,22.7367],[120.3126,22.7355],[120.3082,22.7362],[120.3099,22.7343],[120.3099,22.7331],[120.3112,22.7318],[120.3113,22.7307],[120.3102,22.7298],[120.3077,22.7299],[120.3053,22.7293],[120.3038,22.7304],[120.3016,22.7291],[120.3001,22.7297],[120.3,22.7316],[120.2992,22.7321],[120.2974,22.73],[120.2965,22.7284],[120.2952,22.7294],[120.2959,22.7306],[120.295,22.7328],[120.2935,22.7337],[120.2938,22.7346],[120.2923,22.7353],[120.2928,22.7363],[120.2913,22.7372],[120.2898,22.7367],[120.2857,22.7377],[120.285,22.7358],[120.2776,22.7379],[120.2762,22.7338],[120.2749,22.7336],[120.2752,22.7317],[120.2715,22.7308],[120.2709,22.7305],[120.2694,22.7317],[120.267,22.7297],[120.266,22.7299],[120.2665,22.731],[120.2655,22.7328],[120.2657,22.7342],[120.2651,22.7348],[120.2634,22.7351],[120.263,22.7356],[120.2638,22.7365],[120.2655,22.7374],[120.2663,22.7386],[120.2646,22.741],[120.266,22.7419],[120.2677,22.7419],[120.2693,22.7407],[120.2694,22.7423],[120.2711,22.7447],[120.272,22.7471],[120.2715,22.7486],[120.2725,22.7496],[120.2739,22.7503],[120.2743,22.7512],[120.2739,22.7535],[120.2756,22.7548],[120.276,22.7558],[120.2762,22.7585],[120.2759,22.7612],[120.2743,22.7636],[120.2753,22.7653],[120.2746,22.7661],[120.2748,22.7671],[120.2768,22.7681],[120.2795,22.7669],[120.2797,22.7661],[120.2807,22.7659],[120.2825,22.7671],[120.2826,22.7691],[120.2834,22.7694],[120.2852,22.7688],[120.2857,22.7695],[120.2849,22.7707],[120.2855,22.7712],[120.2873,22.7711],[120.2883,22.7702],[120.2899,22.7703],[120.2919,22.7729],[120.2935,22.7725],[120.2946,22.7707],[120.2959,22.776],[120.2986,22.776],[120.3002,22.7769],[120.3002,22.7777],[120.3027,22.7768],[120.3039,22.7768],[120.3049,22.7741],[120.3063,22.7728],[120.3093,22.7744],[120.311,22.7734],[120.3136,22.7708],[120.3149,22.7709],[120.3151,22.77],[120.3176,22.7686],[120.3193,22.7693],[120.3233,22.7686],[120.3297,22.7746],[120.331,22.7727],[120.3327,22.7683],[120.3326,22.7666],[120.3337,22.7644],[120.3339,22.763],[120.3347,22.7628],[120.335,22.7603],[120.3376,22.7577],[120.3364,22.7568],[120.3347,22.7572],[120.3336,22.7566],[120.3321,22.7571],[120.3313,22.7565],[120.3311,22.7551]]]}},{"type":"Feature","properties":{"name":"燕巢區"},"geometry":{"type":"Polygon","coordinates":[[[120.3361,22.7491],[120.3348,22.7495],[120.3344,22.7524],[120.3329,22.752],[120.3318,22.753],[120.3311,22.7551],[120.3313,22.7565],[120.3321,22.7571],[120.3336,22.7566],[120.3347,22.7572],[120.3364,22.7568],[120.3376,22.7577],[120.335,22.7603],[120.3347,22.7628],[120.3339,22.763],[120.3337,22.7644],[120.3326,22.7666],[120.3327,22.7683],[120.331,22.7727],[120.3297,22.7746],[120.3233,22.7686],[120.3193,22.7693],[120.3176,22.7686],[120.3151,22.77],[120.3149,22.7709],[120.3152,22.774],[120.3171,22.7747],[120.3174,22.7753],[120.3164,22.7772],[120.3151,22.7781],[120.3158,22.7788],[120.3158,22.7799],[120.3171,22.7803],[120.3166,22.7819],[120.3164,22.7858],[120.3168,22.7879],[120.3152,22.7876],[120.3142,22.789],[120.3144,22.7895],[120.3135,22.7912],[120.3136,22.7924],[120.315,22.795],[120.3177,22.7949],[120.3189,22.7963],[120.3196,22.7982],[120.3197,22.8003],[120.3203,22.8012],[120.3219,22.8003],[120.3242,22.8027],[120.3239,22.8051],[120.3259,22.8052],[120.3263,22.8041],[120.3251,22.8034],[120.3262,22.8024],[120.3272,22.8004],[120.3291,22.8008],[120.3282,22.801],[120.328,22.8027],[120.3287,22.8043],[120.33,22.8051],[120.3315,22.8046],[120.3331,22.8058],[120.3344,22.8077],[120.3361,22.8083],[120.3367,22.8091],[120.3381,22.8094],[120.3391,22.8088],[120.3407,22.8102],[120.3422,22.8089],[120.3444,22.8086],[120.344,22.8107],[120.3436,22.8112],[120.3448,22.8127],[120.3459,22.8118],[120.3476,22.8115],[120.3478,22.8131],[120.3487,22.8127],[120.3499,22.814],[120.3504,22.8154],[120.3496,22.816],[120.3501,22.8173],[120.3485,22.8186],[120.3483,22.82],[120.3472,22.8219],[120.3477,22.8224],[120.3469,22.8232],[120.3484,22.8238],[120.3488,22.8248],[120.3502,22.8247],[120.3509,22.8254],[120.3503,22.8269],[120.3539,22.8303],[120.3563,22.8303],[120.3581,22.8312],[120.3586,22.8308],[120.3602,22.8271],[120.3614,22.8265],[120.3616,22.8256],[120.3625,22.8253],[120.3634,22.8268],[120.365,22.8283],[120.3658,22.8277],[120.3665,22.8262],[120.3684,22.8261],[120.3688,22.8252],[120.3702,22.8255],[120.3712,22.8245],[120.3761,22.826],[120.3758,22.825],[120.378,22.8249],[120.3779,22.8242],[120.3801,22.8218],[120.3811,22.8197],[120.382,22.8198],[120.3831,22.8187],[120.3839,22.8204],[120.3846,22.8207],[120.3866,22.8194],[120.388,22.8178],[120.389,22.8187],[120.3906,22.8186],[120.3921,22.8175],[120.393,22.8178],[120.3943,22.8172],[120.3957,22.8173],[120.3959,22.8141],[120.3967,22.814],[120.3981,22.8159],[120.3999,22.8166],[120.4013,22.8165],[120.4042,22.8153],[120.4094,22.8157],[120.4102,22.815],[120.4099,22.8131],[120.4129,22.8107],[120.416,22.8107],[120.4172,22.8089],[120.418,22.8085],[120.4165,22.8075],[120.4154,22.8063],[120.4164,22.805],[120.4198,22.803],[120.4196,22.8024],[120.4205,22.8012],[120.4203,22.8],[120.4215,22.7992],[120.423,22.7966],[120.4222,22.796],[120.4218,22.7939],[120.4229,22.7933],[120.4237,22.7922],[120.4252,22.7919],[120.4253,22.7912],[120.4265,22.7914],[120.4291,22.7891],[120.4291,22.788],[120.43,22.787],[120.4316,22.7865],[120.4303,22.782],[120.4294,22.7812],[120.428,22.7787],[120.4285,22.7778],[120.4266,22.7773],[120.4261,22.7759],[120.4245,22.7748],[120.4222,22.7749],[120.4208,22.774],[120.4191,22.7747],[120.4185,22.7735],[120.4186,22.7725],[120.4177,22.7706],[120.4166,22.7698],[120.4161,22.7683],[120.4163,22.7665],[120.4174,22.7659],[120.4173,22.7643],[120.4158,22.7633],[120.4143,22.7613],[120.4138,22.7611],[120.4129,22.759],[120.4119,22.758],[120.4101,22.7588],[120.4092,22.7614],[120.408,22.7608],[120.4073,22.7612],[120.4077,22.763],[120.4064,22.7646],[120.4052,22.7664],[120.4037,22.7658],[120.4017,22.7661],[120.3989,22.7635],[120.399,22.7617],[120.3979,22.7616],[120.3967,22.7604],[120.3961,22.7616],[120.3942,22.7623],[120.3934,22.7619],[120.3908,22.7647],[120.3898,22.7629],[120.3884,22.7621],[120.3869,22.7632],[120.3839,22.7634],[120.3834,22.7605],[120.3821,22.7592],[120.3804,22.7587],[120.3803,22.7569],[120.3784,22.7571],[120.3782,22.7561],[120.3756,22.7558],[120.3744,22.755],[120.374,22.7515],[120.3732,22.7514],[120.372,22.7534],[120.3695,22.7532],[120.37,22.7521],[120.368,22.7499],[120.3667,22.7515],[120.3639,22.7514],[120.3631,22.7511],[120.3572,22.7518],[120.3546,22.7529],[120.353,22.7524],[120.3514,22.7525],[120.3483,22.7516],[120.3477,22.7526],[120.3467,22.7529],[120.3455,22.7549],[120.3445,22.7558],[120.3433,22.7551],[120.3443,22.7534],[120.3434,22.753],[120.3417,22.7539],[120.3405,22.7526],[120.3412,22.7508],[120.3412,22.7497],[120.3402,22.7491],[120.3391,22.7474],[120.3372,22.7492],[120.3361,22.7491]]]}},{"type":"Feature","properties":{"name":"田寮區"},"geometry":{"type":"Polygon","coordinates":[[[120.3509,22.8254],[120.3494,22.826],[120.3478,22.828],[120.3469,22.8275],[120.3445,22.828],[120.3428,22.8277],[120.3421,22.8286],[120.3434,22.8298],[120.3458,22.8299],[120.3478,22.8314],[120.3472,22.833],[120.347,22.8363],[120.3464,22.839],[120.345,22.8402],[120.3441,22.8422],[120.3446,22.8468],[120.3441,22.8509],[120.3455,22.8538],[120.3453,22.8552],[120.3466,22.8572],[120.3466,22.8582],[120.3484,22.8601],[120.3481,22.8613],[120.3487,22.8629],[120.3496,22.8641],[120.3501,22.8665],[120.3518,22.8676],[120.3523,22.8693],[120.3548,22.871],[120.3556,22.8719],[120.3569,22.8747],[120.3564,22.8764],[120.355,22.8778],[120.3549,22.8795],[120.3555,22.8802],[120.3575,22.8805],[120.3579,22.8819],[120.3561,22.883],[120.3569,22.8861],[120.3563,22.8867],[120.355,22.8865],[120.353,22.887],[120.3522,22.8858],[120.3539,22.884],[120.3528,22.8829],[120.3514,22.8822],[120.3496,22.8829],[120.349,22.8841],[120.3493,22.8858],[120.3504,22.8877],[120.3511,22.8882],[120.3521,22.8877],[120.3516,22.889],[120.3521,22.8894],[120.3545,22.89],[120.3546,22.891],[120.3534,22.8911],[120.3534,22.8924],[120.3552,22.8918],[120.3546,22.8925],[120.3551,22.8938],[120.3564,22.8927],[120.3577,22.8946],[120.358,22.8959],[120.361,22.8979],[120.3615,22.8989],[120.3614,22.9007],[120.3605,22.8996],[120.3592,22.9002],[120.3595,22.9014],[120.3609,22.9015],[120.362,22.9009],[120.3625,22.902],[120.3634,22.9023],[120.3642,22.9018],[120.366,22.9022],[120.3657,22.9045],[120.3673,22.9052],[120.3682,22.904],[120.369,22.9057],[120.3711,22.9072],[120.3716,22.9064],[120.3725,22.9067],[120.3724,22.908],[120.3731,22.9093],[120.3717,22.9108],[120.3712,22.9123],[120.3717,22.9128],[120.3729,22.9124],[120.3738,22.9141],[120.3768,22.9149],[120.3765,22.9161],[120.3771,22.9167],[120.3776,22.9182],[120.3804,22.9186],[120.3805,22.9201],[120.3818,22.9199],[120.3819,22.9211],[120.3832,22.9199],[120.3851,22.9189],[120.3869,22.9183],[120.3887,22.9206],[120.3892,22.9203],[120.3907,22.9217],[120.3922,22.9223],[120.3939,22.9221],[120.3959,22.9228],[120.399,22.9223],[120.3999,22.9214],[120.4004,22.919],[120.4019,22.9182],[120.4053,22.9182],[120.4059,22.9166],[120.4057,22.9158],[120.4063,22.9146],[120.4087,22.9123],[120.4077,22.9107],[120.4081,22.9098],[120.4099,22.9097],[120.4112,22.9088],[120.4136,22.9077],[120.4141,22.9091],[120.4149,22.9098],[120.4161,22.91],[120.4173,22.9084],[120.4166,22.9069],[120.417,22.9061],[120.4165,22.9052],[120.4181,22.9049],[120.4189,22.9057],[120.4194,22.9053],[120.4192,22.9041],[120.4202,22.9032],[120.4206,22.9038],[120.4218,22.9033],[120.4213,22.9028],[120.4219,22.9019],[120.4213,22.9009],[120.4217,22.8994],[120.4229,22.9003],[120.4238,22.8995],[120.4238,22.8966],[120.4228,22.8961],[120.4221,22.8935],[120.4232,22.8939],[120.4246,22.8928],[120.4257,22.8937],[120.4266,22.8934],[120.4278,22.894],[120.4282,22.8952],[120.4298,22.8958],[120.43,22.8945],[120.4312,22.8926],[120.432,22.8922],[120.4327,22.891],[120.4328,22.8869],[120.4339,22.8868],[120.4356,22.886],[120.4389,22.8855],[120.4414,22.8867],[120.443,22.8856],[120.4431,22.8839],[120.4426,22.8823],[120.4431,22.881],[120.4429,22.8792],[120.4449,22.8781],[120.4459,22.876],[120.4468,22.875],[120.4485,22.8742],[120.4469,22.8722],[120.4451,22.8711],[120.4444,22.8701],[120.4435,22.8699],[120.443,22.8685],[120.4442,22.8678],[120.4447,22.8667],[120.4462,22.8663],[120.444,22.8647],[120.443,22.8626],[120.4432,22.8606],[120.4445,22.8596],[120.4442,22.8587],[120.4451,22.8572],[120.4447,22.8564],[120.4452,22.8546],[120.446,22.8531],[120.4469,22.8506],[120.4481,22.8501],[120.4496,22.8478],[120.4473,22.8459],[120.4468,22.8437],[120.4446,22.8425],[120.4437,22.8397],[120.4428,22.839],[120.4417,22.8388],[120.4398,22.8378],[120.4391,22.8365],[120.4381,22.8362],[120.4365,22.8349],[120.4358,22.8336],[120.4338,22.8319],[120.4329,22.832],[120.433,22.8303],[120.432,22.8283],[120.4311,22.8274],[120.4305,22.8259],[120.4268,22.8244],[120.4275,22.8218],[120.4264,22.8192],[120.4253,22.8186],[120.4239,22.8191],[120.4227,22.8169],[120.4218,22.8163],[120.4216,22.8127],[120.4212,22.8116],[120.418,22.8085],[120.4172,22.8089],[120.416,22.8107],[120.4129,22.8107],[120.4099,22.8131],[120.4102,22.815],[120.4094,22.8157],[120.4042,22.8153],[120.4013,22.8165],[120.3999,22.8166],[120.3981,22.8159],[120.3967,22.814],[120.3959,22.8141],[120.3957,22.8173],[120.3943,22.8172],[120.393,22.8178],[120.3921,22.8175],[120.3906,22.8186],[120.389,22.8187],[120.388,22.8178],[120.3866,22.8194],[120.3846,22.8207],[120.3839,22.8204],[120.3831,22.8187],[120.382,22.8198],[120.3811,22.8197],[120.3801,22.8218],[120.3779,22.8242],[120.378,22.8249],[120.3758,22.825],[120.3761,22.826],[120.3712,22.8245],[120.3702,22.8255],[120.3688,22.8252],[120.3684,22.8261],[120.3665,22.8262],[120.3658,22.8277],[120.365,22.8283],[120.3634,22.8268],[120.3625,22.8253],[120.3616,22.8256],[120.3614,22.8265],[120.3602,22.8271],[120.3586,22.8308],[120.3581,22.8312],[120.3563,22.8303],[120.3539,22.8303],[120.3503,22.8269],[120.3509,22.8254]]]}},{"type":"Feature","properties":{"name":"阿蓮區"},"geometry":{"type":"Polygon","coordinates":[[[120.3441,22.8422],[120.3414,22.8382],[120.341,22.837],[120.3393,22.8363],[120.3365,22.8366],[120.3348,22.8353],[120.3326,22.8355],[120.33,22.8353],[120.3294,22.8368],[120.3277,22.8377],[120.3275,22.8385],[120.326,22.8393],[120.3249,22.8387],[120.323,22.8392],[120.3222,22.8399],[120.3214,22.8395],[120.3195,22.8412],[120.3174,22.8363],[120.3131,22.8362],[120.3129,22.837],[120.3086,22.837],[120.3075,22.8346],[120.3054,22.8355],[120.3031,22.8371],[120.3004,22.8371],[120.2997,22.8388],[120.2968,22.8399],[120.2944,22.8401],[120.294,22.8396],[120.2934,22.8414],[120.2937,22.8422],[120.2959,22.8428],[120.2973,22.8436],[120.2973,22.8448],[120.2988,22.8489],[120.3017,22.8506],[120.3042,22.8518],[120.3053,22.8516],[120.3061,22.8529],[120.306,22.8543],[120.3047,22.8572],[120.3066,22.8607],[120.3068,22.8621],[120.3062,22.8635],[120.306,22.8652],[120.3042,22.8662],[120.3042,22.8684],[120.3045,22.8715],[120.3037,22.8725],[120.3052,22.874],[120.3049,22.8764],[120.3041,22.878],[120.3045,22.8812],[120.3039,22.8817],[120.3019,22.8821],[120.3018,22.8834],[120.3001,22.8837],[120.2999,22.8817],[120.2923,22.8822],[120.2925,22.8861],[120.2909,22.8865],[120.2893,22.8854],[120.2888,22.8864],[120.2893,22.8879],[120.2882,22.8898],[120.2881,22.8918],[120.2865,22.8933],[120.2831,22.8932],[120.279,22.8944],[120.2781,22.8953],[120.2782,22.8962],[120.2795,22.8963],[120.2793,22.8984],[120.278,22.9013],[120.2777,22.9036],[120.278,22.9044],[120.2799,22.9049],[120.2845,22.9047],[120.2933,22.9029],[120.2991,22.9011],[120.3034,22.9004],[120.3091,22.9006],[120.3135,22.8999],[120.3157,22.8991],[120.3165,22.8985],[120.3183,22.896],[120.3201,22.895],[120.3209,22.8956],[120.324,22.9002],[120.3249,22.9005],[120.327,22.8985],[120.3286,22.8947],[120.3308,22.8907],[120.3325,22.8893],[120.335,22.8895],[120.3413,22.8893],[120.3428,22.8897],[120.3451,22.8895],[120.3489,22.8906],[120.3497,22.8904],[120.351,22.8892],[120.3511,22.8882],[120.3504,22.8877],[120.3493,22.8858],[120.349,22.8841],[120.3496,22.8829],[120.3514,22.8822],[120.3528,22.8829],[120.3539,22.884],[120.3522,22.8858],[120.353,22.887],[120.355,22.8865],[120.3563,22.8867],[120.3569,22.8861],[120.3561,22.883],[120.3579,22.8819],[120.3575,22.8805],[120.3555,22.8802],[120.3549,22.8795],[120.355,22.8778],[120.3564,22.8764],[120.3569,22.8747],[120.3556,22.8719],[120.3548,22.871],[120.3523,22.8693],[120.3518,22.8676],[120.3501,22.8665],[120.3496,22.8641],[120.3487,22.8629],[120.3481,22.8613],[120.3484,22.8601],[120.3466,22.8582],[120.3466,22.8572],[120.3453,22.8552],[120.3455,22.8538],[120.3441,22.8509],[120.3446,22.8468],[120.3441,22.8422]]]}},{"type":"Feature","properties":{"name":"路竹區"},"geometry":{"type":"Polygon","coordinates":[[[120.294,22.8396],[120.2933,22.8373],[120.2923,22.8368],[120.2915,22.833],[120.2928,22.8323],[120.2936,22.8308],[120.2945,22.8303],[120.2952,22.829],[120.2941,22.8276],[120.2929,22.8269],[120.2911,22.8266],[120.2898,22.8254],[120.2882,22.825],[120.2868,22.824],[120.285,22.8242],[120.2842,22.8236],[120.2839,22.8209],[120.2834,22.8188],[120.2805,22.8185],[120.2801,22.8173],[120.279,22.8168],[120.2747,22.8166],[120.2723,22.8191],[120.2703,22.8205],[120.2692,22.8202],[120.2669,22.8203],[120.267,22.8215],[120.2682,22.8225],[120.2641,22.8232],[120.2581,22.824],[120.2581,22.8244],[120.2547,22.825],[120.2539,22.8267],[120.2569,22.8283],[120.255,22.8315],[120.2502,22.829],[120.2496,22.83],[120.2471,22.8293],[120.2453,22.8295],[120.2435,22.8292],[120.2427,22.8317],[120.241,22.8322],[120.2402,22.8343],[120.2401,22.8357],[120.2393,22.8353],[120.2389,22.8381],[120.2363,22.84],[120.2318,22.839],[120.2292,22.8422],[120.2288,22.8421],[120.2295,22.8403],[120.2267,22.8392],[120.2238,22.8454],[120.22,22.8468],[120.218,22.8484],[120.2134,22.8512],[120.2186,22.8571],[120.2194,22.8624],[120.2206,22.8646],[120.2174,22.8658],[120.2176,22.8667],[120.2168,22.8671],[120.2185,22.8705],[120.2199,22.8706],[120.2212,22.8708],[120.2227,22.8722],[120.2251,22.8728],[120.2276,22.8726],[120.2288,22.8707],[120.2308,22.8684],[120.2324,22.8689],[120.2331,22.8683],[120.2351,22.8699],[120.2369,22.8707],[120.2379,22.8692],[120.2398,22.869],[120.2404,22.8683],[120.2417,22.8688],[120.2417,22.8696],[120.2438,22.8706],[120.2436,22.8716],[120.2448,22.8719],[120.2472,22.8713],[120.2489,22.872],[120.2509,22.8722],[120.2526,22.8737],[120.2539,22.8739],[120.2526,22.8771],[120.2529,22.8784],[120.2524,22.8821],[120.2529,22.8821],[120.2526,22.8845],[120.2551,22.8845],[120.2564,22.885],[120.2595,22.8854],[120.2597,22.8874],[120.2607,22.8892],[120.2609,22.8908],[120.2596,22.8931],[120.2588,22.8954],[120.2586,22.8972],[120.2569,22.899],[120.2569,22.9001],[120.2579,22.9016],[120.2605,22.9017],[120.2637,22.8999],[120.2667,22.8987],[120.2698,22.8967],[120.2727,22.8955],[120.2743,22.8952],[120.2766,22.8955],[120.2764,22.8961],[120.2782,22.8962],[120.2781,22.8953],[120.279,22.8944],[120.2831,22.8932],[120.2865,22.8933],[120.2881,22.8918],[120.2882,22.8898],[120.2893,22.8879],[120.2888,22.8864],[120.2893,22.8854],[120.2909,22.8865],[120.2925,22.8861],[120.2923,22.8822],[120.2999,22.8817],[120.3001,22.8837],[120.3018,22.8834],[120.3019,22.8821],[120.3039,22.8817],[120.3045,22.8812],[120.3041,22.878],[120.3049,22.8764],[120.3052,22.874],[120.3037,22.8725],[120.3045,22.8715],[120.3042,22.8684],[120.3042,22.8662],[120.306,22.8652],[120.3062,22.8635],[120.3068,22.8621],[120.3066,22.8607],[120.3047,22.8572],[120.306,22.8543],[120.3061,22.8529],[120.3053,22.8516],[120.3042,22.8518],[120.3017,22.8506],[120.2988,22.8489],[120.2973,22.8448],[120.2973,22.8436],[120.2959,22.8428],[120.2937,22.8422],[120.2934,22.8414],[120.294,22.8396]]]}},{"type":"Feature","properties":{"name":"湖內區"},"geometry":{"type":"Polygon","coordinates":[[[120.2588,22.8954],[120.2596,22.8931],[120.2609,22.8908],[120.2607,22.8892],[120.2597,22.8874],[120.2595,22.8854],[120.2564,22.885],[120.2551,22.8845],[120.2526,22.8845],[120.2529,22.8821],[120.2524,22.8821],[120.2529,22.8784],[120.2526,22.8771],[120.2539,22.8739],[120.2526,22.8737],[120.2509,22.8722],[120.2489,22.872],[120.2472,22.8713],[120.2448,22.8719],[120.2436,22.8716],[120.2438,22.8706],[120.2417,22.8696],[120.2417,22.8688],[120.2404,22.8683],[120.2398,22.869],[120.2379,22.8692],[120.2369,22.8707],[120.2351,22.8699],[120.2331,22.8683],[120.2324,22.8689],[120.2308,22.8684],[120.2288,22.8707],[120.2276,22.8726],[120.2251,22.8728],[120.2227,22.8722],[120.2212,22.8708],[120.2199,22.8706],[120.22,22.8712],[120.2186,22.8716],[120.2183,22.8813],[120.2149,22.882],[120.2132,22.8821],[120.2112,22.8826],[120.2097,22.8823],[120.2069,22.8838],[120.206,22.8839],[120.2038,22.8823],[120.2048,22.8842],[120.2073,22.8846],[120.2095,22.8855],[120.2103,22.8863],[120.2107,22.8885],[120.2098,22.8908],[120.2087,22.8924],[120.2071,22.8935],[120.2049,22.8932],[120.2042,22.8925],[120.2033,22.8878],[120.2024,22.8873],[120.2006,22.8885],[120.199,22.8905],[120.1978,22.8938],[120.1969,22.8984],[120.1976,22.9001],[120.1966,22.9024],[120.1974,22.9027],[120.1976,22.9008],[120.1998,22.9011],[120.1991,22.9066],[120.2,22.9068],[120.1981,22.9082],[120.1924,22.9108],[120.1905,22.9134],[120.19,22.9178],[120.1877,22.9202],[120.1892,22.9207],[120.191,22.9205],[120.192,22.9212],[120.1959,22.9196],[120.2018,22.9157],[120.2039,22.9149],[120.206,22.9147],[120.2081,22.9152],[120.2111,22.9125],[120.2144,22.9105],[120.2181,22.9096],[120.2201,22.9096],[120.2225,22.9114],[120.2267,22.9163],[120.2287,22.917],[120.2304,22.9167],[120.2317,22.9154],[120.2314,22.9123],[120.2316,22.9087],[120.2321,22.9067],[120.2332,22.9054],[120.2362,22.9051],[120.2401,22.9043],[120.2429,22.9035],[120.2453,22.9013],[120.2476,22.8982],[120.2496,22.8966],[120.2526,22.8949],[120.2541,22.8943],[120.2565,22.894],[120.2588,22.8954]]]}},{"type":"Feature","properties":{"name":"旗山區"},"geometry":{"type":"Polygon","coordinates":[[[120.5053,22.8315],[120.5034,22.8317],[120.5,22.8313],[120.4977,22.8317],[120.4964,22.8325],[120.494,22.8368],[120.4927,22.8373],[120.4914,22.8369],[120.4928,22.8357],[120.4908,22.8353],[120.4883,22.8358],[120.4854,22.8355],[120.4823,22.836],[120.4817,22.8373],[120.4804,22.8377],[120.4791,22.8368],[120.4773,22.838],[120.4763,22.8382],[120.4742,22.8369],[120.4722,22.834],[120.47,22.8315],[120.4688,22.8307],[120.4692,22.825],[120.4675,22.8224],[120.4673,22.8184],[120.4674,22.8155],[120.4655,22.8128],[120.4651,22.8075],[120.4644,22.8042],[120.464,22.8003],[120.4626,22.7966],[120.4614,22.7945],[120.46,22.7905],[120.4575,22.7855],[120.456,22.7802],[120.4557,22.7751],[120.4554,22.7737],[120.4543,22.7718],[120.4534,22.7718],[120.4506,22.7728],[120.4475,22.7729],[120.4465,22.7724],[120.444,22.7726],[120.4421,22.7733],[120.4386,22.7729],[120.4366,22.7736],[120.4355,22.7736],[120.432,22.7743],[120.4311,22.7742],[120.4293,22.7764],[120.4285,22.7778],[120.428,22.7787],[120.4294,22.7812],[120.4303,22.782],[120.4316,22.7865],[120.43,22.787],[120.4291,22.788],[120.4291,22.7891],[120.4265,22.7914],[120.4253,22.7912],[120.4252,22.7919],[120.4237,22.7922],[120.4229,22.7933],[120.4218,22.7939],[120.4222,22.796],[120.423,22.7966],[120.4215,22.7992],[120.4203,22.8],[120.4205,22.8012],[120.4196,22.8024],[120.4198,22.803],[120.4164,22.805],[120.4154,22.8063],[120.4165,22.8075],[120.418,22.8085],[120.4212,22.8116],[120.4216,22.8127],[120.4218,22.8163],[120.4227,22.8169],[120.4239,22.8191],[120.4253,22.8186],[120.4264,22.8192],[120.4275,22.8218],[120.4268,22.8244],[120.4305,22.8259],[120.4311,22.8274],[120.432,22.8283],[120.433,22.8303],[120.4329,22.832],[120.4338,22.8319],[120.4358,22.8336],[120.4365,22.8349],[120.4381,22.8362],[120.4391,22.8365],[120.4398,22.8378],[120.4417,22.8388],[120.4428,22.839],[120.4437,22.8397],[120.4446,22.8425],[120.4468,22.8437],[120.4473,22.8459],[120.4496,22.8478],[120.4481,22.8501],[120.4469,22.8506],[120.446,22.8531],[120.4452,22.8546],[120.4447,22.8564],[120.4451,22.8572],[120.4442,22.8587],[120.4445,22.8596],[120.4432,22.8606],[120.443,22.8626],[120.444,22.8647],[120.4462,22.8663],[120.4447,22.8667],[120.4442,22.8678],[120.443,22.8685],[120.4435,22.8699],[120.4444,22.8701],[120.4451,22.8711],[120.4469,22.8722],[120.4485,22.8742],[120.4468,22.875],[120.4459,22.876],[120.4449,22.8781],[120.4429,22.8792],[120.4431,22.881],[120.4426,22.8823],[120.4431,22.8839],[120.443,22.8856],[120.4441,22.8865],[120.4463,22.8873],[120.4479,22.887],[120.4491,22.8874],[120.4498,22.8869],[120.4519,22.8868],[120.4535,22.8881],[120.4557,22.8885],[120.4581,22.8887],[120.4586,22.8883],[120.4604,22.8904],[120.4627,22.8917],[120.4633,22.893],[120.4643,22.8935],[120.4647,22.8928],[120.4674,22.8914],[120.4685,22.8922],[120.4699,22.8942],[120.4697,22.8963],[120.4691,22.8971],[120.4692,22.8987],[120.4706,22.9017],[120.4717,22.9029],[120.4715,22.9035],[120.4739,22.9073],[120.4751,22.9085],[120.4748,22.9095],[120.4769,22.9115],[120.4769,22.9127],[120.4783,22.9139],[120.4799,22.9146],[120.4799,22.9169],[120.4812,22.9176],[120.4812,22.9185],[120.482,22.9201],[120.4813,22.9223],[120.4799,22.9232],[120.4799,22.924],[120.4818,22.9247],[120.4829,22.9257],[120.4833,22.928],[120.4829,22.9289],[120.4815,22.9302],[120.4812,22.9326],[120.4817,22.9344],[120.4816,22.9356],[120.4831,22.9386],[120.4831,22.9399],[120.4837,22.9397],[120.4846,22.9382],[120.4846,22.9374],[120.4871,22.9333],[120.4886,22.9326],[120.4908,22.933],[120.491,22.932],[120.4942,22.9318],[120.4951,22.9332],[120.4958,22.9332],[120.4961,22.9347],[120.4978,22.9369],[120.4979,22.9404],[120.4995,22.9421],[120.4992,22.9435],[120.4993,22.9466],[120.4984,22.9482],[120.4991,22.9491],[120.5008,22.9501],[120.5005,22.9506],[120.5022,22.9517],[120.5035,22.9516],[120.5063,22.9549],[120.5085,22.9566],[120.5099,22.9568],[120.5108,22.9583],[120.5094,22.9608],[120.5099,22.962],[120.5085,22.9646],[120.5095,22.9655],[120.5102,22.9674],[120.5094,22.9683],[120.5101,22.9723],[120.5108,22.9731],[120.5112,22.975],[120.5118,22.9758],[120.5132,22.9762],[120.5148,22.9772],[120.5154,22.9769],[120.5166,22.9778],[120.5179,22.9776],[120.5192,22.9781],[120.5197,22.9801],[120.5203,22.9801],[120.5209,22.979],[120.5222,22.978],[120.5246,22.9787],[120.5271,22.9775],[120.5287,22.976],[120.5292,22.9736],[120.5276,22.9697],[120.5267,22.9683],[120.5247,22.9669],[120.5237,22.965],[120.5222,22.9606],[120.5242,22.9526],[120.5236,22.9516],[120.5213,22.9514],[120.5196,22.9499],[120.5191,22.9477],[120.5191,22.9457],[120.5207,22.9434],[120.521,22.9415],[120.5206,22.9403],[120.5192,22.9393],[120.5194,22.9367],[120.5206,22.9353],[120.5227,22.9321],[120.5239,22.9297],[120.5239,22.9289],[120.523,22.9274],[120.5205,22.9248],[120.5195,22.923],[120.5191,22.9211],[120.5169,22.9184],[120.5162,22.9165],[120.5145,22.9158],[120.516,22.9141],[120.5166,22.9128],[120.5165,22.9113],[120.5154,22.9096],[120.5127,22.9088],[120.5106,22.9072],[120.5097,22.9054],[120.5076,22.9039],[120.5056,22.9013],[120.5053,22.8985],[120.5067,22.8976],[120.5072,22.896],[120.5078,22.8962],[120.5086,22.8949],[120.5072,22.891],[120.5077,22.887],[120.5056,22.886],[120.5051,22.8831],[120.5041,22.8822],[120.5031,22.88],[120.5034,22.8781],[120.503,22.8775],[120.5019,22.8777],[120.5036,22.8747],[120.5028,22.8731],[120.5021,22.8732],[120.5024,22.8718],[120.4982,22.8711],[120.4971,22.8686],[120.496,22.8674],[120.4953,22.8651],[120.4966,22.8652],[120.4989,22.8649],[120.4994,22.8639],[120.5038,22.8633],[120.505,22.8638],[120.5069,22.8633],[120.5103,22.863],[120.5112,22.8625],[120.5163,22.8625],[120.5172,22.8624],[120.5178,22.8595],[120.5196,22.8589],[120.5185,22.8443],[120.5181,22.8433],[120.5146,22.8434],[120.5108,22.8421],[120.5078,22.8421],[120.5078,22.8366],[120.5075,22.8346],[120.5053,22.8315]]]}},{"type":"Feature","properties":{"name":"美濃區"},"geometry":{"type":"Polygon","coordinates":[[[120.5667,22.8383],[120.5636,22.8353],[120.5615,22.8338],[120.5576,22.8321],[120.5542,22.8288],[120.5523,22.8283],[120.548,22.8284],[120.5441,22.8298],[120.5422,22.8294],[120.5414,22.8296],[120.5365,22.8293],[120.535,22.8297],[120.534,22.8306],[120.531,22.8308],[120.5298,22.8317],[120.5306,22.833],[120.5275,22.8322],[120.5243,22.832],[120.5235,22.8329],[120.5201,22.8324],[120.5199,22.8314],[120.5157,22.8316],[120.5136,22.8308],[120.51,22.8285],[120.5089,22.8296],[120.5055,22.8311],[120.5053,22.8315],[120.5075,22.8346],[120.5078,22.8366],[120.5078,22.8421],[120.5108,22.8421],[120.5146,22.8434],[120.5181,22.8433],[120.5185,22.8443],[120.5196,22.8589],[120.5178,22.8595],[120.5172,22.8624],[120.5163,22.8625],[120.5112,22.8625],[120.5103,22.863],[120.5069,22.8633],[120.505,22.8638],[120.5038,22.8633],[120.4994,22.8639],[120.4989,22.8649],[120.4966,22.8652],[120.4953,22.8651],[120.496,22.8674],[120.4971,22.8686],[120.4982,22.8711],[120.5024,22.8718],[120.5021,22.8732],[120.5028,22.8731],[120.5036,22.8747],[120.5019,22.8777],[120.503,22.8775],[120.5034,22.8781],[120.5031,22.88],[120.5041,22.8822],[120.5051,22.8831],[120.5056,22.886],[120.5077,22.887],[120.5072,22.891],[120.5086,22.8949],[120.5078,22.8962],[120.5072,22.896],[120.5067,22.8976],[120.5053,22.8985],[120.5056,22.9013],[120.5076,22.9039],[120.5097,22.9054],[120.5106,22.9072],[120.5127,22.9088],[120.5154,22.9096],[120.5165,22.9113],[120.5204,22.9135],[120.523,22.9135],[120.5247,22.9155],[120.527,22.9162],[120.5273,22.9168],[120.5273,22.9194],[120.5282,22.9217],[120.5303,22.9224],[120.5323,22.9247],[120.5341,22.9245],[120.5357,22.9248],[120.5372,22.9263],[120.5368,22.9279],[120.5392,22.93],[120.5395,22.9311],[120.5413,22.9329],[120.5435,22.9345],[120.5466,22.9351],[120.5478,22.9357],[120.5488,22.9371],[120.5498,22.9376],[120.5509,22.9398],[120.5519,22.941],[120.554,22.9412],[120.5559,22.9423],[120.5576,22.9419],[120.5601,22.9409],[120.5615,22.9411],[120.5655,22.9399],[120.5669,22.9409],[120.5691,22.941],[120.572,22.9424],[120.5743,22.9447],[120.5752,22.9472],[120.5744,22.9482],[120.5745,22.9498],[120.5762,22.9508],[120.5767,22.953],[120.5763,22.9546],[120.5755,22.9559],[120.5736,22.9577],[120.5744,22.9606],[120.5762,22.9628],[120.5772,22.9647],[120.5806,22.9679],[120.582,22.9698],[120.5831,22.9706],[120.5844,22.9707],[120.5863,22.9723],[120.5872,22.9726],[120.5882,22.9738],[120.5898,22.9749],[120.5907,22.9749],[120.5933,22.9733],[120.5952,22.9734],[120.5965,22.9731],[120.6002,22.9737],[120.6012,22.9778],[120.6024,22.9804],[120.6046,22.981],[120.6041,22.9817],[120.6055,22.9834],[120.607,22.982],[120.6082,22.9813],[120.6094,22.9795],[120.6144,22.9787],[120.62,22.979],[120.6225,22.9779],[120.6237,22.978],[120.6256,22.9765],[120.6275,22.9737],[120.6283,22.9709],[120.6278,22.9698],[120.628,22.9685],[120.6274,22.9677],[120.6274,22.9663],[120.6265,22.9639],[120.6271,22.9621],[120.627,22.9609],[120.6263,22.9596],[120.6265,22.959],[120.6259,22.9553],[120.6252,22.953],[120.6242,22.9519],[120.6241,22.9508],[120.6257,22.9494],[120.6264,22.9446],[120.6254,22.9429],[120.6227,22.9415],[120.6212,22.9398],[120.622,22.9375],[120.6215,22.9365],[120.62,22.9349],[120.6188,22.9344],[120.6181,22.9326],[120.6167,22.931],[120.6173,22.9293],[120.6162,22.9242],[120.6161,22.9233],[120.613,22.9201],[120.611,22.92],[120.6091,22.9209],[120.6081,22.9226],[120.606,22.9218],[120.6032,22.9217],[120.6019,22.9208],[120.6035,22.9193],[120.6038,22.9175],[120.6036,22.9164],[120.6021,22.914],[120.6021,22.912],[120.601,22.9098],[120.6003,22.9093],[120.5979,22.9087],[120.597,22.9071],[120.6004,22.9052],[120.5991,22.9026],[120.5971,22.901],[120.596,22.8967],[120.5971,22.8957],[120.597,22.8937],[120.5959,22.8924],[120.5967,22.8901],[120.5974,22.8892],[120.5961,22.8875],[120.5971,22.8857],[120.5969,22.8848],[120.5957,22.884],[120.5951,22.882],[120.593,22.8805],[120.5939,22.8789],[120.5935,22.8775],[120.5927,22.8762],[120.5935,22.8753],[120.5923,22.8741],[120.5924,22.8728],[120.5931,22.8721],[120.5942,22.8696],[120.5943,22.868],[120.5951,22.8676],[120.5956,22.8652],[120.5952,22.8636],[120.5856,22.8565],[120.5748,22.8482],[120.5707,22.8444],[120.5696,22.8431],[120.5667,22.8383]]]}},{"type":"Feature","properties":{"name":"六龜區"},"geometry":{"type":"Polygon","coordinates":[[[120.6477,22.8796],[120.6476,22.8807],[120.6465,22.8838],[120.645,22.8852],[120.6404,22.8831],[120.637,22.8823],[120.6344,22.8807],[120.6304,22.8799],[120.626,22.8783],[120.6225,22.8763],[120.6206,22.8756],[120.6167,22.8768],[120.6151,22.8767],[120.613,22.8761],[120.6058,22.8732],[120.6023,22.8707],[120.5981,22.8669],[120.5952,22.8636],[120.5956,22.8652],[120.5951,22.8676],[120.5943,22.868],[120.5942,22.8696],[120.5931,22.8721],[120.5924,22.8728],[120.5923,22.8741],[120.5935,22.8753],[120.5927,22.8762],[120.5935,22.8775],[120.5939,22.8789],[120.593,22.8805],[120.5951,22.882],[120.5957,22.884],[120.5969,22.8848],[120.5971,22.8857],[120.5961,22.8875],[120.5974,22.8892],[120.5967,22.8901],[120.5959,22.8924],[120.597,22.8937],[120.5971,22.8957],[120.596,22.8967],[120.5971,22.901],[120.5991,22.9026],[120.6004,22.9052],[120.597,22.9071],[120.5979,22.9087],[120.6003,22.9093],[120.601,22.9098],[120.6021,22.912],[120.6021,22.914],[120.6036,22.9164],[120.6038,22.9175],[120.6035,22.9193],[120.6019,22.9208],[120.6032,22.9217],[120.606,22.9218],[120.6081,22.9226],[120.6091,22.9209],[120.611,22.92],[120.613,22.9201],[120.6161,22.9233],[120.6162,22.9242],[120.6173,22.9293],[120.6167,22.931],[120.6181,22.9326],[120.6188,22.9344],[120.62,22.9349],[120.6215,22.9365],[120.622,22.9375],[120.6212,22.9398],[120.6227,22.9415],[120.6254,22.9429],[120.6264,22.9446],[120.6257,22.9494],[120.6241,22.9508],[120.6242,22.9519],[120.6252,22.953],[120.6259,22.9553],[120.6265,22.959],[120.6263,22.9596],[120.627,22.9609],[120.6271,22.9621],[120.6265,22.9639],[120.6274,22.9663],[120.6274,22.9677],[120.628,22.9685],[120.6278,22.9698],[120.6283,22.9709],[120.6275,22.9737],[120.6256,22.9765],[120.6237,22.978],[120.6216,22.9829],[120.6211,22.9858],[120.62,22.9868],[120.6195,22.9889],[120.6202,22.991],[120.6196,22.9932],[120.6196,22.9947],[120.6184,22.9976],[120.6191,22.9998],[120.6189,23.001],[120.6203,23.0032],[120.6217,23.0049],[120.621,23.0076],[120.6212,23.0097],[120.6207,23.0102],[120.6201,23.0127],[120.6201,23.0144],[120.6212,23.0164],[120.6216,23.0189],[120.6197,23.0237],[120.6177,23.0242],[120.6165,23.026],[120.6146,23.0274],[120.6127,23.0296],[120.6116,23.0303],[120.6104,23.0303],[120.6085,23.0313],[120.6087,23.0338],[120.6081,23.0363],[120.61,23.037],[120.6121,23.0397],[120.6144,23.0401],[120.6159,23.0421],[120.618,23.0437],[120.6195,23.0445],[120.6213,23.0462],[120.6219,23.0478],[120.624,23.0476],[120.625,23.048],[120.6241,23.0506],[120.6233,23.0513],[120.6231,23.0533],[120.6248,23.0591],[120.6254,23.0601],[120.6264,23.0627],[120.6247,23.064],[120.6244,23.0655],[120.629,23.0681],[120.6308,23.0701],[120.6313,23.0711],[120.6334,23.0722],[120.6342,23.0722],[120.6359,23.0732],[120.6377,23.0752],[120.6398,23.0786],[120.6395,23.0826],[120.6384,23.0845],[120.6381,23.086],[120.637,23.0872],[120.638,23.0889],[120.6392,23.0891],[120.6434,23.0914],[120.6458,23.0922],[120.6477,23.0915],[120.6496,23.0919],[120.6493,23.0929],[120.6507,23.0949],[120.6513,23.0967],[120.6498,23.1002],[120.6501,23.1013],[120.6526,23.1046],[120.6541,23.1072],[120.6556,23.109],[120.6562,23.1111],[120.6562,23.1132],[120.6571,23.1144],[120.6599,23.1167],[120.6627,23.1183],[120.6646,23.1185],[120.6658,23.1194],[120.6667,23.1173],[120.671,23.1141],[120.6721,23.113],[120.6735,23.1123],[120.6736,23.111],[120.675,23.1079],[120.6734,23.1052],[120.6737,23.1038],[120.6749,23.1022],[120.6753,23.1009],[120.6767,23.0994],[120.6766,23.0983],[120.6777,23.0968],[120.6797,23.0945],[120.6817,23.0938],[120.6833,23.0943],[120.6841,23.0925],[120.6859,23.0929],[120.6869,23.0925],[120.687,23.094],[120.6894,23.0972],[120.6906,23.0982],[120.693,23.1011],[120.6954,23.1064],[120.695,23.1084],[120.6938,23.1088],[120.6917,23.1107],[120.6897,23.1117],[120.688,23.112],[120.6859,23.1149],[120.6849,23.1172],[120.6821,23.1213],[120.68,23.1265],[120.6772,23.1288],[120.6755,23.1292],[120.6766,23.1319],[120.6767,23.1333],[120.6779,23.1356],[120.679,23.1397],[120.6798,23.1407],[120.683,23.1375],[120.6854,23.1363],[120.6876,23.1347],[120.6909,23.135],[120.6925,23.134],[120.6939,23.1311],[120.6958,23.1291],[120.6967,23.1276],[120.7009,23.1247],[120.702,23.1227],[120.7052,23.1182],[120.7071,23.1165],[120.7105,23.1155],[120.7135,23.116],[120.7163,23.1183],[120.7177,23.1189],[120.7204,23.1196],[120.7261,23.1192],[120.7277,23.1188],[120.7302,23.1196],[120.7317,23.1209],[120.7332,23.1209],[120.735,23.1202],[120.7356,23.1192],[120.7371,23.1183],[120.7402,23.1175],[120.7424,23.1177],[120.7437,23.1175],[120.7455,23.1178],[120.7447,23.1171],[120.7446,23.1145],[120.7437,23.114],[120.7428,23.1116],[120.7421,23.1113],[120.7419,23.1099],[120.7401,23.1076],[120.7378,23.1051],[120.7363,23.1031],[120.733,23.1013],[120.7292,23.0982],[120.7281,23.0977],[120.7266,23.0978],[120.7227,23.0998],[120.7207,23.1007],[120.7192,23.1008],[120.7172,23.1013],[120.7137,23.1005],[120.7095,23.0983],[120.7093,23.0955],[120.7098,23.0943],[120.709,23.0915],[120.7077,23.0897],[120.7066,23.0888],[120.7064,23.0875],[120.7089,23.0829],[120.7087,23.081],[120.7094,23.0778],[120.7093,23.0753],[120.709,23.0731],[120.7112,23.0729],[120.7122,23.0723],[120.713,23.0698],[120.7137,23.0684],[120.7158,23.0669],[120.7177,23.0632],[120.7203,23.0614],[120.7222,23.0595],[120.7241,23.0585],[120.7242,23.0576],[120.7234,23.0559],[120.7224,23.055],[120.7206,23.0547],[120.719,23.0521],[120.7164,23.0511],[120.7152,23.0482],[120.7139,23.046],[120.7138,23.0445],[120.7112,23.0428],[120.7098,23.0426],[120.7069,23.041],[120.706,23.041],[120.7029,23.0394],[120.7012,23.0365],[120.7005,23.0347],[120.6997,23.0313],[120.6997,23.0286],[120.6988,23.0271],[120.6983,23.0255],[120.6968,23.0236],[120.6931,23.0201],[120.692,23.0198],[120.6915,23.0188],[120.6895,23.0177],[120.6877,23.0155],[120.6847,23.0127],[120.6842,23.0116],[120.6826,23.0094],[120.679,23.0072],[120.6772,23.005],[120.6747,23.0036],[120.6776,23.0017],[120.6806,23.0003],[120.6842,22.9996],[120.6866,22.9996],[120.688,22.9989],[120.6937,22.9976],[120.6923,22.9952],[120.6911,22.9936],[120.6884,22.9918],[120.684,22.9912],[120.6824,22.9903],[120.6807,22.99],[120.6781,22.989],[120.6754,22.9871],[120.6738,22.9862],[120.6719,22.9843],[120.6708,22.9827],[120.6699,22.9798],[120.6682,22.9773],[120.6646,22.9712],[120.663,22.9674],[120.6632,22.9663],[120.6651,22.9626],[120.666,22.9612],[120.6657,22.9571],[120.6677,22.9548],[120.6689,22.953],[120.6706,22.9483],[120.6727,22.9458],[120.6716,22.9443],[120.6711,22.9421],[120.6715,22.9382],[120.6713,22.9353],[120.6716,22.9338],[120.6701,22.9293],[120.6705,22.9267],[120.6695,22.923],[120.6696,22.9204],[120.6705,22.9183],[120.6699,22.9166],[120.6682,22.9136],[120.6663,22.911],[120.6643,22.9088],[120.6626,22.9049],[120.6607,22.9022],[120.6596,22.9002],[120.6586,22.8969],[120.6581,22.896],[120.6553,22.8931],[120.6518,22.8885],[120.6502,22.8858],[120.6495,22.8821],[120.6495,22.878],[120.6491,22.877],[120.6479,22.8779],[120.6477,22.8796]]]}},{"type":"Feature","properties":{"name":"甲仙區"},"geometry":{"type":"Polygon","coordinates":[[[120.6658,23.1194],[120.6646,23.1185],[120.6627,23.1183],[120.6599,23.1167],[120.6571,23.1144],[120.6562,23.1132],[120.6562,23.1111],[120.6556,23.109],[120.6541,23.1072],[120.6526,23.1046],[120.6501,23.1013],[120.6498,23.1002],[120.6513,23.0967],[120.6507,23.0949],[120.6493,23.0929],[120.6496,23.0919],[120.6477,23.0915],[120.6458,23.0922],[120.6434,23.0914],[120.6392,23.0891],[120.638,23.0889],[120.637,23.0872],[120.6381,23.086],[120.6384,23.0845],[120.6395,23.0826],[120.6398,23.0786],[120.6377,23.0752],[120.6359,23.0732],[120.6342,23.0722],[120.6334,23.0722],[120.6313,23.0711],[120.6308,23.0701],[120.629,23.0681],[120.6244,23.0655],[120.6247,23.064],[120.6264,23.0627],[120.6254,23.0601],[120.6248,23.0591],[120.6231,23.0533],[120.6233,23.0513],[120.6241,23.0506],[120.625,23.048],[120.624,23.0476],[120.6219,23.0478],[120.6213,23.0462],[120.6195,23.0445],[120.618,23.0437],[120.6159,23.0421],[120.6144,23.0401],[120.6121,23.0397],[120.61,23.037],[120.6081,23.0363],[120.6067,23.037],[120.6017,23.0375],[120.6003,23.0393],[120.6009,23.0402],[120.6007,23.0422],[120.6,23.0434],[120.5988,23.0441],[120.5979,23.0454],[120.5968,23.0459],[120.5948,23.0477],[120.5922,23.0486],[120.5911,23.05],[120.5899,23.0498],[120.5879,23.0524],[120.5859,23.0533],[120.5831,23.0508],[120.581,23.0501],[120.5781,23.0481],[120.5779,23.046],[120.5767,23.0449],[120.574,23.0443],[120.57,23.0445],[120.5693,23.0438],[120.5634,23.0438],[120.5629,23.0445],[120.5601,23.0438],[120.559,23.043],[120.5558,23.0386],[120.5547,23.0387],[120.5523,23.0407],[120.5504,23.0426],[120.5503,23.0434],[120.5495,23.0422],[120.5467,23.0426],[120.5466,23.0466],[120.5468,23.0495],[120.5456,23.0506],[120.5445,23.0507],[120.545,23.0544],[120.5447,23.0563],[120.5435,23.0587],[120.5432,23.0602],[120.5414,23.0622],[120.5424,23.0634],[120.5438,23.0633],[120.5457,23.0641],[120.5465,23.0655],[120.5483,23.066],[120.5519,23.0678],[120.5528,23.0678],[120.5545,23.0689],[120.5562,23.0708],[120.5571,23.0714],[120.5592,23.0739],[120.5587,23.0753],[120.5604,23.0772],[120.5627,23.0784],[120.5634,23.0801],[120.5654,23.0807],[120.5671,23.082],[120.568,23.0837],[120.5691,23.0843],[120.5731,23.0898],[120.5748,23.0914],[120.5741,23.0946],[120.5756,23.0956],[120.5764,23.0971],[120.5772,23.0994],[120.5811,23.1051],[120.5825,23.106],[120.5832,23.1081],[120.5869,23.1122],[120.5882,23.1143],[120.5884,23.1185],[120.5889,23.12],[120.5884,23.1224],[120.5905,23.1272],[120.5929,23.1302],[120.5948,23.1318],[120.5954,23.1336],[120.5952,23.1344],[120.5963,23.1369],[120.5976,23.1374],[120.599,23.1411],[120.6005,23.1428],[120.6011,23.1442],[120.6038,23.1449],[120.6057,23.1467],[120.6055,23.1484],[120.6074,23.1483],[120.609,23.1493],[120.6105,23.1509],[120.6118,23.1517],[120.6123,23.1536],[120.6111,23.1559],[120.6125,23.1573],[120.6134,23.1593],[120.6149,23.1595],[120.6159,23.1609],[120.6166,23.1631],[120.6205,23.1628],[120.623,23.1639],[120.6246,23.166],[120.6252,23.1678],[120.627,23.168],[120.6278,23.1686],[120.6311,23.1704],[120.6307,23.1719],[120.6295,23.1733],[120.6292,23.1742],[120.6299,23.1745],[120.6327,23.1745],[120.634,23.175],[120.6353,23.1747],[120.6362,23.1751],[120.6366,23.177],[120.6374,23.1785],[120.6373,23.1804],[120.6383,23.1816],[120.6411,23.1829],[120.6402,23.1834],[120.6384,23.1857],[120.6377,23.1879],[120.6366,23.1901],[120.637,23.1913],[120.639,23.1927],[120.6396,23.1954],[120.6407,23.1975],[120.641,23.1988],[120.6427,23.2002],[120.6431,23.2011],[120.6433,23.2033],[120.6447,23.2047],[120.6462,23.2071],[120.6474,23.2073],[120.6484,23.2086],[120.6514,23.2085],[120.6534,23.2077],[120.6572,23.2038],[120.658,23.2009],[120.6602,23.2001],[120.6613,23.2003],[120.6635,23.1997],[120.6663,23.1995],[120.6684,23.1985],[120.6734,23.1985],[120.6776,23.1967],[120.68,23.1965],[120.6826,23.1948],[120.6809,23.1906],[120.6813,23.1879],[120.681,23.1871],[120.6809,23.1828],[120.6824,23.1806],[120.6835,23.1799],[120.6842,23.1787],[120.6869,23.1765],[120.6898,23.1761],[120.6906,23.1747],[120.6913,23.1719],[120.689,23.1678],[120.6875,23.1664],[120.6861,23.1632],[120.686,23.1613],[120.6852,23.1591],[120.6854,23.1563],[120.6847,23.1545],[120.683,23.1522],[120.6821,23.1484],[120.6812,23.1466],[120.6798,23.1432],[120.6798,23.1407],[120.679,23.1397],[120.6779,23.1356],[120.6767,23.1333],[120.6766,23.1319],[120.6755,23.1292],[120.6735,23.1264],[120.6712,23.1252],[120.67,23.1237],[120.6682,23.122],[120.6658,23.1194]]]}},{"type":"Feature","properties":{"name":"杉林區"},"geometry":{"type":"Polygon","coordinates":[[[120.5165,22.9113],[120.5166,22.9128],[120.516,22.9141],[120.5145,22.9158],[120.5162,22.9165],[120.5169,22.9184],[120.5191,22.9211],[120.5195,22.923],[120.5205,22.9248],[120.523,22.9274],[120.5239,22.9289],[120.5239,22.9297],[120.5227,22.9321],[120.5206,22.9353],[120.5194,22.9367],[120.5192,22.9393],[120.5206,22.9403],[120.521,22.9415],[120.5207,22.9434],[120.5191,22.9457],[120.5191,22.9477],[120.5196,22.9499],[120.5213,22.9514],[120.5236,22.9516],[120.5242,22.9526],[120.5222,22.9606],[120.5237,22.965],[120.5247,22.9669],[120.5267,22.9683],[120.5276,22.9697],[120.5292,22.9736],[120.5287,22.976],[120.5271,22.9775],[120.5246,22.9787],[120.5222,22.978],[120.5209,22.979],[120.5203,22.9801],[120.5203,22.9824],[120.5226,22.9862],[120.5223,22.9885],[120.5236,22.99],[120.5246,22.9901],[120.5253,22.9934],[120.5269,22.995],[120.5272,22.997],[120.5262,22.9978],[120.526,22.9987],[120.5271,23],[120.5297,23.001],[120.5296,23.0036],[120.53,23.0042],[120.5295,23.0057],[120.5303,23.0071],[120.5304,23.0084],[120.5312,23.0105],[120.5343,23.0128],[120.5353,23.0149],[120.5354,23.0175],[120.5369,23.0215],[120.5367,23.0234],[120.5373,23.025],[120.5336,23.0281],[120.5318,23.0265],[120.5296,23.0255],[120.5289,23.0247],[120.5262,23.0232],[120.5241,23.0215],[120.523,23.0202],[120.5207,23.0191],[120.5177,23.0183],[120.5162,23.0187],[120.5136,23.0187],[120.5112,23.0208],[120.5104,23.0209],[120.5083,23.0222],[120.5081,23.0232],[120.5069,23.0244],[120.5053,23.0245],[120.5035,23.0261],[120.5022,23.0276],[120.5037,23.0286],[120.5054,23.0306],[120.5055,23.0312],[120.5087,23.0348],[120.5105,23.0356],[120.5123,23.0373],[120.5124,23.0378],[120.5142,23.039],[120.5163,23.0418],[120.519,23.044],[120.5202,23.0453],[120.5222,23.0456],[120.5237,23.0477],[120.523,23.0496],[120.5263,23.0522],[120.527,23.0534],[120.5281,23.054],[120.5302,23.0559],[120.5331,23.0571],[120.5351,23.0574],[120.5366,23.0585],[120.5377,23.0589],[120.538,23.0608],[120.5397,23.0619],[120.5414,23.0622],[120.5432,23.0602],[120.5435,23.0587],[120.5447,23.0563],[120.545,23.0544],[120.5445,23.0507],[120.5456,23.0506],[120.5468,23.0495],[120.5466,23.0466],[120.5467,23.0426],[120.5495,23.0422],[120.5503,23.0434],[120.5504,23.0426],[120.5523,23.0407],[120.5547,23.0387],[120.5558,23.0386],[120.559,23.043],[120.5601,23.0438],[120.5629,23.0445],[120.5634,23.0438],[120.5693,23.0438],[120.57,23.0445],[120.574,23.0443],[120.5767,23.0449],[120.5779,23.046],[120.5781,23.0481],[120.581,23.0501],[120.5831,23.0508],[120.5859,23.0533],[120.5879,23.0524],[120.5899,23.0498],[120.5911,23.05],[120.5922,23.0486],[120.5948,23.0477],[120.5968,23.0459],[120.5979,23.0454],[120.5988,23.0441],[120.6,23.0434],[120.6007,23.0422],[120.6009,23.0402],[120.6003,23.0393],[120.6017,23.0375],[120.6067,23.037],[120.6081,23.0363],[120.6087,23.0338],[120.6085,23.0313],[120.6104,23.0303],[120.6116,23.0303],[120.6127,23.0296],[120.6146,23.0274],[120.6165,23.026],[120.6177,23.0242],[120.6197,23.0237],[120.6216,23.0189],[120.6212,23.0164],[120.6201,23.0144],[120.6201,23.0127],[120.6207,23.0102],[120.6212,23.0097],[120.621,23.0076],[120.6217,23.0049],[120.6203,23.0032],[120.6189,23.001],[120.6191,22.9998],[120.6184,22.9976],[120.6196,22.9947],[120.6196,22.9932],[120.6202,22.991],[120.6195,22.9889],[120.62,22.9868],[120.6211,22.9858],[120.6216,22.9829],[120.6237,22.978],[120.6225,22.9779],[120.62,22.979],[120.6144,22.9787],[120.6094,22.9795],[120.6082,22.9813],[120.607,22.982],[120.6055,22.9834],[120.6041,22.9817],[120.6046,22.981],[120.6024,22.9804],[120.6012,22.9778],[120.6002,22.9737],[120.5965,22.9731],[120.5952,22.9734],[120.5933,22.9733],[120.5907,22.9749],[120.5898,22.9749],[120.5882,22.9738],[120.5872,22.9726],[120.5863,22.9723],[120.5844,22.9707],[120.5831,22.9706],[120.582,22.9698],[120.5806,22.9679],[120.5772,22.9647],[120.5762,22.9628],[120.5744,22.9606],[120.5736,22.9577],[120.5755,22.9559],[120.5763,22.9546],[120.5767,22.953],[120.5762,22.9508],[120.5745,22.9498],[120.5744,22.9482],[120.5752,22.9472],[120.5743,22.9447],[120.572,22.9424],[120.5691,22.941],[120.5669,22.9409],[120.5655,22.9399],[120.5615,22.9411],[120.5601,22.9409],[120.5576,22.9419],[120.5559,22.9423],[120.554,22.9412],[120.5519,22.941],[120.5509,22.9398],[120.5498,22.9376],[120.5488,22.9371],[120.5478,22.9357],[120.5466,22.9351],[120.5435,22.9345],[120.5413,22.9329],[120.5395,22.9311],[120.5392,22.93],[120.5368,22.9279],[120.5372,22.9263],[120.5357,22.9248],[120.5341,22.9245],[120.5323,22.9247],[120.5303,22.9224],[120.5282,22.9217],[120.5273,22.9194],[120.5273,22.9168],[120.527,22.9162],[120.5247,22.9155],[120.523,22.9135],[120.5204,22.9135],[120.5165,22.9113]]]}},{"type":"Feature","properties":{"name":"內門區"},"geometry":{"type":"Polygon","coordinates":[[[120.443,22.8856],[120.4414,22.8867],[120.4389,22.8855],[120.4356,22.886],[120.4339,22.8868],[120.4328,22.8869],[120.4327,22.891],[120.432,22.8922],[120.4312,22.8926],[120.43,22.8945],[120.4298,22.8958],[120.4282,22.8952],[120.4278,22.894],[120.4266,22.8934],[120.4257,22.8937],[120.4246,22.8928],[120.4232,22.8939],[120.4221,22.8935],[120.4228,22.8961],[120.4238,22.8966],[120.4238,22.8995],[120.4229,22.9003],[120.4217,22.8994],[120.4213,22.9009],[120.4219,22.9019],[120.4213,22.9028],[120.4218,22.9033],[120.4206,22.9038],[120.4202,22.9032],[120.4192,22.9041],[120.4194,22.9053],[120.4189,22.9057],[120.4181,22.9049],[120.4165,22.9052],[120.417,22.9061],[120.4166,22.9069],[120.4173,22.9084],[120.4161,22.91],[120.4149,22.9098],[120.4141,22.9091],[120.4136,22.9077],[120.4112,22.9088],[120.4099,22.9097],[120.4081,22.9098],[120.4077,22.9107],[120.4087,22.9123],[120.4097,22.9138],[120.4133,22.9153],[120.4152,22.9156],[120.4165,22.9164],[120.4177,22.9187],[120.4176,22.9197],[120.4189,22.922],[120.42,22.923],[120.4199,22.9241],[120.4208,22.9251],[120.4221,22.9275],[120.422,22.9293],[120.4228,22.9309],[120.4249,22.9332],[120.4246,22.9337],[120.4258,22.9362],[120.4255,22.938],[120.4262,22.9394],[120.4284,22.9405],[120.4284,22.9421],[120.4293,22.944],[120.4307,22.9485],[120.4317,22.9496],[120.4327,22.9526],[120.433,22.9559],[120.4341,22.9573],[120.4353,22.9594],[120.4365,22.9616],[120.4373,22.9623],[120.4378,22.9646],[120.4392,22.9678],[120.4397,22.9683],[120.4409,22.9712],[120.4422,22.9739],[120.4422,22.9758],[120.4426,22.9773],[120.4437,22.9779],[120.4443,22.9793],[120.4452,22.9795],[120.4496,22.9772],[120.4518,22.9786],[120.453,22.9777],[120.4531,22.9786],[120.4547,22.9806],[120.4548,22.9826],[120.4532,22.9848],[120.4536,22.9856],[120.4535,22.9873],[120.4553,22.9911],[120.4569,22.9909],[120.4579,22.9902],[120.4596,22.9899],[120.4611,22.9909],[120.4611,22.9923],[120.4603,22.9929],[120.4604,22.9937],[120.4591,22.9959],[120.4602,22.9974],[120.4615,22.9981],[120.4605,23.0003],[120.4596,23.0007],[120.4597,23.0018],[120.4604,23.0034],[120.4617,23.0041],[120.4627,23.0032],[120.4635,23.0035],[120.4661,23.0033],[120.4672,23.0036],[120.4682,23.0026],[120.4705,23.0024],[120.4751,23.0032],[120.4775,23.0032],[120.4783,23.0035],[120.48,23.003],[120.4794,23.005],[120.4804,23.0063],[120.4815,23.0122],[120.4827,23.0156],[120.4858,23.0184],[120.492,23.0212],[120.495,23.0233],[120.4976,23.0241],[120.4985,23.0254],[120.5003,23.0259],[120.5022,23.0276],[120.5035,23.0261],[120.5053,23.0245],[120.5069,23.0244],[120.5081,23.0232],[120.5083,23.0222],[120.5104,23.0209],[120.5112,23.0208],[120.5136,23.0187],[120.5162,23.0187],[120.5177,23.0183],[120.5207,23.0191],[120.523,23.0202],[120.5241,23.0215],[120.5262,23.0232],[120.5289,23.0247],[120.5296,23.0255],[120.5318,23.0265],[120.5336,23.0281],[120.5373,23.025],[120.5367,23.0234],[120.5369,23.0215],[120.5354,23.0175],[120.5353,23.0149],[120.5343,23.0128],[120.5312,23.0105],[120.5304,23.0084],[120.5303,23.0071],[120.5295,23.0057],[120.53,23.0042],[120.5296,23.0036],[120.5297,23.001],[120.5271,23],[120.526,22.9987],[120.5262,22.9978],[120.5272,22.997],[120.5269,22.995],[120.5253,22.9934],[120.5246,22.9901],[120.5236,22.99],[120.5223,22.9885],[120.5226,22.9862],[120.5203,22.9824],[120.5203,22.9801],[120.5197,22.9801],[120.5192,22.9781],[120.5179,22.9776],[120.5166,22.9778],[120.5154,22.9769],[120.5148,22.9772],[120.5132,22.9762],[120.5118,22.9758],[120.5112,22.975],[120.5108,22.9731],[120.5101,22.9723],[120.5094,22.9683],[120.5102,22.9674],[120.5095,22.9655],[120.5085,22.9646],[120.5099,22.962],[120.5094,22.9608],[120.5108,22.9583],[120.5099,22.9568],[120.5085,22.9566],[120.5063,22.9549],[120.5035,22.9516],[120.5022,22.9517],[120.5005,22.9506],[120.5008,22.9501],[120.4991,22.9491],[120.4984,22.9482],[120.4993,22.9466],[120.4992,22.9435],[120.4995,22.9421],[120.4979,22.9404],[120.4978,22.9369],[120.4961,22.9347],[120.4958,22.9332],[120.4951,22.9332],[120.4942,22.9318],[120.491,22.932],[120.4908,22.933],[120.4886,22.9326],[120.4871,22.9333],[120.4846,22.9374],[120.4846,22.9382],[120.4837,22.9397],[120.4831,22.9399],[120.4831,22.9386],[120.4816,22.9356],[120.4817,22.9344],[120.4812,22.9326],[120.4815,22.9302],[120.4829,22.9289],[120.4833,22.928],[120.4829,22.9257],[120.4818,22.9247],[120.4799,22.924],[120.4799,22.9232],[120.4813,22.9223],[120.482,22.9201],[120.4812,22.9185],[120.4812,22.9176],[120.4799,22.9169],[120.4799,22.9146],[120.4783,22.9139],[120.4769,22.9127],[120.4769,22.9115],[120.4748,22.9095],[120.4751,22.9085],[120.4739,22.9073],[120.4715,22.9035],[120.4717,22.9029],[120.4706,22.9017],[120.4692,22.8987],[120.4691,22.8971],[120.4697,22.8963],[120.4699,22.8942],[120.4685,22.8922],[120.4674,22.8914],[120.4647,22.8928],[120.4643,22.8935],[120.4633,22.893],[120.4627,22.8917],[120.4604,22.8904],[120.4586,22.8883],[120.4581,22.8887],[120.4557,22.8885],[120.4535,22.8881],[120.4519,22.8868],[120.4498,22.8869],[120.4491,22.8874],[120.4479,22.887],[120.4463,22.8873],[120.4441,22.8865],[120.443,22.8856]]]}},{"type":"Feature","properties":{"name":"茂林區"},"geometry":{"type":"Polygon","coordinates":[[[120.7742,22.838],[120.7729,22.8411],[120.7715,22.8419],[120.7699,22.8445],[120.7685,22.8452],[120.7659,22.8487],[120.764,22.8493],[120.7638,22.8517],[120.763,22.8546],[120.7622,22.8568],[120.7588,22.8609],[120.7565,22.8622],[120.7553,22.8644],[120.7539,22.8652],[120.7523,22.8647],[120.7492,22.8657],[120.7466,22.8678],[120.7464,22.8692],[120.7442,22.8712],[120.7427,22.8736],[120.7411,22.8741],[120.7375,22.8743],[120.7333,22.8753],[120.7309,22.8763],[120.727,22.879],[120.725,22.8808],[120.7221,22.8813],[120.7205,22.882],[120.7171,22.881],[120.7135,22.8808],[120.7098,22.8811],[120.7083,22.8816],[120.7046,22.8807],[120.7025,22.8792],[120.7014,22.8765],[120.6989,22.8743],[120.6979,22.8731],[120.692,22.8685],[120.692,22.8677],[120.6906,22.8649],[120.6862,22.8646],[120.684,22.8635],[120.6792,22.863],[120.6789,22.8627],[120.6781,22.8595],[120.6767,22.8572],[120.6748,22.8567],[120.6721,22.8564],[120.6699,22.8569],[120.6686,22.8587],[120.6643,22.8588],[120.6609,22.8597],[120.6595,22.8619],[120.6593,22.8642],[120.6586,22.8661],[120.6597,22.87],[120.6584,22.8743],[120.6583,22.8785],[120.6581,22.8797],[120.6565,22.8813],[120.6549,22.8815],[120.6523,22.8795],[120.651,22.8772],[120.6491,22.877],[120.6495,22.878],[120.6495,22.8821],[120.6502,22.8858],[120.6518,22.8885],[120.6553,22.8931],[120.6581,22.896],[120.6586,22.8969],[120.6596,22.9002],[120.6607,22.9022],[120.6626,22.9049],[120.6643,22.9088],[120.6663,22.911],[120.6682,22.9136],[120.6699,22.9166],[120.6705,22.9183],[120.6696,22.9204],[120.6695,22.923],[120.6705,22.9267],[120.6701,22.9293],[120.6716,22.9338],[120.6713,22.9353],[120.6715,22.9382],[120.6711,22.9421],[120.6716,22.9443],[120.6727,22.9458],[120.6706,22.9483],[120.6689,22.953],[120.6677,22.9548],[120.6657,22.9571],[120.666,22.9612],[120.6651,22.9626],[120.6632,22.9663],[120.663,22.9674],[120.6646,22.9712],[120.6682,22.9773],[120.6699,22.9798],[120.6708,22.9827],[120.6721,22.9825],[120.6754,22.9807],[120.6824,22.9782],[120.686,22.978],[120.6873,22.9787],[120.6883,22.9807],[120.6914,22.9818],[120.6932,22.9817],[120.6943,22.9822],[120.6967,22.984],[120.6976,22.985],[120.6994,22.986],[120.702,22.9885],[120.7043,22.9898],[120.7057,22.9902],[120.7081,22.9904],[120.7119,22.9927],[120.7128,22.9946],[120.7153,22.9967],[120.7181,22.9976],[120.7192,22.9984],[120.7196,22.9999],[120.7225,23.0019],[120.7244,23.0023],[120.7268,22.998],[120.7283,22.996],[120.731,22.9953],[120.7324,22.994],[120.7344,22.9934],[120.7357,22.9926],[120.7381,22.9902],[120.7395,22.986],[120.7408,22.9849],[120.7432,22.9843],[120.7445,22.9826],[120.7474,22.982],[120.7501,22.9842],[120.7532,22.9842],[120.7567,22.9835],[120.7592,22.9836],[120.7605,22.9831],[120.7638,22.9835],[120.7661,22.9829],[120.7679,22.9829],[120.7711,22.9834],[120.7725,22.9846],[120.7734,22.9865],[120.7756,22.9882],[120.7765,22.9908],[120.7822,22.9935],[120.7829,22.9926],[120.7853,22.9918],[120.7883,22.9897],[120.7914,22.9891],[120.7935,22.9873],[120.7968,22.987],[120.7991,22.9856],[120.8008,22.9855],[120.8023,22.986],[120.8032,22.9868],[120.8053,22.987],[120.8067,22.9874],[120.8081,22.9894],[120.8103,22.9853],[120.8146,22.9817],[120.8161,22.9798],[120.8175,22.9793],[120.8216,22.9787],[120.8234,22.9778],[120.8272,22.9767],[120.8294,22.9752],[120.8289,22.9735],[120.8302,22.9703],[120.8302,22.97],[120.8278,22.9683],[120.8257,22.9673],[120.825,22.9665],[120.8222,22.9646],[120.8223,22.9637],[120.8209,22.9624],[120.8209,22.9609],[120.8228,22.9564],[120.8231,22.9549],[120.8242,22.9539],[120.8248,22.9524],[120.8236,22.9505],[120.8226,22.9482],[120.8218,22.9451],[120.822,22.9432],[120.8215,22.9389],[120.8221,22.9367],[120.8219,22.935],[120.8235,22.9332],[120.8254,22.9297],[120.8266,22.9286],[120.8278,22.9256],[120.8292,22.9208],[120.8311,22.9202],[120.8316,22.9196],[120.8326,22.9138],[120.8333,22.9123],[120.8323,22.911],[120.8308,22.9105],[120.83,22.9095],[120.8285,22.9052],[120.8287,22.904],[120.8306,22.9017],[120.8321,22.901],[120.8335,22.8998],[120.8332,22.8982],[120.8342,22.8962],[120.8352,22.8928],[120.8369,22.8915],[120.8382,22.8899],[120.8387,22.8877],[120.8389,22.8846],[120.8399,22.8826],[120.842,22.8812],[120.8479,22.8796],[120.8521,22.8781],[120.8552,22.8787],[120.8597,22.8784],[120.8612,22.8761],[120.8625,22.8751],[120.865,22.8722],[120.8656,22.8697],[120.8642,22.8667],[120.8622,22.8657],[120.8592,22.8635],[120.8616,22.8614],[120.8694,22.858],[120.8693,22.8566],[120.8672,22.8547],[120.8666,22.8534],[120.8682,22.8513],[120.8683,22.8505],[120.8656,22.8471],[120.8649,22.8453],[120.8646,22.8431],[120.8636,22.8441],[120.8625,22.8468],[120.8597,22.8488],[120.8594,22.8495],[120.8599,22.8515],[120.857,22.853],[120.8562,22.8551],[120.8545,22.8561],[120.8532,22.8576],[120.8514,22.8556],[120.849,22.8533],[120.8483,22.8519],[120.8472,22.852],[120.8439,22.8534],[120.843,22.8542],[120.8412,22.8573],[120.8416,22.8589],[120.8409,22.8604],[120.8372,22.8642],[120.8349,22.8648],[120.833,22.8663],[120.8283,22.8658],[120.8261,22.8664],[120.8243,22.8664],[120.823,22.8657],[120.8201,22.8631],[120.8191,22.8624],[120.8159,22.8621],[120.8142,22.8604],[120.8137,22.859],[120.8138,22.8577],[120.8118,22.8571],[120.8071,22.8549],[120.8051,22.8534],[120.8026,22.8524],[120.8011,22.851],[120.7998,22.851],[120.798,22.8517],[120.7933,22.852],[120.7917,22.8484],[120.7921,22.8452],[120.793,22.8423],[120.7927,22.8411],[120.7902,22.8401],[120.7858,22.8399],[120.7821,22.8365],[120.78,22.8354],[120.7787,22.8352],[120.7773,22.8357],[120.7748,22.8373],[120.7742,22.838]]]}},{"type":"Feature","properties":{"name":"桃源區"},"geometry":{"type":"MultiPolygon","coordinates":[[[[120.6755,23.1292],[120.6772,23.1288],[120.68,23.1265],[120.6821,23.1213],[120.6849,23.1172],[120.6859,23.1149],[120.688,23.112],[120.6897,23.1117],[120.6917,23.1107],[120.6938,23.1088],[120.695,23.1084],[120.6954,23.1064],[120.693,23.1011],[120.6906,23.0982],[120.6894,23.0972],[120.687,23.094],[120.6869,23.0925],[120.6859,23.0929],[120.6841,23.0925],[120.6833,23.0943],[120.6817,23.0938],[120.6797,23.0945],[120.6777,23.0968],[120.6766,23.0983],[120.6767,23.0994],[120.6753,23.1009],[120.6749,23.1022],[120.6737,23.1038],[120.6734,23.1052],[120.675,23.1079],[120.6736,23.111],[120.6735,23.1123],[120.6721,23.113],[120.671,23.1141],[120.6667,23.1173],[120.6658,23.1194],[120.6682,23.122],[120.67,23.1237],[120.6712,23.1252],[120.6735,23.1264],[120.6755,23.1292]]],[[[120.9575,23.4695],[120.9589,23.4696],[120.9614,23.4708],[120.9652,23.4707],[120.9667,23.4717],[120.9678,23.4715],[120.9693,23.4706],[120.9706,23.469],[120.9718,23.4692],[120.9765,23.469],[120.9791,23.4694],[120.9805,23.4692],[120.9822,23.4685],[120.9836,23.467],[120.9864,23.4663],[120.9898,23.465],[120.991,23.4649],[120.994,23.4638],[120.9966,23.4634],[120.9997,23.4622],[121.0038,23.463],[121.0071,23.4629],[121.0084,23.4621],[121.0104,23.4596],[121.0117,23.4572],[121.0146,23.4546],[121.0158,23.4516],[121.0155,23.4505],[121.0143,23.4492],[121.0129,23.4487],[121.0106,23.4465],[121.0104,23.4434],[121.0106,23.4412],[121.0122,23.4394],[121.0141,23.4379],[121.0153,23.4354],[121.0145,23.435],[121.0139,23.4338],[121.0129,23.4331],[121.0141,23.4309],[121.0166,23.431],[121.0173,23.4305],[121.019,23.4303],[121.0211,23.4294],[121.0223,23.4274],[121.0223,23.4255],[121.0227,23.4248],[121.026,23.4241],[121.0274,23.4232],[121.0292,23.4228],[121.0294,23.4202],[121.0284,23.4185],[121.0278,23.4163],[121.0263,23.4151],[121.0249,23.4146],[121.0271,23.4128],[121.0269,23.4118],[121.0274,23.4097],[121.0273,23.4081],[121.0267,23.406],[121.0281,23.4045],[121.0283,23.4038],[121.0271,23.403],[121.026,23.4029],[121.0226,23.4003],[121.0215,23.4],[121.0212,23.4007],[121.0192,23.4015],[121.0167,23.3988],[121.0155,23.3971],[121.0146,23.3966],[121.0117,23.3959],[121.0105,23.3951],[121.0088,23.3955],[121.008,23.3966],[121.0065,23.3965],[121.005,23.396],[121.0032,23.3948],[121.0011,23.3918],[121.0037,23.3889],[121.007,23.3874],[121.0077,23.3867],[121.0077,23.3847],[121.0053,23.3834],[121.0029,23.3831],[121.0001,23.3824],[120.9993,23.3811],[120.9976,23.38],[120.9968,23.3788],[120.9939,23.3759],[120.9912,23.3714],[120.9901,23.3709],[120.9881,23.3707],[120.9868,23.3658],[120.9865,23.3634],[120.9871,23.3587],[120.989,23.3583],[120.9912,23.3572],[120.9922,23.3572],[120.9947,23.3564],[120.9988,23.3568],[121,23.3565],[121.0029,23.355],[121.0033,23.3545],[121.0076,23.352],[121.008,23.3504],[121.0075,23.3492],[121.0088,23.3471],[121.0101,23.3459],[121.0117,23.3458],[121.0152,23.3463],[121.0176,23.3481],[121.0183,23.3503],[121.0201,23.3504],[121.0223,23.3483],[121.0224,23.3461],[121.0247,23.3399],[121.027,23.3376],[121.0282,23.3372],[121.03,23.3373],[121.0315,23.3364],[121.0322,23.3345],[121.0328,23.3339],[121.0364,23.3335],[121.0379,23.3321],[121.0394,23.3291],[121.0418,23.328],[121.0436,23.3281],[121.0456,23.3275],[121.0482,23.3259],[121.049,23.3247],[121.0488,23.3229],[121.0472,23.32],[121.0478,23.3169],[121.0481,23.3146],[121.0478,23.313],[121.0469,23.312],[121.0464,23.3091],[121.0457,23.3082],[121.0442,23.3075],[121.0417,23.307],[121.0405,23.3061],[121.0362,23.3037],[121.0343,23.3042],[121.0319,23.3037],[121.032,23.3026],[121.0314,23.3004],[121.0299,23.2984],[121.0283,23.2971],[121.0256,23.296],[121.0247,23.2944],[121.0238,23.2937],[121.0201,23.2946],[121.019,23.2934],[121.0172,23.2928],[121.0108,23.2928],[121.0098,23.2925],[121.0084,23.2913],[121.0069,23.2912],[121.0056,23.2906],[121.0014,23.2874],[120.9993,23.2869],[120.994,23.2845],[120.9911,23.2842],[120.9904,23.2839],[120.9878,23.2808],[120.9861,23.2803],[120.9841,23.2811],[120.9809,23.2816],[120.979,23.2823],[120.9772,23.2819],[120.9737,23.2818],[120.9726,23.2822],[120.9703,23.2806],[120.9687,23.2779],[120.9661,23.2766],[120.9647,23.2747],[120.9634,23.2721],[120.9597,23.2708],[120.9591,23.2698],[120.9581,23.2654],[120.9574,23.2642],[120.9548,23.2622],[120.9536,23.2608],[120.9511,23.2595],[120.9497,23.2577],[120.949,23.2559],[120.9477,23.2549],[120.9467,23.2531],[120.9459,23.2528],[120.9413,23.252],[120.9396,23.2492],[120.9383,23.2475],[120.9379,23.2449],[120.9353,23.2439],[120.934,23.2438],[120.9317,23.2426],[120.9296,23.2428],[120.9272,23.2446],[120.9261,23.2444],[120.9237,23.2418],[120.9217,23.2417],[120.9213,23.2411],[120.9194,23.241],[120.9178,23.2396],[120.9172,23.2383],[120.9155,23.2375],[120.9143,23.2325],[120.9118,23.2284],[120.9116,23.2272],[120.9121,23.2251],[120.9117,23.2209],[120.912,23.217],[120.9117,23.2102],[120.9114,23.2089],[120.9104,23.2082],[120.9076,23.2071],[120.9066,23.2054],[120.9065,23.2033],[120.9071,23.2011],[120.9057,23.1995],[120.9064,23.1967],[120.9082,23.1947],[120.9097,23.1935],[120.9109,23.1922],[120.9125,23.1868],[120.9115,23.1854],[120.9113,23.1828],[120.9099,23.1802],[120.9091,23.1798],[120.9059,23.1806],[120.9017,23.1786],[120.9002,23.1771],[120.8984,23.1762],[120.8986,23.174],[120.8983,23.1731],[120.8964,23.1723],[120.8958,23.1714],[120.8955,23.1685],[120.8956,23.1656],[120.8949,23.1626],[120.895,23.1607],[120.892,23.1591],[120.8906,23.1586],[120.8874,23.1582],[120.8865,23.1558],[120.8833,23.1535],[120.8794,23.1527],[120.8767,23.1515],[120.8766,23.1509],[120.8795,23.1486],[120.8811,23.1465],[120.8836,23.1451],[120.8856,23.1446],[120.8866,23.1408],[120.8878,23.1371],[120.8879,23.1364],[120.8862,23.1319],[120.8859,23.1295],[120.8865,23.1262],[120.8878,23.1232],[120.8878,23.1218],[120.885,23.12],[120.8851,23.1185],[120.8863,23.1165],[120.8868,23.1136],[120.8894,23.1105],[120.8891,23.1071],[120.8882,23.1042],[120.8892,23.1005],[120.8878,23.0967],[120.8866,23.0949],[120.8856,23.0926],[120.8858,23.0896],[120.8852,23.0883],[120.8836,23.0866],[120.8826,23.0833],[120.8813,23.0821],[120.8805,23.0808],[120.8794,23.0799],[120.8781,23.0782],[120.8769,23.0757],[120.876,23.0705],[120.8753,23.0686],[120.8731,23.0659],[120.8705,23.0614],[120.8693,23.0599],[120.87,23.0578],[120.8716,23.0548],[120.8737,23.0534],[120.8746,23.0521],[120.8745,23.0511],[120.8787,23.049],[120.8797,23.0478],[120.8802,23.0457],[120.8813,23.0442],[120.8814,23.0419],[120.8808,23.04],[120.8801,23.0361],[120.8795,23.0346],[120.8764,23.0342],[120.8727,23.0345],[120.8701,23.0335],[120.8662,23.0323],[120.8643,23.0325],[120.8634,23.0323],[120.8616,23.0308],[120.861,23.0294],[120.8607,23.026],[120.862,23.0221],[120.8619,23.019],[120.8614,23.0179],[120.8616,23.0167],[120.8613,23.0132],[120.8605,23.0105],[120.8606,23.008],[120.8583,23.0051],[120.8563,23.0048],[120.8545,23.0054],[120.8538,23.0049],[120.851,23.005],[120.852,23.0033],[120.8521,22.9999],[120.8508,22.9982],[120.8501,22.9964],[120.8486,22.9943],[120.8477,22.994],[120.847,22.9929],[120.8422,22.9912],[120.8414,22.9899],[120.8419,22.9879],[120.8417,22.985],[120.8412,22.984],[120.8387,22.9827],[120.8358,22.9818],[120.8345,22.9808],[120.8329,22.9808],[120.8323,22.9801],[120.8307,22.9758],[120.8294,22.9752],[120.8272,22.9767],[120.8234,22.9778],[120.8216,22.9787],[120.8175,22.9793],[120.8161,22.9798],[120.8146,22.9817],[120.8103,22.9853],[120.8081,22.9894],[120.8067,22.9874],[120.8053,22.987],[120.8032,22.9868],[120.8023,22.986],[120.8008,22.9855],[120.7991,22.9856],[120.7968,22.987],[120.7935,22.9873],[120.7914,22.9891],[120.7883,22.9897],[120.7853,22.9918],[120.7829,22.9926],[120.7822,22.9935],[120.7765,22.9908],[120.7756,22.9882],[120.7734,22.9865],[120.7725,22.9846],[120.7711,22.9834],[120.7679,22.9829],[120.7661,22.9829],[120.7638,22.9835],[120.7605,22.9831],[120.7592,22.9836],[120.7567,22.9835],[120.7532,22.9842],[120.7501,22.9842],[120.7474,22.982],[120.7445,22.9826],[120.7432,22.9843],[120.7408,22.9849],[120.7395,22.986],[120.7381,22.9902],[120.7357,22.9926],[120.7344,22.9934],[120.7324,22.994],[120.731,22.9953],[120.7283,22.996],[120.7268,22.998],[120.7244,23.0023],[120.7225,23.0019],[120.7196,22.9999],[120.7192,22.9984],[120.7181,22.9976],[120.7153,22.9967],[120.7128,22.9946],[120.7119,22.9927],[120.7081,22.9904],[120.7057,22.9902],[120.7043,22.9898],[120.702,22.9885],[120.6994,22.986],[120.6976,22.985],[120.6967,22.984],[120.6943,22.9822],[120.6932,22.9817],[120.6914,22.9818],[120.6883,22.9807],[120.6873,22.9787],[120.686,22.978],[120.6824,22.9782],[120.6754,22.9807],[120.6721,22.9825],[120.6708,22.9827],[120.6719,22.9843],[120.6738,22.9862],[120.6754,22.9871],[120.6781,22.989],[120.6807,22.99],[120.6824,22.9903],[120.684,22.9912],[120.6884,22.9918],[120.6911,22.9936],[120.6923,22.9952],[120.6937,22.9976],[120.688,22.9989],[120.6866,22.9996],[120.6842,22.9996],[120.6806,23.0003],[120.6776,23.0017],[120.6747,23.0036],[120.6772,23.005],[120.679,23.0072],[120.6826,23.0094],[120.6842,23.0116],[120.6847,23.0127],[120.6877,23.0155],[120.6895,23.0177],[120.6915,23.0188],[120.692,23.0198],[120.6931,23.0201],[120.6968,23.0236],[120.6983,23.0255],[120.6988,23.0271],[120.6997,23.0286],[120.6997,23.0313],[120.7005,23.0347],[120.7012,23.0365],[120.7029,23.0394],[120.706,23.041],[120.7069,23.041],[120.7098,23.0426],[120.7112,23.0428],[120.7138,23.0445],[120.7139,23.046],[120.7152,23.0482],[120.7164,23.0511],[120.719,23.0521],[120.7206,23.0547],[120.7224,23.055],[120.7234,23.0559],[120.7242,23.0576],[120.7241,23.0585],[120.7222,23.0595],[120.7203,23.0614],[120.7177,23.0632],[120.7158,23.0669],[120.7137,23.0684],[120.713,23.0698],[120.7122,23.0723],[120.7112,23.0729],[120.709,23.0731],[120.7093,23.0753],[120.7094,23.0778],[120.7087,23.081],[120.7089,23.0829],[120.7064,23.0875],[120.7066,23.0888],[120.7077,23.0897],[120.709,23.0915],[120.7098,23.0943],[120.7093,23.0955],[120.7095,23.0983],[120.7137,23.1005],[120.7172,23.1013],[120.7192,23.1008],[120.7207,23.1007],[120.7227,23.0998],[120.7266,23.0978],[120.7281,23.0977],[120.7292,23.0982],[120.733,23.1013],[120.7363,23.1031],[120.7378,23.1051],[120.7401,23.1076],[120.7419,23.1099],[120.7421,23.1113],[120.7428,23.1116],[120.7437,23.114],[120.7446,23.1145],[120.7447,23.1171],[120.7455,23.1178],[120.7437,23.1175],[120.7424,23.1177],[120.7402,23.1175],[120.7371,23.1183],[120.7356,23.1192],[120.735,23.1202],[120.7332,23.1209],[120.7317,23.1209],[120.7302,23.1196],[120.7277,23.1188],[120.7261,23.1192],[120.7204,23.1196],[120.7177,23.1189],[120.7163,23.1183],[120.7135,23.116],[120.7105,23.1155],[120.7071,23.1165],[120.7052,23.1182],[120.702,23.1227],[120.7009,23.1247],[120.6967,23.1276],[120.6958,23.1291],[120.6939,23.1311],[120.6925,23.134],[120.6909,23.135],[120.6876,23.1347],[120.6854,23.1363],[120.683,23.1375],[120.6798,23.1407],[120.6798,23.1432],[120.6812,23.1466],[120.6821,23.1484],[120.683,23.1522],[120.6847,23.1545],[120.6854,23.1563],[120.6852,23.1591],[120.686,23.1613],[120.6861,23.1632],[120.6875,23.1664],[120.689,23.1678],[120.6913,23.1719],[120.693,23.1709],[120.6956,23.1711],[120.6988,23.1693],[120.7015,23.1734],[120.7046,23.175],[120.7065,23.1765],[120.7081,23.177],[120.7098,23.1782],[120.7109,23.1801],[120.7135,23.1817],[120.7153,23.1834],[120.7163,23.1834],[120.7176,23.1815],[120.7189,23.1817],[120.72,23.1828],[120.7224,23.1836],[120.7242,23.1847],[120.7252,23.1865],[120.726,23.1886],[120.7273,23.1901],[120.7294,23.1906],[120.734,23.1938],[120.7353,23.1951],[120.7363,23.1982],[120.7377,23.2],[120.74,23.2014],[120.7412,23.2029],[120.7421,23.2051],[120.7432,23.2063],[120.744,23.2088],[120.7441,23.2105],[120.7446,23.2131],[120.7453,23.2147],[120.7455,23.2175],[120.7454,23.2193],[120.7471,23.2199],[120.7485,23.2217],[120.7498,23.2227],[120.7503,23.2249],[120.751,23.2262],[120.7534,23.2286],[120.7547,23.2291],[120.7556,23.2301],[120.7562,23.2318],[120.7559,23.233],[120.7549,23.2342],[120.7543,23.2359],[120.7558,23.2372],[120.7581,23.2383],[120.7586,23.2404],[120.7603,23.2443],[120.7603,23.2473],[120.76,23.2491],[120.7615,23.2514],[120.7619,23.2528],[120.7646,23.2556],[120.7653,23.2588],[120.7648,23.2617],[120.7662,23.2625],[120.7685,23.267],[120.7681,23.2695],[120.7693,23.2708],[120.7704,23.2711],[120.7711,23.2727],[120.7723,23.2738],[120.7738,23.2775],[120.7741,23.2793],[120.776,23.2817],[120.7751,23.2843],[120.7741,23.2861],[120.7749,23.2875],[120.7763,23.2878],[120.7762,23.2909],[120.7773,23.2932],[120.7789,23.2952],[120.7818,23.2949],[120.7827,23.2951],[120.783,23.2962],[120.7852,23.2982],[120.7854,23.3005],[120.786,23.3015],[120.7878,23.3027],[120.7896,23.3029],[120.7912,23.304],[120.7923,23.3053],[120.7935,23.3081],[120.7957,23.3111],[120.7976,23.3132],[120.7977,23.3168],[120.7986,23.3188],[120.7999,23.3199],[120.8017,23.3199],[120.8065,23.3216],[120.8073,23.3253],[120.8084,23.3266],[120.8088,23.3278],[120.8088,23.3297],[120.8121,23.3329],[120.8118,23.3341],[120.8148,23.3358],[120.8182,23.3383],[120.8188,23.3392],[120.8212,23.3405],[120.8235,23.3412],[120.8231,23.3443],[120.8231,23.346],[120.8214,23.3473],[120.819,23.3508],[120.814,23.354],[120.8129,23.3553],[120.8128,23.3563],[120.8136,23.3583],[120.8139,23.36],[120.8133,23.3608],[120.8111,23.3621],[120.81,23.3632],[120.8074,23.3668],[120.8059,23.3692],[120.8046,23.3708],[120.8058,23.3709],[120.807,23.3693],[120.8085,23.3684],[120.8099,23.3695],[120.8119,23.3697],[120.813,23.3693],[120.8148,23.3702],[120.8159,23.3714],[120.8196,23.3712],[120.8212,23.3705],[120.8234,23.372],[120.8253,23.3716],[120.8253,23.3729],[120.826,23.3737],[120.8285,23.375],[120.8294,23.3774],[120.8294,23.38],[120.8298,23.3816],[120.8294,23.3832],[120.831,23.3866],[120.8329,23.3872],[120.8344,23.3866],[120.8349,23.3877],[120.8341,23.3887],[120.8341,23.3897],[120.8357,23.39],[120.8369,23.3934],[120.8389,23.3945],[120.841,23.3949],[120.841,23.3962],[120.8397,23.3961],[120.8384,23.397],[120.8384,23.3982],[120.8401,23.3994],[120.841,23.401],[120.8426,23.402],[120.8431,23.4033],[120.8439,23.4039],[120.8448,23.4082],[120.8477,23.4101],[120.8479,23.4112],[120.8491,23.4118],[120.8495,23.4129],[120.8493,23.4165],[120.8495,23.4177],[120.8492,23.4195],[120.8502,23.4206],[120.8531,23.4219],[120.8536,23.423],[120.8546,23.4231],[120.8564,23.422],[120.8573,23.4221],[120.8586,23.4249],[120.8593,23.425],[120.8598,23.4239],[120.8623,23.4246],[120.8643,23.4239],[120.8663,23.4261],[120.8681,23.4266],[120.8693,23.4263],[120.8705,23.4284],[120.8717,23.4296],[120.8738,23.4298],[120.8755,23.4316],[120.8753,23.4328],[120.8789,23.4321],[120.882,23.4333],[120.8828,23.4354],[120.8838,23.4363],[120.8852,23.435],[120.8871,23.4352],[120.8875,23.4367],[120.8884,23.4374],[120.8888,23.4391],[120.8907,23.4424],[120.8906,23.4434],[120.8914,23.4442],[120.8918,23.4466],[120.8929,23.4452],[120.8952,23.4459],[120.8968,23.4509],[120.8988,23.4511],[120.9006,23.4524],[120.9004,23.4537],[120.9024,23.4541],[120.9045,23.4529],[120.9057,23.4532],[120.9064,23.4546],[120.9075,23.455],[120.9083,23.4567],[120.9099,23.4578],[120.9111,23.4576],[120.9127,23.4585],[120.9152,23.458],[120.9159,23.4588],[120.9201,23.4589],[120.9216,23.459],[120.9225,23.4581],[120.9239,23.4584],[120.9264,23.4574],[120.9268,23.456],[120.9285,23.4555],[120.9283,23.4568],[120.9302,23.4572],[120.9312,23.4571],[120.9326,23.4579],[120.934,23.4581],[120.9351,23.4589],[120.9345,23.4599],[120.9345,23.4614],[120.9366,23.4638],[120.9389,23.4639],[120.9403,23.4631],[120.9444,23.4634],[120.9503,23.4648],[120.952,23.4658],[120.956,23.4673],[120.9571,23.4684],[120.9575,23.4695]]]]}},{"type":"Feature","properties":{"name":"那瑪夏區"},"geometry":{"type":"Polygon","coordinates":[[[120.6534,23.2245],[120.6518,23.2262],[120.6505,23.2272],[120.6495,23.2286],[120.6496,23.2305],[120.6505,23.233],[120.6505,23.2348],[120.6513,23.2358],[120.6505,23.2371],[120.6509,23.238],[120.6492,23.2405],[120.6492,23.2427],[120.6486,23.2431],[120.6485,23.246],[120.6492,23.2471],[120.6481,23.2485],[120.6477,23.2496],[120.6457,23.2525],[120.6444,23.2537],[120.6443,23.2544],[120.6421,23.2568],[120.6419,23.2577],[120.6421,23.2606],[120.6411,23.264],[120.6407,23.2665],[120.6385,23.2688],[120.639,23.2704],[120.641,23.2709],[120.6413,23.2715],[120.6406,23.274],[120.6417,23.2746],[120.6432,23.276],[120.6421,23.2774],[120.6419,23.2786],[120.6426,23.2802],[120.6441,23.2819],[120.643,23.2866],[120.6419,23.2875],[120.6434,23.2889],[120.6437,23.2901],[120.6429,23.2917],[120.6421,23.2925],[120.6424,23.2938],[120.6438,23.2961],[120.6468,23.2975],[120.6473,23.2972],[120.6491,23.2934],[120.6507,23.2917],[120.652,23.2912],[120.6539,23.2913],[120.6553,23.2919],[120.6574,23.2953],[120.6588,23.2959],[120.6597,23.2948],[120.6618,23.295],[120.6627,23.2935],[120.6639,23.2938],[120.6654,23.2932],[120.6656,23.2941],[120.6673,23.294],[120.6684,23.292],[120.6699,23.292],[120.6703,23.2907],[120.6714,23.29],[120.6737,23.2911],[120.676,23.2903],[120.6762,23.2886],[120.6774,23.2879],[120.6784,23.2889],[120.6802,23.2886],[120.6819,23.2876],[120.6839,23.2871],[120.6872,23.2866],[120.6899,23.2853],[120.6918,23.2851],[120.6935,23.2845],[120.6966,23.2843],[120.6996,23.2844],[120.7012,23.2856],[120.7014,23.2869],[120.7026,23.2879],[120.7035,23.2895],[120.7026,23.291],[120.7029,23.2918],[120.7023,23.2941],[120.7028,23.2976],[120.7044,23.302],[120.7054,23.3028],[120.7068,23.3047],[120.7094,23.3061],[120.7112,23.3075],[120.7122,23.3087],[120.7163,23.3076],[120.718,23.3081],[120.7206,23.3084],[120.722,23.3081],[120.726,23.3066],[120.7306,23.3056],[120.7308,23.3078],[120.7302,23.3094],[120.7302,23.3108],[120.7323,23.3139],[120.7343,23.3152],[120.7363,23.316],[120.7387,23.3164],[120.7401,23.3178],[120.7404,23.3204],[120.7422,23.3215],[120.7464,23.3216],[120.7479,23.3219],[120.7501,23.3241],[120.7505,23.3255],[120.7526,23.3267],[120.7532,23.3282],[120.7522,23.3302],[120.7528,23.3314],[120.7547,23.3317],[120.7564,23.3328],[120.7584,23.3355],[120.7586,23.3373],[120.7572,23.3382],[120.7575,23.3396],[120.7585,23.3409],[120.7575,23.343],[120.7581,23.3443],[120.7607,23.3439],[120.763,23.3428],[120.7639,23.3418],[120.7649,23.3417],[120.7663,23.3425],[120.7669,23.3434],[120.7685,23.3439],[120.7711,23.3424],[120.7733,23.3418],[120.7749,23.3432],[120.7771,23.3435],[120.7786,23.3427],[120.7804,23.3423],[120.7832,23.3422],[120.7837,23.3426],[120.7848,23.3448],[120.7855,23.3456],[120.7876,23.3461],[120.7885,23.3483],[120.7887,23.3494],[120.7883,23.352],[120.7885,23.3528],[120.7908,23.3532],[120.792,23.3539],[120.7917,23.3566],[120.7922,23.3574],[120.7935,23.3575],[120.7953,23.3568],[120.7962,23.3569],[120.7972,23.3584],[120.7974,23.3597],[120.7991,23.3611],[120.8008,23.3609],[120.8008,23.3633],[120.8021,23.3651],[120.8047,23.3672],[120.8033,23.3695],[120.8046,23.3708],[120.8059,23.3692],[120.8074,23.3668],[120.81,23.3632],[120.8111,23.3621],[120.8133,23.3608],[120.8139,23.36],[120.8136,23.3583],[120.8128,23.3563],[120.8129,23.3553],[120.814,23.354],[120.819,23.3508],[120.8214,23.3473],[120.8231,23.346],[120.8231,23.3443],[120.8235,23.3412],[120.8212,23.3405],[120.8188,23.3392],[120.8182,23.3383],[120.8148,23.3358],[120.8118,23.3341],[120.8121,23.3329],[120.8088,23.3297],[120.8088,23.3278],[120.8084,23.3266],[120.8073,23.3253],[120.8065,23.3216],[120.8017,23.3199],[120.7999,23.3199],[120.7986,23.3188],[120.7977,23.3168],[120.7976,23.3132],[120.7957,23.3111],[120.7935,23.3081],[120.7923,23.3053],[120.7912,23.304],[120.7896,23.3029],[120.7878,23.3027],[120.786,23.3015],[120.7854,23.3005],[120.7852,23.2982],[120.783,23.2962],[120.7827,23.2951],[120.7818,23.2949],[120.7789,23.2952],[120.7773,23.2932],[120.7762,23.2909],[120.7763,23.2878],[120.7749,23.2875],[120.7741,23.2861],[120.7751,23.2843],[120.776,23.2817],[120.7741,23.2793],[120.7738,23.2775],[120.7723,23.2738],[120.7711,23.2727],[120.7704,23.2711],[120.7693,23.2708],[120.7681,23.2695],[120.7685,23.267],[120.7662,23.2625],[120.7648,23.2617],[120.7653,23.2588],[120.7646,23.2556],[120.7619,23.2528],[120.7615,23.2514],[120.76,23.2491],[120.7603,23.2473],[120.7603,23.2443],[120.7586,23.2404],[120.7581,23.2383],[120.7558,23.2372],[120.7543,23.2359],[120.7549,23.2342],[120.7559,23.233],[120.7562,23.2318],[120.7556,23.2301],[120.7547,23.2291],[120.7534,23.2286],[120.751,23.2262],[120.7503,23.2249],[120.7498,23.2227],[120.7485,23.2217],[120.7471,23.2199],[120.7454,23.2193],[120.7455,23.2175],[120.7453,23.2147],[120.7446,23.2131],[120.7441,23.2105],[120.744,23.2088],[120.7432,23.2063],[120.7421,23.2051],[120.7412,23.2029],[120.74,23.2014],[120.7377,23.2],[120.7363,23.1982],[120.7353,23.1951],[120.734,23.1938],[120.7294,23.1906],[120.7273,23.1901],[120.726,23.1886],[120.7252,23.1865],[120.7242,23.1847],[120.7224,23.1836],[120.72,23.1828],[120.7189,23.1817],[120.7176,23.1815],[120.7163,23.1834],[120.7153,23.1834],[120.7135,23.1817],[120.7109,23.1801],[120.7098,23.1782],[120.7081,23.177],[120.7065,23.1765],[120.7046,23.175],[120.7015,23.1734],[120.6988,23.1693],[120.6956,23.1711],[120.693,23.1709],[120.6913,23.1719],[120.6906,23.1747],[120.6898,23.1761],[120.6869,23.1765],[120.6842,23.1787],[120.6835,23.1799],[120.6824,23.1806],[120.6809,23.1828],[120.681,23.1871],[120.6813,23.1879],[120.6809,23.1906],[120.6826,23.1948],[120.68,23.1965],[120.6776,23.1967],[120.6734,23.1985],[120.6684,23.1985],[120.6663,23.1995],[120.6635,23.1997],[120.6613,23.2003],[120.6602,23.2001],[120.658,23.2009],[120.6572,23.2038],[120.6534,23.2077],[120.6514,23.2085],[120.6517,23.2102],[120.6531,23.2118],[120.654,23.2156],[120.6551,23.2162],[120.6563,23.2177],[120.6559,23.2212],[120.6552,23.2235],[120.6534,23.2245]]]}},{"type":"Feature","properties":{"name":"林園區"},"geometry":{"type":"Polygon","coordinates":[[[120.3589,22.5007],[120.3603,22.5078],[120.3604,22.5079],[120.3609,22.5082],[120.3611,22.5083],[120.3614,22.5086],[120.3614,22.5088],[120.3613,22.5091],[120.3611,22.5096],[120.3617,22.5099],[120.3621,22.51],[120.3627,22.5101],[120.3626,22.5103],[120.3626,22.5106],[120.3631,22.5109],[120.3635,22.5114],[120.3635,22.5116],[120.3635,22.5118],[120.3639,22.5129],[120.3641,22.5131],[120.3654,22.5155],[120.3656,22.5157],[120.3661,22.5161],[120.3663,22.5164],[120.3665,22.5165],[120.3666,22.5167],[120.3667,22.5169],[120.3666,22.5173],[120.3664,22.5176],[120.3664,22.5185],[120.3667,22.5188],[120.3673,22.5193],[120.3683,22.5202],[120.37,22.5214],[120.3702,22.5215],[120.3704,22.5218],[120.371,22.5223],[120.3712,22.5229],[120.3713,22.5231],[120.3713,22.5232],[120.3714,22.5232],[120.3714,22.5241],[120.3718,22.5247],[120.3723,22.5253],[120.3731,22.5261],[120.3737,22.5265],[120.3759,22.5269],[120.377,22.5274],[120.3777,22.5276],[120.3797,22.528],[120.3801,22.5282],[120.3805,22.5286],[120.3811,22.5292],[120.3816,22.5298],[120.3833,22.5312],[120.3837,22.5316],[120.3845,22.5321],[120.385,22.5324],[120.3855,22.5326],[120.3859,22.5328],[120.3863,22.5332],[120.3866,22.5341],[120.3865,22.5346],[120.387,22.5353],[120.3877,22.5353],[120.3882,22.5356],[120.3884,22.5357],[120.3888,22.5357],[120.3894,22.5356],[120.3895,22.5356],[120.3897,22.5357],[120.3897,22.5359],[120.3898,22.5362],[120.3902,22.5367],[120.3904,22.5368],[120.3907,22.5368],[120.3913,22.5368],[120.3917,22.5369],[120.3925,22.5373],[120.3925,22.5374],[120.394,22.5365],[120.3952,22.5374],[120.3969,22.5379],[120.3985,22.5372],[120.3995,22.5376],[120.4014,22.5368],[120.4012,22.5364],[120.4033,22.5355],[120.4033,22.5338],[120.4068,22.5336],[120.4071,22.5338],[120.4097,22.5328],[120.4136,22.5325],[120.4141,22.5333],[120.4169,22.5331],[120.4182,22.5339],[120.4275,22.5343],[120.4251,22.5285],[120.4246,22.5244],[120.4229,22.5185],[120.4228,22.5149],[120.423,22.511],[120.4236,22.5065],[120.4248,22.5015],[120.4257,22.4982],[120.4252,22.4941],[120.4251,22.4911],[120.4239,22.48],[120.4244,22.4687],[120.4208,22.4685],[120.4139,22.4705],[120.4109,22.4707],[120.4076,22.4717],[120.4055,22.4727],[120.4019,22.4739],[120.4009,22.4749],[120.3984,22.4756],[120.3957,22.477],[120.3937,22.479],[120.3897,22.4817],[120.3869,22.4831],[120.3849,22.4849],[120.381,22.487],[120.3795,22.4876],[120.3775,22.4888],[120.3732,22.4912],[120.3715,22.4929],[120.3643,22.4982],[120.3599,22.5011],[120.3589,22.5007]]]}},{"type":"Feature","properties":{"name":"茄萣區"},"geometry":{"type":"Polygon","coordinates":[[[120.2199,22.8706],[120.2185,22.8705],[120.2168,22.8671],[120.2176,22.8667],[120.2174,22.8658],[120.2206,22.8646],[120.2194,22.8624],[120.2186,22.8571],[120.2134,22.8512],[120.2081,22.8543],[120.2068,22.8549],[120.2016,22.8546],[120.2,22.8539],[120.1989,22.8524],[120.1968,22.8505],[120.1953,22.8502],[120.1946,22.8528],[120.1929,22.8564],[120.1928,22.8571],[120.1916,22.8583],[120.1894,22.858],[120.1892,22.8584],[120.1933,22.8593],[120.193,22.86],[120.1913,22.8598],[120.1897,22.8607],[120.1903,22.864],[120.1929,22.8648],[120.1922,22.8672],[120.1901,22.8733],[120.1864,22.8816],[120.1862,22.8825],[120.1844,22.8861],[120.184,22.8878],[120.183,22.8895],[120.1818,22.8923],[120.1802,22.8954],[120.179,22.8994],[120.1783,22.9007],[120.1771,22.9045],[120.1747,22.9103],[120.1748,22.9117],[120.1768,22.9123],[120.1789,22.9143],[120.1825,22.9171],[120.1877,22.9202],[120.19,22.9178],[120.1905,22.9134],[120.1924,22.9108],[120.1981,22.9082],[120.2,22.9068],[120.1991,22.9066],[120.1998,22.9011],[120.1976,22.9008],[120.1974,22.9027],[120.1966,22.9024],[120.1976,22.9001],[120.1969,22.8984],[120.1978,22.8938],[120.199,22.8905],[120.2006,22.8885],[120.2024,22.8873],[120.2033,22.8878],[120.2042,22.8925],[120.2049,22.8932],[120.2071,22.8935],[120.2087,22.8924],[120.2098,22.8908],[120.2107,22.8885],[120.2103,22.8863],[120.2095,22.8855],[120.2073,22.8846],[120.2048,22.8842],[120.2038,22.8823],[120.206,22.8839],[120.2069,22.8838],[120.2097,22.8823],[120.2112,22.8826],[120.2132,22.8821],[120.2149,22.882],[120.2183,22.8813],[120.2186,22.8716],[120.22,22.8712],[120.2199,22.8706]]]}},{"type":"Feature","properties":{"name":"永安區"},"geometry":{"type":"Polygon","coordinates":[[[120.2547,22.825],[120.2555,22.8238],[120.2533,22.821],[120.2535,22.8206],[120.2532,22.8181],[120.2551,22.8173],[120.2565,22.814],[120.2552,22.8113],[120.2538,22.8101],[120.253,22.8099],[120.2532,22.8087],[120.2539,22.8087],[120.2541,22.8074],[120.2548,22.8066],[120.2575,22.8079],[120.259,22.8092],[120.2607,22.807],[120.2609,22.8055],[120.2629,22.8028],[120.2614,22.8023],[120.262,22.8003],[120.2609,22.7995],[120.2615,22.797],[120.2579,22.7956],[120.2565,22.7954],[120.2534,22.7954],[120.2519,22.7964],[120.2494,22.7974],[120.2469,22.7978],[120.2448,22.7979],[120.2437,22.7974],[120.245,22.7961],[120.2444,22.7953],[120.2398,22.7961],[120.2378,22.7972],[120.2371,22.7983],[120.2345,22.7999],[120.2312,22.8023],[120.2292,22.8023],[120.228,22.8017],[120.2228,22.8028],[120.2211,22.8039],[120.219,22.8045],[120.2161,22.8041],[120.2155,22.8035],[120.2154,22.8042],[120.2142,22.8049],[120.2123,22.8076],[120.1979,22.8053],[120.1933,22.8074],[120.1902,22.8136],[120.1905,22.8153],[120.206,22.8202],[120.2072,22.821],[120.2072,22.8229],[120.2062,22.8254],[120.2051,22.8252],[120.2036,22.8299],[120.2005,22.8385],[120.2013,22.8387],[120.199,22.8435],[120.1981,22.8436],[120.1981,22.8446],[120.1965,22.8448],[120.1929,22.8485],[120.1953,22.8502],[120.1968,22.8505],[120.1989,22.8524],[120.2,22.8539],[120.2016,22.8546],[120.2068,22.8549],[120.2081,22.8543],[120.2134,22.8512],[120.218,22.8484],[120.22,22.8468],[120.2238,22.8454],[120.2267,22.8392],[120.2295,22.8403],[120.2288,22.8421],[120.2292,22.8422],[120.2318,22.839],[120.2363,22.84],[120.2389,22.8381],[120.2393,22.8353],[120.2401,22.8357],[120.2402,22.8343],[120.241,22.8322],[120.2427,22.8317],[120.2435,22.8292],[120.2453,22.8295],[120.2471,22.8293],[120.2496,22.83],[120.2502,22.829],[120.255,22.8315],[120.2569,22.8283],[120.2539,22.8267],[120.2547,22.825]]]}},{"type":"Feature","properties":{"name":"彌陀區"},"geometry":{"type":"Polygon","coordinates":[[[120.2565,22.7954],[120.2565,22.794],[120.2545,22.7935],[120.2543,22.7912],[120.2524,22.7908],[120.2523,22.7894],[120.2533,22.7869],[120.2539,22.7865],[120.255,22.7833],[120.255,22.7818],[120.2557,22.7803],[120.2548,22.7801],[120.2551,22.7788],[120.2577,22.779],[120.2582,22.7784],[120.2595,22.7789],[120.2621,22.7757],[120.2593,22.7735],[120.2584,22.7725],[120.2588,22.7702],[120.2562,22.7694],[120.2546,22.7693],[120.2549,22.7682],[120.2538,22.7677],[120.2537,22.7669],[120.2519,22.7645],[120.2505,22.7638],[120.2509,22.7605],[120.2494,22.7597],[120.2505,22.7571],[120.2493,22.7543],[120.2468,22.7542],[120.2466,22.7508],[120.2452,22.7513],[120.2448,22.7536],[120.2434,22.7537],[120.2431,22.7515],[120.2441,22.7513],[120.2437,22.7496],[120.2442,22.7487],[120.243,22.7471],[120.2445,22.7462],[120.2448,22.7456],[120.2432,22.7439],[120.2422,22.7454],[120.2393,22.7515],[120.2382,22.7528],[120.2362,22.7569],[120.234,22.7604],[120.2329,22.76],[120.2312,22.7607],[120.231,22.7619],[120.2324,22.7625],[120.2327,22.7646],[120.2322,22.7664],[120.2306,22.769],[120.2291,22.7733],[120.2277,22.7754],[120.2257,22.7802],[120.2229,22.7855],[120.2226,22.7867],[120.2206,22.7906],[120.2201,22.7925],[120.2192,22.7938],[120.2192,22.7947],[120.2176,22.7979],[120.2159,22.8019],[120.2155,22.8035],[120.2161,22.8041],[120.219,22.8045],[120.2211,22.8039],[120.2228,22.8028],[120.228,22.8017],[120.2292,22.8023],[120.2312,22.8023],[120.2345,22.7999],[120.2371,22.7983],[120.2378,22.7972],[120.2398,22.7961],[120.2444,22.7953],[120.245,22.7961],[120.2437,22.7974],[120.2448,22.7979],[120.2469,22.7978],[120.2494,22.7974],[120.2519,22.7964],[120.2534,22.7954],[120.2565,22.7954]]]}},{"type":"Feature","properties":{"name":"梓官區"},"geometry":{"type":"Polygon","coordinates":[[[120.266,22.7299],[120.2635,22.7279],[120.262,22.7255],[120.2598,22.7231],[120.2569,22.7196],[120.2563,22.7185],[120.2549,22.7196],[120.2538,22.7228],[120.2528,22.7241],[120.2514,22.7237],[120.2498,22.7242],[120.2494,22.7261],[120.2503,22.7269],[120.2497,22.7285],[120.2453,22.7378],[120.2454,22.7388],[120.2432,22.7439],[120.2448,22.7456],[120.2445,22.7462],[120.243,22.7471],[120.2442,22.7487],[120.2437,22.7496],[120.2441,22.7513],[120.2431,22.7515],[120.2434,22.7537],[120.2448,22.7536],[120.2452,22.7513],[120.2466,22.7508],[120.2468,22.7542],[120.2493,22.7543],[120.2505,22.7571],[120.2494,22.7597],[120.2509,22.7605],[120.2505,22.7638],[120.2519,22.7645],[120.2537,22.7669],[120.2538,22.7677],[120.2549,22.7682],[120.2546,22.7693],[120.2562,22.7694],[120.2588,22.7702],[120.2631,22.7701],[120.2634,22.7689],[120.2663,22.7708],[120.2669,22.7708],[120.2671,22.7676],[120.2691,22.7677],[120.2696,22.7708],[120.2715,22.77],[120.2734,22.7698],[120.2747,22.7686],[120.2748,22.7671],[120.2746,22.7661],[120.2753,22.7653],[120.2743,22.7636],[120.2759,22.7612],[120.2762,22.7585],[120.276,22.7558],[120.2756,22.7548],[120.2739,22.7535],[120.2743,22.7512],[120.2739,22.7503],[120.2725,22.7496],[120.2715,22.7486],[120.272,22.7471],[120.2711,22.7447],[120.2694,22.7423],[120.2693,22.7407],[120.2677,22.7419],[120.266,22.7419],[120.2646,22.741],[120.2663,22.7386],[120.2655,22.7374],[120.2638,22.7365],[120.263,22.7356],[120.2634,22.7351],[120.2651,22.7348],[120.2657,22.7342],[120.2655,22.7328],[120.2665,22.731],[120.266,22.7299]]]}},{"type":"Feature","properties":{"name":"苓雅區"},"geometry":{"type":"Polygon","coordinates":[[[120.2902,22.615],[120.2904,22.6181],[120.2903,22.6206],[120.2937,22.6206],[120.295,22.621],[120.2962,22.618],[120.3022,22.6199],[120.3121,22.6232],[120.3109,22.6264],[120.3142,22.6275],[120.3133,22.6298],[120.3133,22.6306],[120.3179,22.6303],[120.3167,22.6335],[120.3167,22.6343],[120.3198,22.6319],[120.3208,22.6323],[120.3191,22.6366],[120.3186,22.6375],[120.3172,22.6384],[120.3216,22.6378],[120.334,22.6356],[120.3447,22.6338],[120.3452,22.6332],[120.3435,22.6331],[120.3431,22.6309],[120.3419,22.6309],[120.3417,22.6299],[120.3393,22.6295],[120.3399,22.6291],[120.3431,22.6281],[120.3443,22.628],[120.344,22.6273],[120.3455,22.6266],[120.3448,22.625],[120.34,22.6242],[120.3396,22.6225],[120.3382,22.6206],[120.3407,22.6191],[120.3395,22.6177],[120.339,22.618],[120.3372,22.6163],[120.3349,22.6161],[120.3345,22.6185],[120.3279,22.6177],[120.328,22.6166],[120.3268,22.6166],[120.3274,22.6142],[120.327,22.6124],[120.3267,22.6117],[120.3251,22.6119],[120.3252,22.615],[120.3237,22.6145],[120.3236,22.6154],[120.3226,22.6156],[120.3182,22.6154],[120.3183,22.6168],[120.3177,22.6183],[120.3052,22.6141],[120.3051,22.6125],[120.2978,22.61],[120.2966,22.6095],[120.2959,22.6077],[120.2888,22.611],[120.2902,22.615]]]}},{"type":"Feature","properties":{"name":"三民區"},"geometry":{"type":"Polygon","coordinates":[[[120.286,22.6318],[120.2852,22.6347],[120.2845,22.6386],[120.2817,22.6433],[120.282,22.6454],[120.2828,22.6465],[120.2868,22.6501],[120.2883,22.6504],[120.2905,22.6496],[120.293,22.6498],[120.2956,22.6521],[120.2966,22.6523],[120.2993,22.6514],[120.3004,22.6518],[120.3022,22.653],[120.3063,22.6533],[120.3081,22.6546],[120.3088,22.6547],[120.3114,22.6551],[120.3122,22.6559],[120.3122,22.6587],[120.3113,22.6607],[120.3111,22.6624],[120.3117,22.6636],[120.3134,22.6654],[120.3147,22.6675],[120.3152,22.6694],[120.3176,22.6696],[120.3189,22.6716],[120.3194,22.6716],[120.3204,22.6745],[120.3224,22.6762],[120.323,22.6772],[120.324,22.6774],[120.3249,22.6784],[120.3252,22.6797],[120.3266,22.6798],[120.3268,22.6787],[120.3279,22.676],[120.3263,22.6755],[120.3266,22.6749],[120.3292,22.6759],[120.3303,22.6759],[120.3277,22.6748],[120.3268,22.6739],[120.327,22.6723],[120.328,22.6716],[120.3302,22.6724],[120.3325,22.6722],[120.337,22.673],[120.3377,22.6735],[120.3395,22.6721],[120.3395,22.671],[120.3375,22.6699],[120.3374,22.6693],[120.3337,22.6662],[120.3333,22.6654],[120.3343,22.6641],[120.3352,22.6615],[120.3366,22.66],[120.3351,22.6596],[120.3331,22.66],[120.3325,22.6606],[120.3307,22.6601],[120.3315,22.6585],[120.3332,22.6574],[120.3349,22.655],[120.3374,22.6531],[120.337,22.6525],[120.3455,22.6462],[120.3464,22.6472],[120.3472,22.6473],[120.3485,22.6466],[120.3459,22.6417],[120.3497,22.6397],[120.3502,22.6388],[120.3459,22.6375],[120.345,22.6368],[120.3447,22.6338],[120.334,22.6356],[120.3216,22.6378],[120.3172,22.6384],[120.3186,22.6375],[120.3191,22.6366],[120.3208,22.6323],[120.3198,22.6319],[120.3167,22.6343],[120.3138,22.6366],[120.3096,22.6368],[120.3068,22.6364],[120.2995,22.6369],[120.2971,22.6361],[120.2884,22.6332],[120.286,22.6318]]]}},{"type":"Feature","properties":{"name":"旗津區"},"geometry":{"type":"Polygon","coordinates":[[[120.3171,22.5591],[120.3204,22.5553],[120.3156,22.5518],[120.3073,22.5475],[120.3036,22.5456],[120.3018,22.5458],[120.2985,22.5475],[120.3007,22.5513],[120.3034,22.5543],[120.3028,22.5578],[120.2858,22.5779],[120.2845,22.5781],[120.2824,22.5808],[120.2784,22.5844],[120.2713,22.5928],[120.2698,22.5956],[120.2676,22.5981],[120.2668,22.6],[120.2638,22.6019],[120.263,22.6014],[120.2632,22.6036],[120.2637,22.6051],[120.2653,22.6066],[120.266,22.6088],[120.2656,22.6107],[120.2642,22.6114],[120.2632,22.6104],[120.2633,22.6129],[120.2623,22.614],[120.2561,22.6177],[120.2565,22.6196],[120.2572,22.6194],[120.2581,22.6192],[120.2599,22.6186],[120.2612,22.6182],[120.2631,22.6176],[120.264,22.6173],[120.2645,22.6172],[120.266,22.6166],[120.2664,22.6165],[120.2677,22.6161],[120.271,22.615],[120.2722,22.6144],[120.2742,22.6135],[120.275,22.613],[120.2776,22.6111],[120.2794,22.6095],[120.2799,22.6091],[120.2807,22.6083],[120.2812,22.6077],[120.2814,22.6074],[120.2819,22.6067],[120.2821,22.6063],[120.2828,22.605],[120.2832,22.6043],[120.2836,22.6037],[120.2859,22.6],[120.2864,22.5993],[120.2902,22.5932],[120.2907,22.5922],[120.2923,22.5897],[120.293,22.5886],[120.2935,22.5879],[120.2942,22.5867],[120.2956,22.5847],[120.2961,22.5838],[120.297,22.5826],[120.2976,22.5818],[120.2977,22.5817],[120.2985,22.5808],[120.3011,22.578],[120.3016,22.5775],[120.3017,22.5773],[120.3019,22.5771],[120.3023,22.5766],[120.3026,22.5761],[120.3037,22.5746],[120.3042,22.5738],[120.3049,22.5727],[120.3053,22.5721],[120.3061,22.5712],[120.307,22.5703],[120.3078,22.5696],[120.3098,22.5673],[120.3109,22.5661],[120.3112,22.5657],[120.3119,22.565],[120.3129,22.5639],[120.3138,22.5629],[120.3148,22.5617],[120.316,22.5604],[120.3171,22.5591]]]}},{"type":"Feature","properties":{"name":"鼓山區"},"geometry":{"type":"Polygon","coordinates":[[[120.2852,22.6347],[120.2834,22.6333],[120.2789,22.6266],[120.2771,22.6232],[120.2774,22.6222],[120.2792,22.6209],[120.2788,22.6203],[120.283,22.6182],[120.2902,22.615],[120.2888,22.611],[120.283,22.6134],[120.2813,22.6144],[120.2776,22.6111],[120.275,22.613],[120.2742,22.6135],[120.2722,22.6144],[120.271,22.615],[120.2677,22.6161],[120.2664,22.6165],[120.266,22.6166],[120.2645,22.6172],[120.264,22.6173],[120.2631,22.6176],[120.2612,22.6182],[120.2599,22.6186],[120.2581,22.6192],[120.2572,22.6194],[120.2565,22.6196],[120.2567,22.6209],[120.2633,22.6241],[120.2635,22.6262],[120.263,22.6279],[120.2625,22.6283],[120.261,22.6315],[120.2601,22.632],[120.2593,22.6339],[120.2561,22.6363],[120.2551,22.6396],[120.254,22.6405],[120.2538,22.6416],[120.2517,22.6452],[120.2511,22.6493],[120.2499,22.6507],[120.2499,22.6517],[120.2506,22.6526],[120.2508,22.6549],[120.2503,22.6565],[120.2509,22.6596],[120.2514,22.6605],[120.2512,22.6619],[120.2527,22.664],[120.253,22.665],[120.2553,22.6669],[120.2564,22.6686],[120.2575,22.6689],[120.2576,22.668],[120.2586,22.6674],[120.2602,22.6682],[120.2612,22.6697],[120.2637,22.6715],[120.2679,22.6728],[120.2725,22.6732],[120.274,22.6741],[120.2758,22.6738],[120.2776,22.6742],[120.2786,22.6739],[120.2817,22.6715],[120.2845,22.6715],[120.2866,22.6705],[120.2867,22.669],[120.2886,22.6677],[120.2894,22.669],[120.2929,22.6726],[120.2939,22.6722],[120.2956,22.6699],[120.2978,22.6679],[120.2979,22.6671],[120.2999,22.6658],[120.3033,22.6658],[120.303,22.6586],[120.3032,22.6562],[120.3068,22.657],[120.3088,22.6566],[120.3088,22.6547],[120.3081,22.6546],[120.3063,22.6533],[120.3022,22.653],[120.3004,22.6518],[120.2993,22.6514],[120.2966,22.6523],[120.2956,22.6521],[120.293,22.6498],[120.2905,22.6496],[120.2883,22.6504],[120.2868,22.6501],[120.2828,22.6465],[120.282,22.6454],[120.2817,22.6433],[120.2845,22.6386],[120.2852,22.6347]]]}},{"type":"Feature","properties":{"name":"左營區"},"geometry":{"type":"Polygon","coordinates":[[[120.2581,22.6936],[120.2602,22.6947],[120.2634,22.6967],[120.263,22.6987],[120.2633,22.7005],[120.2645,22.7027],[120.2657,22.7036],[120.2664,22.7062],[120.2678,22.7052],[120.2676,22.7067],[120.2684,22.7069],[120.2688,22.7055],[120.2713,22.7049],[120.2821,22.7049],[120.2925,22.7052],[120.2928,22.7065],[120.2935,22.7064],[120.2968,22.7095],[120.2978,22.7087],[120.2999,22.7078],[120.2999,22.707],[120.2948,22.7053],[120.2963,22.7041],[120.2977,22.7007],[120.3025,22.7008],[120.3026,22.699],[120.3044,22.698],[120.3041,22.6975],[120.3081,22.6952],[120.3119,22.6994],[120.3149,22.6959],[120.3168,22.6942],[120.3162,22.6935],[120.3204,22.6899],[120.3212,22.6902],[120.3229,22.6879],[120.3236,22.6863],[120.3237,22.6851],[120.3247,22.6852],[120.3242,22.6838],[120.3221,22.6816],[120.3234,22.6803],[120.3264,22.6804],[120.3266,22.6798],[120.3252,22.6797],[120.3249,22.6784],[120.324,22.6774],[120.323,22.6772],[120.3224,22.6762],[120.3204,22.6745],[120.3194,22.6716],[120.3189,22.6716],[120.3176,22.6696],[120.3152,22.6694],[120.3147,22.6675],[120.3134,22.6654],[120.3117,22.6636],[120.3111,22.6624],[120.3113,22.6607],[120.3122,22.6587],[120.3122,22.6559],[120.3114,22.6551],[120.3088,22.6547],[120.3088,22.6566],[120.3068,22.657],[120.3032,22.6562],[120.303,22.6586],[120.3033,22.6658],[120.2999,22.6658],[120.2979,22.6671],[120.2978,22.6679],[120.2956,22.6699],[120.2939,22.6722],[120.2929,22.6726],[120.2894,22.669],[120.2886,22.6677],[120.2867,22.669],[120.2866,22.6705],[120.2845,22.6715],[120.2817,22.6715],[120.2786,22.6739],[120.2776,22.6742],[120.2758,22.6738],[120.274,22.6741],[120.2725,22.6732],[120.2679,22.6728],[120.2637,22.6715],[120.2612,22.6697],[120.2602,22.6682],[120.2586,22.6674],[120.2576,22.668],[120.2575,22.6689],[120.2593,22.669],[120.2626,22.6727],[120.2636,22.6732],[120.2645,22.6752],[120.2644,22.6808],[120.2641,22.6825],[120.2631,22.684],[120.2635,22.6863],[120.2628,22.689],[120.2618,22.6893],[120.2581,22.6893],[120.2581,22.6936]]]}}]}