{"type":"FeatureCollection","features":[{"type":"Feature","properties":{"name":"屏東縣佳冬鄉","county":"屏東縣","town":"佳冬鄉"},"geometry":{"type":"Polygon","coordinates":[[[120.5766,22.4578],[120.575,22.4559],[120.5738,22.4528],[120.5735,22.4502],[120.5729,22.4483],[120.5716,22.4485],[120.5712,22.4465],[120.57,22.4432],[120.5707,22.4407],[120.569,22.4382],[120.5691,22.4335],[120.567,22.4297],[120.5679,22.4275],[120.5714,22.4222],[120.5762,22.4145],[120.5754,22.414],[120.5716,22.4124],[120.5672,22.4109],[120.5633,22.4101],[120.5648,22.4092],[120.5656,22.4073],[120.5658,22.405],[120.5657,22.4017],[120.5643,22.4004],[120.5637,22.3989],[120.562,22.3993],[120.5617,22.4005],[120.56,22.4012],[120.558,22.4013],[120.5577,22.4019],[120.5565,22.4011],[120.5533,22.4008],[120.5523,22.3992],[120.5516,22.3972],[120.5505,22.3962],[120.5498,22.397],[120.547,22.3976],[120.5457,22.3981],[120.546,22.3974],[120.5402,22.3972],[120.5242,22.4053],[120.5175,22.409],[120.5176,22.4115],[120.5158,22.4111],[120.5136,22.4113],[120.5103,22.4119],[120.5133,22.4188],[120.5173,22.4219],[120.5215,22.4254],[120.5235,22.4276],[120.525,22.43],[120.5259,22.441],[120.5272,22.4435],[120.5253,22.4441],[120.5243,22.4449],[120.5258,22.4489],[120.5273,22.4496],[120.533,22.4496],[120.5349,22.4519],[120.5386,22.4588],[120.5396,22.4616],[120.5415,22.4631],[120.5446,22.4631],[120.5461,22.4615],[120.5487,22.4607],[120.552,22.4608],[120.5572,22.4615],[120.5613,22.4617],[120.5631,22.4615],[120.5667,22.4603],[120.5691,22.4602],[120.5701,22.4607],[120.5732,22.4604],[120.5766,22.4578]]]}},{"type":"Feature","properties":{"name":"屏東縣竹田鄉","county":"屏東縣","town":"竹田鄉"},"geometry":{"type":"Polygon","coordinates":[[[120.5079,22.6207],[120.5138,22.6227],[120.5157,22.623],[120.5173,22.6239],[120.5179,22.625],[120.5198,22.6262],[120.5244,22.6273],[120.5258,22.628],[120.5267,22.6292],[120.5275,22.6312],[120.5284,22.6324],[120.5282,22.634],[120.5295,22.6347],[120.5302,22.6359],[120.5302,22.6372],[120.5311,22.6373],[120.5333,22.6395],[120.5338,22.641],[120.5348,22.6418],[120.5365,22.64],[120.5392,22.6371],[120.5381,22.6355],[120.538,22.6314],[120.5383,22.628],[120.537,22.6242],[120.5364,22.6218],[120.5369,22.6202],[120.5366,22.6182],[120.5378,22.618],[120.5365,22.6156],[120.5371,22.6132],[120.5361,22.6126],[120.5358,22.6063],[120.5356,22.6043],[120.5365,22.6022],[120.5464,22.6048],[120.5465,22.6056],[120.5479,22.6052],[120.5526,22.6065],[120.5536,22.6057],[120.5528,22.6039],[120.5533,22.6031],[120.5532,22.6008],[120.5538,22.599],[120.5546,22.598],[120.554,22.5973],[120.5535,22.5946],[120.5538,22.594],[120.5565,22.5909],[120.5576,22.5883],[120.557,22.5862],[120.5563,22.5855],[120.5559,22.5836],[120.5566,22.5823],[120.5568,22.5809],[120.5555,22.5769],[120.5541,22.5737],[120.5518,22.5724],[120.5469,22.5706],[120.5451,22.5694],[120.5428,22.5672],[120.5407,22.5656],[120.5397,22.5644],[120.5381,22.5634],[120.5354,22.5641],[120.5334,22.5639],[120.5296,22.5657],[120.5285,22.5638],[120.5258,22.5616],[120.5214,22.5596],[120.5187,22.5574],[120.5201,22.5544],[120.5197,22.553],[120.5188,22.5524],[120.5171,22.5524],[120.5159,22.554],[120.5159,22.5572],[120.5145,22.5578],[120.5124,22.5578],[120.5114,22.5573],[120.5098,22.5557],[120.5091,22.554],[120.5095,22.5515],[120.5102,22.5501],[120.5098,22.5491],[120.5084,22.5477],[120.5086,22.5467],[120.5081,22.5447],[120.5059,22.5432],[120.5042,22.5428],[120.5024,22.5445],[120.502,22.5456],[120.5036,22.547],[120.506,22.5479],[120.5057,22.5512],[120.5041,22.554],[120.5047,22.5555],[120.5039,22.5559],[120.504,22.5582],[120.4994,22.559],[120.4994,22.5599],[120.4969,22.5612],[120.4977,22.5627],[120.4946,22.5643],[120.4959,22.5654],[120.4946,22.5692],[120.4966,22.5714],[120.4984,22.5714],[120.5,22.5729],[120.5007,22.572],[120.5013,22.5727],[120.5028,22.5727],[120.5062,22.574],[120.5073,22.5772],[120.5095,22.5797],[120.5105,22.5812],[120.5127,22.582],[120.5129,22.5826],[120.515,22.5828],[120.5161,22.5847],[120.5162,22.5859],[120.5173,22.5878],[120.5213,22.5929],[120.5222,22.5933],[120.5231,22.5955],[120.5227,22.5971],[120.5217,22.5976],[120.521,22.5989],[120.5196,22.5997],[120.5187,22.6007],[120.5186,22.6022],[120.5176,22.6037],[120.5157,22.6047],[120.5132,22.6068],[120.512,22.607],[120.5129,22.6079],[120.51,22.6122],[120.5069,22.616],[120.5068,22.6181],[120.5079,22.6207]]]}},{"type":"Feature","properties":{"name":"屏東縣萬丹鄉","county":"屏東縣","town":"萬丹鄉"},"geometry":{"type":"Polygon","coordinates":[[[120.5079,22.6207],[120.5068,22.6181],[120.5069,22.616],[120.51,22.6122],[120.5129,22.6079],[120.512,22.607],[120.5132,22.6068],[120.5157,22.6047],[120.5176,22.6037],[120.5186,22.6022],[120.5187,22.6007],[120.5196,22.5997],[120.521,22.5989],[120.5217,22.5976],[120.5227,22.5971],[120.5231,22.5955],[120.5222,22.5933],[120.5213,22.5929],[120.5173,22.5878],[120.5162,22.5859],[120.5161,22.5847],[120.515,22.5828],[120.5129,22.5826],[120.5127,22.582],[120.5105,22.5812],[120.5095,22.5797],[120.5073,22.5772],[120.5062,22.574],[120.5028,22.5727],[120.5013,22.5727],[120.5007,22.572],[120.5,22.5729],[120.4984,22.5714],[120.4966,22.5714],[120.4946,22.5692],[120.4959,22.5654],[120.4946,22.5643],[120.4977,22.5627],[120.4969,22.5612],[120.4994,22.5599],[120.4994,22.559],[120.504,22.5582],[120.5039,22.5559],[120.5047,22.5555],[120.5041,22.554],[120.5057,22.5512],[120.506,22.5479],[120.5036,22.547],[120.502,22.5456],[120.5024,22.5445],[120.5042,22.5428],[120.5044,22.5418],[120.5024,22.5397],[120.5006,22.5387],[120.4992,22.5386],[120.4977,22.5394],[120.4968,22.5391],[120.4961,22.5371],[120.4943,22.5344],[120.4926,22.5333],[120.4923,22.5305],[120.4918,22.5294],[120.4907,22.5286],[120.4884,22.5277],[120.4864,22.5249],[120.4852,22.5266],[120.4844,22.5267],[120.4831,22.5272],[120.4791,22.5302],[120.4781,22.5311],[120.4785,22.5349],[120.4759,22.5347],[120.4755,22.5314],[120.4744,22.5311],[120.4739,22.5336],[120.4743,22.5339],[120.4731,22.5352],[120.473,22.536],[120.4795,22.5366],[120.4799,22.5397],[120.4789,22.54],[120.4812,22.5559],[120.4777,22.5563],[120.4781,22.562],[120.4767,22.5603],[120.4698,22.558],[120.4712,22.5603],[120.4649,22.56],[120.4631,22.5593],[120.4611,22.559],[120.4613,22.5597],[120.4583,22.5596],[120.456,22.5588],[120.455,22.5588],[120.4535,22.558],[120.4474,22.5574],[120.4407,22.5576],[120.442,22.5601],[120.4427,22.5623],[120.4434,22.5671],[120.4441,22.5688],[120.4449,22.5732],[120.4456,22.5792],[120.447,22.5862],[120.447,22.5895],[120.4466,22.5945],[120.4458,22.5988],[120.4449,22.6007],[120.4427,22.6033],[120.4406,22.605],[120.439,22.6058],[120.4375,22.6073],[120.4366,22.6089],[120.4346,22.6134],[120.4337,22.6176],[120.4335,22.6209],[120.4337,22.6246],[120.4353,22.6288],[120.4377,22.6293],[120.4382,22.6286],[120.4406,22.629],[120.4412,22.6277],[120.4426,22.628],[120.4431,22.6287],[120.4461,22.6292],[120.449,22.6287],[120.4536,22.6293],[120.4543,22.629],[120.4581,22.6301],[120.4592,22.6299],[120.4599,22.6291],[120.4628,22.6282],[120.465,22.6274],[120.468,22.6271],[120.4687,22.6264],[120.4691,22.627],[120.4715,22.6263],[120.4726,22.6288],[120.474,22.6287],[120.4745,22.6296],[120.4803,22.6302],[120.4803,22.6268],[120.4811,22.6231],[120.4807,22.6207],[120.4823,22.6208],[120.4843,22.6202],[120.4853,22.6209],[120.4887,22.6224],[120.4906,22.6224],[120.4925,22.6232],[120.493,22.6193],[120.4963,22.619],[120.5013,22.6189],[120.5036,22.6192],[120.5041,22.6201],[120.5052,22.621],[120.5063,22.6249],[120.5076,22.6241],[120.5083,22.623],[120.5079,22.6207]]]}},{"type":"Feature","properties":{"name":"嘉義縣太保市","county":"嘉義縣","town":"太保市"},"geometry":{"type":"Polygon","coordinates":[[[120.3888,23.5161],[120.3881,23.5144],[120.3879,23.5091],[120.389,23.5078],[120.3889,23.5071],[120.393,23.5066],[120.4041,23.5111],[120.406,23.5111],[120.407,23.5106],[120.4091,23.5083],[120.4088,23.5066],[120.4057,23.5037],[120.4038,23.5037],[120.401,23.5019],[120.4002,23.5],[120.4002,23.4988],[120.3993,23.4988],[120.395,23.5007],[120.3915,23.5003],[120.3893,23.4986],[120.39,23.4979],[120.3892,23.4972],[120.3893,23.494],[120.3898,23.4914],[120.3947,23.4908],[120.3939,23.4889],[120.3941,23.4869],[120.3936,23.4862],[120.3934,23.4825],[120.3944,23.4808],[120.3969,23.4804],[120.3969,23.4795],[120.3981,23.4795],[120.3991,23.4784],[120.3985,23.4768],[120.3988,23.4757],[120.3985,23.474],[120.3993,23.4711],[120.398,23.4704],[120.3966,23.4677],[120.3953,23.4674],[120.3942,23.4662],[120.3941,23.4625],[120.3897,23.4625],[120.3882,23.4616],[120.3844,23.4613],[120.3844,23.4585],[120.3801,23.4586],[120.38,23.4629],[120.379,23.4647],[120.3743,23.462],[120.3741,23.4632],[120.3724,23.4631],[120.3719,23.4624],[120.3704,23.4628],[120.3696,23.4635],[120.3684,23.4623],[120.3662,23.4619],[120.3622,23.4631],[120.3609,23.4638],[120.362,23.461],[120.3555,23.4588],[120.3556,23.4577],[120.3565,23.4563],[120.3583,23.4551],[120.3579,23.4548],[120.3511,23.4524],[120.3499,23.4508],[120.3539,23.4493],[120.3517,23.444],[120.3549,23.4421],[120.3544,23.4408],[120.3546,23.4391],[120.3537,23.4353],[120.356,23.4345],[120.3554,23.4329],[120.3533,23.4303],[120.3513,23.4309],[120.3507,23.4314],[120.3449,23.4302],[120.3426,23.4289],[120.3409,23.4301],[120.3387,23.4303],[120.3367,23.429],[120.3339,23.43],[120.3327,23.4325],[120.3281,23.4338],[120.3267,23.4349],[120.3249,23.4349],[120.3244,23.4345],[120.3216,23.4356],[120.3205,23.4372],[120.3185,23.4368],[120.318,23.4374],[120.3147,23.4371],[120.3134,23.4381],[120.3114,23.4382],[120.3091,23.4375],[120.3079,23.4366],[120.303,23.4364],[120.2999,23.4356],[120.2985,23.4357],[120.295,23.4348],[120.2927,23.4346],[120.2914,23.4379],[120.2914,23.4395],[120.2902,23.4409],[120.2914,23.4427],[120.2911,23.4438],[120.2922,23.4448],[120.2912,23.4457],[120.2923,23.4487],[120.2895,23.4525],[120.2947,23.4669],[120.2895,23.4677],[120.2903,23.4732],[120.29,23.4781],[120.2965,23.4784],[120.3035,23.4789],[120.308,23.4756],[120.3149,23.4832],[120.3157,23.4876],[120.3173,23.488],[120.3146,23.4888],[120.3208,23.4934],[120.3199,23.4952],[120.316,23.4961],[120.3157,23.4978],[120.3138,23.4979],[120.3141,23.4992],[120.3134,23.4995],[120.3138,23.5005],[120.3202,23.4999],[120.3219,23.5006],[120.3227,23.5028],[120.3256,23.5047],[120.3259,23.5058],[120.3285,23.5062],[120.3317,23.5079],[120.3343,23.5083],[120.3355,23.5077],[120.339,23.5065],[120.3419,23.5059],[120.3453,23.5058],[120.347,23.5064],[120.3476,23.5054],[120.3492,23.505],[120.3515,23.5052],[120.3527,23.5095],[120.3544,23.5105],[120.3561,23.5106],[120.3564,23.5126],[120.3574,23.5132],[120.3594,23.5134],[120.3605,23.5125],[120.3631,23.5139],[120.364,23.514],[120.3668,23.5113],[120.368,23.5094],[120.3684,23.5067],[120.3682,23.5045],[120.3687,23.5031],[120.37,23.5023],[120.3714,23.5028],[120.3712,23.502],[120.3724,23.5022],[120.3732,23.5032],[120.3758,23.5037],[120.3779,23.5053],[120.3786,23.5074],[120.3787,23.5103],[120.3795,23.5121],[120.3801,23.5146],[120.3818,23.5152],[120.3846,23.5155],[120.3863,23.5166],[120.3888,23.5161]]]}},{"type":"Feature","properties":{"name":"嘉義縣中埔鄉","county":"嘉義縣","town":"中埔鄉"},"geometry":{"type":"Polygon","coordinates":[[[120.4952,23.4528],[120.4974,23.4526],[120.4993,23.4529],[120.5013,23.4527],[120.5076,23.4528],[120.5099,23.4521],[120.5112,23.4512],[120.5145,23.45],[120.5167,23.4495],[120.5187,23.4496],[120.5211,23.4503],[120.5235,23.4516],[120.5266,23.4512],[120.5285,23.4515],[120.5322,23.4526],[120.5358,23.4527],[120.5426,23.4533],[120.5476,23.4525],[120.5487,23.4525],[120.5546,23.4511],[120.5584,23.4495],[120.5596,23.4501],[120.5636,23.4499],[120.5664,23.4504],[120.5691,23.4485],[120.5723,23.4469],[120.5745,23.4453],[120.5759,23.4447],[120.5787,23.4441],[120.5803,23.4445],[120.5816,23.4443],[120.583,23.4433],[120.5843,23.4418],[120.586,23.4412],[120.5877,23.442],[120.5899,23.4411],[120.5913,23.4395],[120.5925,23.439],[120.5944,23.4359],[120.5939,23.4338],[120.5949,23.4294],[120.5967,23.4278],[120.5982,23.4275],[120.6012,23.4247],[120.6018,23.4224],[120.6026,23.4216],[120.602,23.42],[120.6028,23.4191],[120.603,23.4167],[120.6012,23.4145],[120.6042,23.4104],[120.6038,23.4083],[120.6024,23.4051],[120.6025,23.4032],[120.6011,23.4025],[120.6018,23.4006],[120.6013,23.3988],[120.6019,23.3973],[120.6042,23.3964],[120.6049,23.3958],[120.6035,23.3921],[120.6036,23.3914],[120.6029,23.3888],[120.6014,23.3865],[120.6012,23.3854],[120.5999,23.3841],[120.598,23.381],[120.5979,23.3761],[120.5988,23.3747],[120.5988,23.3729],[120.5979,23.3708],[120.5949,23.3695],[120.5941,23.3684],[120.5931,23.3686],[120.5916,23.3675],[120.59,23.3673],[120.5889,23.3644],[120.5876,23.3635],[120.5871,23.3618],[120.5849,23.3615],[120.5828,23.3624],[120.5815,23.3617],[120.5793,23.3623],[120.5771,23.3617],[120.5761,23.3632],[120.5747,23.3632],[120.5724,23.3602],[120.5692,23.3574],[120.5679,23.356],[120.5656,23.3547],[120.5619,23.354],[120.5596,23.3522],[120.5586,23.3497],[120.557,23.3471],[120.5555,23.3457],[120.5505,23.3431],[120.5485,23.3423],[120.5471,23.3421],[120.5471,23.3398],[120.5437,23.3396],[120.5416,23.34],[120.5389,23.3387],[120.5381,23.338],[120.5366,23.3377],[120.5357,23.3383],[120.5344,23.3377],[120.5337,23.3365],[120.5315,23.3368],[120.5303,23.3381],[120.5276,23.3386],[120.5269,23.3394],[120.5258,23.3392],[120.5245,23.3383],[120.5238,23.34],[120.5231,23.3407],[120.5212,23.3406],[120.5207,23.342],[120.5186,23.342],[120.517,23.3425],[120.5155,23.3438],[120.5103,23.344],[120.5096,23.3434],[120.5077,23.343],[120.5066,23.3442],[120.5051,23.3448],[120.5055,23.3457],[120.5045,23.3465],[120.5047,23.3491],[120.5037,23.3495],[120.5036,23.351],[120.5048,23.3548],[120.5057,23.3554],[120.5075,23.3539],[120.508,23.3527],[120.5109,23.354],[120.5124,23.3557],[120.5121,23.3582],[120.5124,23.3598],[120.5113,23.3605],[120.5111,23.3624],[120.5102,23.3633],[120.5105,23.3644],[120.5089,23.3646],[120.507,23.3661],[120.5067,23.3671],[120.5048,23.3675],[120.5048,23.3689],[120.5035,23.3689],[120.5026,23.3695],[120.5022,23.3682],[120.5014,23.3677],[120.4995,23.368],[120.4987,23.3687],[120.4973,23.3689],[120.4962,23.3699],[120.4944,23.3695],[120.4914,23.3725],[120.4901,23.3711],[120.4895,23.3729],[120.4883,23.373],[120.4871,23.3711],[120.4854,23.3698],[120.4839,23.3696],[120.4839,23.3706],[120.483,23.3717],[120.483,23.3731],[120.4835,23.3747],[120.4834,23.3758],[120.4838,23.3783],[120.4844,23.3795],[120.4854,23.3803],[120.4893,23.3819],[120.4903,23.3831],[120.4912,23.3826],[120.4945,23.3843],[120.4958,23.3839],[120.4968,23.3842],[120.4979,23.3855],[120.4992,23.3879],[120.4971,23.3894],[120.4975,23.3912],[120.4956,23.3932],[120.4951,23.3932],[120.4961,23.3944],[120.4974,23.3943],[120.4976,23.3958],[120.4981,23.3962],[120.4984,23.3992],[120.4976,23.3998],[120.4975,23.4018],[120.4988,23.4027],[120.4986,23.4042],[120.4975,23.4042],[120.4947,23.4034],[120.4941,23.4037],[120.4928,23.4056],[120.4902,23.4061],[120.4888,23.407],[120.4876,23.4088],[120.4848,23.4085],[120.484,23.4072],[120.4819,23.4066],[120.4824,23.4085],[120.4812,23.4109],[120.4817,23.4127],[120.4798,23.415],[120.4798,23.4162],[120.4781,23.4169],[120.4784,23.419],[120.4794,23.42],[120.4792,23.4215],[120.4825,23.4215],[120.4835,23.4221],[120.4835,23.424],[120.4843,23.4245],[120.4861,23.4245],[120.487,23.426],[120.4875,23.4253],[120.4892,23.4263],[120.493,23.4265],[120.4939,23.4298],[120.4939,23.431],[120.4932,23.4325],[120.4915,23.4336],[120.4902,23.4351],[120.4885,23.4359],[120.4878,23.4378],[120.4858,23.4389],[120.483,23.4395],[120.4803,23.4404],[120.4772,23.4419],[120.4733,23.4422],[120.4725,23.442],[120.4694,23.4396],[120.469,23.438],[120.4667,23.4357],[120.4647,23.4347],[120.4637,23.4319],[120.4618,23.429],[120.4585,23.4279],[120.4571,23.4271],[120.4541,23.4273],[120.4513,23.429],[120.4466,23.4298],[120.4462,23.4309],[120.4466,23.4322],[120.446,23.4334],[120.4445,23.4344],[120.4436,23.4341],[120.442,23.4318],[120.44,23.4321],[120.4384,23.4362],[120.4397,23.439],[120.4396,23.4396],[120.4417,23.4402],[120.4471,23.4434],[120.4496,23.4434],[120.4517,23.444],[120.4529,23.4449],[120.4546,23.4483],[120.4547,23.4503],[120.4554,23.4503],[120.4568,23.4521],[120.459,23.4542],[120.4602,23.4545],[120.4611,23.4553],[120.4645,23.4556],[120.4645,23.4583],[120.4687,23.4616],[120.4754,23.4621],[120.477,23.4619],[120.4808,23.4599],[120.4817,23.4581],[120.4844,23.4564],[120.4894,23.4524],[120.4902,23.4521],[120.4952,23.4528]]]}},{"type":"Feature","properties":{"name":"嘉義縣番路鄉","county":"嘉義縣","town":"番路鄉"},"geometry":{"type":"Polygon","coordinates":[[[120.5871,23.3618],[120.5876,23.3635],[120.5889,23.3644],[120.59,23.3673],[120.5916,23.3675],[120.5931,23.3686],[120.5941,23.3684],[120.5949,23.3695],[120.5979,23.3708],[120.5988,23.3729],[120.5988,23.3747],[120.5979,23.3761],[120.598,23.381],[120.5999,23.3841],[120.6012,23.3854],[120.6014,23.3865],[120.6029,23.3888],[120.6036,23.3914],[120.6035,23.3921],[120.6049,23.3958],[120.6042,23.3964],[120.6019,23.3973],[120.6013,23.3988],[120.6018,23.4006],[120.6011,23.4025],[120.6025,23.4032],[120.6024,23.4051],[120.6038,23.4083],[120.6042,23.4104],[120.6012,23.4145],[120.603,23.4167],[120.6028,23.4191],[120.602,23.42],[120.6026,23.4216],[120.6018,23.4224],[120.6012,23.4247],[120.5982,23.4275],[120.5967,23.4278],[120.5949,23.4294],[120.5939,23.4338],[120.5944,23.4359],[120.5925,23.439],[120.5913,23.4395],[120.5899,23.4411],[120.5877,23.442],[120.586,23.4412],[120.5843,23.4418],[120.583,23.4433],[120.5816,23.4443],[120.5803,23.4445],[120.5787,23.4441],[120.5759,23.4447],[120.5745,23.4453],[120.5723,23.4469],[120.5691,23.4485],[120.5664,23.4504],[120.5636,23.4499],[120.5596,23.4501],[120.5584,23.4495],[120.5546,23.4511],[120.5487,23.4525],[120.5476,23.4525],[120.5426,23.4533],[120.5358,23.4527],[120.5322,23.4526],[120.5285,23.4515],[120.5266,23.4512],[120.5235,23.4516],[120.5211,23.4503],[120.5187,23.4496],[120.5167,23.4495],[120.5145,23.45],[120.5112,23.4512],[120.5099,23.4521],[120.5076,23.4528],[120.5013,23.4527],[120.4993,23.4529],[120.4974,23.4526],[120.4952,23.4528],[120.4961,23.4547],[120.4971,23.4553],[120.4969,23.4561],[120.4975,23.4579],[120.4985,23.4584],[120.5005,23.4605],[120.5004,23.463],[120.4996,23.4652],[120.5012,23.466],[120.5018,23.4669],[120.5038,23.4672],[120.5051,23.4696],[120.5065,23.4701],[120.5072,23.4718],[120.5086,23.4714],[120.5092,23.4721],[120.5092,23.4748],[120.5071,23.4766],[120.507,23.4771],[120.505,23.4788],[120.5037,23.4789],[120.5041,23.481],[120.5019,23.4809],[120.5025,23.4829],[120.5031,23.4832],[120.5034,23.4854],[120.5019,23.4863],[120.501,23.4886],[120.5013,23.4898],[120.5016,23.4889],[120.5031,23.4874],[120.504,23.4875],[120.5059,23.4848],[120.5071,23.4843],[120.5081,23.4827],[120.5113,23.4835],[120.5123,23.4843],[120.5138,23.4826],[120.5156,23.4814],[120.518,23.4815],[120.5199,23.4808],[120.5213,23.4809],[120.5229,23.4804],[120.5251,23.4804],[120.5257,23.4813],[120.5269,23.481],[120.5275,23.4797],[120.5286,23.48],[120.5301,23.4789],[120.5324,23.4791],[120.5329,23.4798],[120.5328,23.4857],[120.5336,23.4876],[120.5361,23.4884],[120.5344,23.4888],[120.5333,23.4895],[120.5336,23.4904],[120.5346,23.4909],[120.5367,23.4894],[120.5394,23.4893],[120.5398,23.4875],[120.5393,23.4862],[120.5416,23.4845],[120.5431,23.4848],[120.5457,23.4829],[120.5459,23.4813],[120.5444,23.4814],[120.5436,23.4808],[120.5445,23.4789],[120.5431,23.4779],[120.5431,23.4767],[120.5439,23.4761],[120.5443,23.4742],[120.5456,23.4737],[120.5468,23.4725],[120.5476,23.4711],[120.5509,23.4709],[120.5523,23.4714],[120.5539,23.4699],[120.5556,23.4692],[120.5599,23.4664],[120.5611,23.4663],[120.5612,23.4674],[120.5621,23.4681],[120.5634,23.4714],[120.5643,23.4709],[120.5655,23.4712],[120.5676,23.4704],[120.5683,23.4696],[120.5699,23.4695],[120.5703,23.4679],[120.5718,23.4671],[120.5717,23.4648],[120.5744,23.4635],[120.576,23.4641],[120.5773,23.4627],[120.5783,23.463],[120.5787,23.4624],[120.5801,23.4618],[120.5825,23.4627],[120.5833,23.4613],[120.5859,23.4616],[120.5892,23.4623],[120.5914,23.465],[120.5934,23.4658],[120.595,23.4657],[120.5984,23.465],[120.6002,23.4665],[120.6026,23.4673],[120.604,23.4681],[120.6065,23.4671],[120.6081,23.4652],[120.6095,23.4658],[120.6107,23.4685],[120.6106,23.4702],[120.6117,23.472],[120.6119,23.4744],[120.6124,23.4758],[120.6125,23.478],[120.6147,23.4785],[120.6163,23.4802],[120.6173,23.4824],[120.6197,23.4846],[120.6196,23.4855],[120.6186,23.4864],[120.6186,23.4876],[120.6203,23.4896],[120.6211,23.4916],[120.6229,23.492],[120.6239,23.4918],[120.6273,23.4921],[120.6282,23.4925],[120.6284,23.4949],[120.6294,23.4981],[120.6325,23.4973],[120.6345,23.4949],[120.636,23.495],[120.64,23.4948],[120.6422,23.4938],[120.6426,23.4915],[120.6392,23.49],[120.6377,23.4875],[120.6384,23.4867],[120.6382,23.4848],[120.6387,23.4835],[120.6381,23.4825],[120.6382,23.4815],[120.6392,23.4802],[120.6391,23.4789],[120.6406,23.4775],[120.6411,23.475],[120.6422,23.4732],[120.642,23.472],[120.6411,23.4711],[120.6414,23.4702],[120.6432,23.4694],[120.6441,23.468],[120.6467,23.4664],[120.6483,23.4661],[120.6464,23.463],[120.6467,23.4605],[120.6476,23.4587],[120.649,23.458],[120.6504,23.4556],[120.6541,23.4528],[120.6564,23.4521],[120.6592,23.4521],[120.6613,23.451],[120.6637,23.4513],[120.6672,23.4505],[120.6721,23.4497],[120.6741,23.4499],[120.6745,23.4482],[120.6762,23.4475],[120.679,23.4449],[120.6795,23.4428],[120.6812,23.4415],[120.6826,23.4389],[120.6819,23.438],[120.6796,23.4381],[120.6774,23.4377],[120.6744,23.4363],[120.6737,23.4333],[120.6729,23.4316],[120.6699,23.4289],[120.6667,23.4232],[120.6635,23.4214],[120.663,23.4205],[120.6629,23.4178],[120.6624,23.4163],[120.6622,23.4136],[120.6609,23.4116],[120.6604,23.4099],[120.659,23.4088],[120.6557,23.4102],[120.6523,23.4109],[120.6524,23.4078],[120.6544,23.4056],[120.6552,23.404],[120.6554,23.4013],[120.6537,23.3995],[120.6527,23.3997],[120.6504,23.4012],[120.6479,23.4014],[120.6458,23.4021],[120.6467,23.4009],[120.6471,23.3988],[120.6476,23.3981],[120.6474,23.3963],[120.6478,23.3943],[120.6468,23.393],[120.6465,23.3916],[120.6455,23.3908],[120.6436,23.3903],[120.6433,23.3887],[120.6421,23.3879],[120.6422,23.3852],[120.6431,23.3849],[120.6429,23.3813],[120.6422,23.3789],[120.6425,23.3778],[120.6419,23.3767],[120.6423,23.3754],[120.6444,23.3741],[120.6446,23.3729],[120.6457,23.3714],[120.6463,23.3671],[120.6436,23.3665],[120.6424,23.3655],[120.6415,23.364],[120.641,23.3608],[120.6391,23.3586],[120.6392,23.3576],[120.6376,23.3558],[120.6368,23.3553],[120.635,23.3532],[120.6349,23.3505],[120.6356,23.3485],[120.6368,23.3463],[120.6384,23.3444],[120.6354,23.3444],[120.6346,23.3426],[120.6322,23.3412],[120.6286,23.3419],[120.6267,23.3414],[120.6258,23.3418],[120.6239,23.3413],[120.62,23.3397],[120.6189,23.3404],[120.6191,23.3412],[120.6183,23.3426],[120.6149,23.3431],[120.613,23.3428],[120.6106,23.3435],[120.6083,23.3439],[120.6072,23.3468],[120.6052,23.3469],[120.6044,23.3478],[120.6012,23.3476],[120.5983,23.347],[120.5973,23.3482],[120.5952,23.3496],[120.5944,23.3508],[120.5925,23.352],[120.592,23.3533],[120.5908,23.354],[120.5897,23.3539],[120.5903,23.3558],[120.5902,23.3582],[120.5878,23.3603],[120.5871,23.3618]]]}},{"type":"Feature","properties":{"name":"嘉義縣水上鄉","county":"嘉義縣","town":"水上鄉"},"geometry":{"type":"Polygon","coordinates":[[[120.356,23.4345],[120.3537,23.4353],[120.3546,23.4391],[120.3544,23.4408],[120.3549,23.4421],[120.3517,23.444],[120.3539,23.4493],[120.3499,23.4508],[120.3511,23.4524],[120.3579,23.4548],[120.3583,23.4551],[120.3565,23.4563],[120.3556,23.4577],[120.3555,23.4588],[120.362,23.461],[120.3609,23.4638],[120.3622,23.4631],[120.3662,23.4619],[120.3684,23.4623],[120.3696,23.4635],[120.3704,23.4628],[120.3719,23.4624],[120.3724,23.4631],[120.3741,23.4632],[120.3743,23.462],[120.379,23.4647],[120.38,23.4629],[120.3801,23.4586],[120.3844,23.4585],[120.3844,23.4613],[120.3882,23.4616],[120.3897,23.4625],[120.3941,23.4625],[120.3972,23.4626],[120.4002,23.4633],[120.4037,23.4633],[120.4065,23.4636],[120.4081,23.4644],[120.4092,23.4643],[120.4113,23.4648],[120.413,23.4637],[120.413,23.4624],[120.4151,23.4603],[120.4241,23.4614],[120.426,23.4607],[120.4293,23.461],[120.4301,23.4525],[120.4328,23.4501],[120.4345,23.4507],[120.4346,23.4499],[120.437,23.4464],[120.4378,23.4467],[120.4386,23.4457],[120.4383,23.4449],[120.4359,23.4442],[120.4378,23.4417],[120.4387,23.4412],[120.4396,23.4396],[120.4397,23.439],[120.4384,23.4362],[120.44,23.4321],[120.442,23.4318],[120.4436,23.4341],[120.4445,23.4344],[120.446,23.4334],[120.4466,23.4322],[120.4462,23.4309],[120.4466,23.4298],[120.4513,23.429],[120.4541,23.4273],[120.4571,23.4271],[120.4585,23.4279],[120.4618,23.429],[120.4637,23.4319],[120.4647,23.4347],[120.4667,23.4357],[120.469,23.438],[120.4694,23.4396],[120.4725,23.442],[120.4733,23.4422],[120.4772,23.4419],[120.4803,23.4404],[120.483,23.4395],[120.4858,23.4389],[120.4878,23.4378],[120.4885,23.4359],[120.4902,23.4351],[120.4915,23.4336],[120.4932,23.4325],[120.4939,23.431],[120.4939,23.4298],[120.493,23.4265],[120.4892,23.4263],[120.4875,23.4253],[120.487,23.426],[120.4861,23.4245],[120.4843,23.4245],[120.4835,23.424],[120.4835,23.4221],[120.4825,23.4215],[120.4792,23.4215],[120.4794,23.42],[120.4784,23.419],[120.4781,23.4169],[120.4798,23.4162],[120.4798,23.415],[120.4817,23.4127],[120.4812,23.4109],[120.4824,23.4085],[120.4819,23.4066],[120.484,23.4072],[120.4848,23.4085],[120.4876,23.4088],[120.4888,23.407],[120.4902,23.4061],[120.4928,23.4056],[120.4941,23.4037],[120.4947,23.4034],[120.4975,23.4042],[120.4986,23.4042],[120.4988,23.4027],[120.4975,23.4018],[120.4976,23.3998],[120.4984,23.3992],[120.4981,23.3962],[120.4976,23.3958],[120.4974,23.3943],[120.4961,23.3944],[120.4951,23.3932],[120.4937,23.395],[120.4909,23.3956],[120.49,23.3954],[120.4899,23.3946],[120.4887,23.3936],[120.4892,23.3925],[120.4879,23.393],[120.487,23.3924],[120.4863,23.3931],[120.4852,23.3928],[120.4857,23.3914],[120.4838,23.3913],[120.4826,23.3895],[120.4807,23.3892],[120.4794,23.3876],[120.4784,23.3896],[120.4774,23.3907],[120.4756,23.3908],[120.4753,23.3914],[120.4761,23.3941],[120.4743,23.396],[120.4741,23.3973],[120.4732,23.3982],[120.4722,23.3981],[120.471,23.3989],[120.4695,23.3994],[120.4688,23.4005],[120.4675,23.4011],[120.4669,23.4006],[120.4649,23.4008],[120.4622,23.4022],[120.4608,23.4037],[120.4609,23.4047],[120.4591,23.4047],[120.4573,23.4054],[120.4555,23.4067],[120.4538,23.407],[120.4541,23.4063],[120.4527,23.4068],[120.4518,23.4083],[120.4501,23.4092],[120.4474,23.4098],[120.4444,23.4111],[120.443,23.4124],[120.4416,23.4132],[120.4404,23.4131],[120.4398,23.4137],[120.4394,23.413],[120.4384,23.4134],[120.4371,23.4124],[120.4361,23.4128],[120.4345,23.4122],[120.4346,23.4113],[120.4332,23.4113],[120.4321,23.4107],[120.4316,23.4078],[120.4305,23.4066],[120.4297,23.4065],[120.4288,23.4073],[120.4276,23.4064],[120.426,23.4069],[120.4234,23.4064],[120.4221,23.4071],[120.4211,23.4061],[120.4203,23.4038],[120.4196,23.4038],[120.4184,23.4063],[120.4181,23.4082],[120.4163,23.4104],[120.414,23.4112],[120.4127,23.4106],[120.4105,23.4102],[120.4094,23.4124],[120.4081,23.4134],[120.4071,23.4119],[120.4047,23.4103],[120.3964,23.4074],[120.3899,23.4057],[120.3868,23.4048],[120.381,23.4034],[120.3754,23.4032],[120.3719,23.4032],[120.3697,23.403],[120.3596,23.4026],[120.3558,23.4017],[120.3574,23.4076],[120.3574,23.4084],[120.3559,23.4098],[120.3551,23.4098],[120.3545,23.411],[120.353,23.412],[120.3521,23.412],[120.3507,23.4108],[120.3498,23.4106],[120.3502,23.4129],[120.3509,23.4141],[120.3526,23.4144],[120.354,23.4168],[120.3546,23.4182],[120.357,23.4191],[120.3579,23.4192],[120.3581,23.4203],[120.357,23.4222],[120.3561,23.4231],[120.356,23.4273],[120.3562,23.4301],[120.3567,23.4315],[120.3587,23.4335],[120.356,23.4345]]]}},{"type":"Feature","properties":{"name":"小港區","county":"高雄市","town":"小港區"},"geometry":{"type":"Polygon","coordinates":[[[120.3171,22.5591],[120.318,22.5612],[120.3182,22.5616],[120.3203,22.5631],[120.3218,22.5642],[120.322,22.5643],[120.3227,22.5647],[120.3238,22.5651],[120.324,22.5669],[120.3242,22.567],[120.3258,22.5684],[120.3262,22.5686],[120.3284,22.5689],[120.3285,22.569],[120.329,22.5692],[120.33,22.5697],[120.3302,22.5699],[120.3306,22.5701],[120.3311,22.5705],[120.3317,22.571],[120.3308,22.5721],[120.3328,22.5732],[120.3329,22.5733],[120.3334,22.5734],[120.3337,22.5735],[120.3342,22.5736],[120.3372,22.5742],[120.3374,22.5746],[120.3379,22.5771],[120.3382,22.578],[120.3385,22.579],[120.3389,22.5801],[120.3392,22.5807],[120.3393,22.5812],[120.3393,22.5817],[120.3393,22.5841],[120.3393,22.5845],[120.34,22.5845],[120.3406,22.5841],[120.3427,22.5835],[120.3442,22.584],[120.3446,22.584],[120.3454,22.584],[120.3459,22.5841],[120.3463,22.5842],[120.3467,22.5843],[120.3471,22.5845],[120.3476,22.5846],[120.3484,22.5847],[120.3488,22.5848],[120.3492,22.585],[120.35,22.5855],[120.3517,22.5854],[120.3528,22.5853],[120.3546,22.585],[120.3569,22.585],[120.358,22.585],[120.3613,22.5849],[120.3628,22.5851],[120.3632,22.5851],[120.3634,22.5852],[120.3639,22.586],[120.3643,22.5861],[120.3646,22.5864],[120.3648,22.5866],[120.3653,22.5865],[120.3657,22.5865],[120.3681,22.5869],[120.3685,22.5868],[120.3688,22.5868],[120.3692,22.5869],[120.3697,22.5871],[120.3702,22.5877],[120.3702,22.5879],[120.3702,22.5879],[120.3705,22.5878],[120.3707,22.5877],[120.371,22.5876],[120.3707,22.5875],[120.3707,22.587],[120.3725,22.5862],[120.3727,22.5859],[120.3735,22.5854],[120.3732,22.5837],[120.373,22.5831],[120.3733,22.5828],[120.3744,22.5821],[120.3748,22.5823],[120.3749,22.5824],[120.3753,22.5826],[120.3767,22.5819],[120.3774,22.5818],[120.3778,22.5817],[120.3785,22.5822],[120.3789,22.5824],[120.3801,22.5824],[120.3804,22.5819],[120.3806,22.5816],[120.3814,22.5804],[120.3814,22.5802],[120.3825,22.5789],[120.3845,22.5776],[120.385,22.5774],[120.3853,22.5775],[120.3855,22.5774],[120.3856,22.5772],[120.3856,22.5771],[120.3858,22.5764],[120.3858,22.5759],[120.3858,22.5756],[120.3858,22.5753],[120.386,22.575],[120.3861,22.5747],[120.3861,22.5744],[120.3863,22.5736],[120.3863,22.573],[120.3862,22.5727],[120.3856,22.5723],[120.3855,22.572],[120.3851,22.5715],[120.3857,22.5698],[120.386,22.5694],[120.3862,22.5691],[120.3867,22.5688],[120.3871,22.5684],[120.3875,22.5684],[120.3879,22.5687],[120.3881,22.5687],[120.389,22.5686],[120.3893,22.5675],[120.3893,22.5671],[120.3894,22.5669],[120.3898,22.5668],[120.3899,22.5672],[120.39,22.5673],[120.3901,22.5672],[120.3899,22.5667],[120.3899,22.5665],[120.3913,22.5652],[120.3914,22.5651],[120.3917,22.565],[120.3919,22.5651],[120.3919,22.5652],[120.3921,22.5653],[120.3926,22.5652],[120.393,22.566],[120.3928,22.5659],[120.3927,22.5658],[120.3919,22.5663],[120.392,22.5664],[120.3917,22.5668],[120.3915,22.5667],[120.3911,22.5666],[120.391,22.5668],[120.3914,22.5671],[120.3917,22.5671],[120.3917,22.5671],[120.3918,22.5674],[120.3922,22.5673],[120.3922,22.5669],[120.3924,22.5667],[120.3927,22.5665],[120.3929,22.5664],[120.3932,22.5664],[120.3936,22.5669],[120.3938,22.5667],[120.394,22.5655],[120.3937,22.5652],[120.3935,22.5645],[120.3936,22.5642],[120.3937,22.5641],[120.3939,22.5639],[120.3951,22.5635],[120.3949,22.563],[120.3946,22.5619],[120.3946,22.5614],[120.3948,22.561],[120.3951,22.5608],[120.3955,22.5605],[120.3949,22.56],[120.3945,22.5602],[120.3941,22.5602],[120.3939,22.5594],[120.394,22.5592],[120.3941,22.559],[120.3941,22.559],[120.3943,22.5586],[120.3946,22.5572],[120.3949,22.5569],[120.3952,22.5567],[120.3953,22.5565],[120.395,22.5561],[120.3946,22.5564],[120.3943,22.5562],[120.3943,22.5557],[120.3945,22.5555],[120.3948,22.5556],[120.3958,22.5558],[120.396,22.555],[120.3964,22.5545],[120.3966,22.5534],[120.3968,22.5532],[120.397,22.5531],[120.3973,22.5529],[120.3974,22.5527],[120.3972,22.5525],[120.3971,22.552],[120.3972,22.5515],[120.3972,22.5513],[120.3974,22.5508],[120.3979,22.5505],[120.3982,22.5504],[120.3984,22.5501],[120.3985,22.5499],[120.3987,22.5494],[120.3989,22.5491],[120.3987,22.5488],[120.3985,22.5484],[120.3983,22.5482],[120.3977,22.547],[120.3976,22.5466],[120.3976,22.5464],[120.3975,22.5459],[120.3973,22.5456],[120.396,22.5431],[120.3957,22.5428],[120.3947,22.5423],[120.3945,22.542],[120.3944,22.5416],[120.3943,22.5409],[120.3943,22.5407],[120.3941,22.5402],[120.3932,22.5391],[120.3925,22.5384],[120.3925,22.5381],[120.3925,22.5377],[120.3925,22.5375],[120.3925,22.5374],[120.3925,22.5373],[120.3917,22.5369],[120.3913,22.5368],[120.3907,22.5368],[120.3904,22.5368],[120.3902,22.5367],[120.3898,22.5362],[120.3897,22.5359],[120.3897,22.5357],[120.3895,22.5356],[120.3894,22.5356],[120.3888,22.5357],[120.3884,22.5357],[120.3882,22.5356],[120.3877,22.5353],[120.387,22.5353],[120.3865,22.5346],[120.3866,22.5341],[120.3863,22.5332],[120.3859,22.5328],[120.3855,22.5326],[120.385,22.5324],[120.3845,22.5321],[120.3837,22.5316],[120.3833,22.5312],[120.3816,22.5298],[120.3811,22.5292],[120.3805,22.5286],[120.3801,22.5282],[120.3797,22.528],[120.3777,22.5276],[120.377,22.5274],[120.3759,22.5269],[120.3737,22.5265],[120.3731,22.5261],[120.3723,22.5253],[120.3718,22.5247],[120.3714,22.5241],[120.3714,22.5232],[120.3713,22.5232],[120.3713,22.5231],[120.3712,22.5229],[120.371,22.5223],[120.3704,22.5218],[120.3702,22.5215],[120.37,22.5214],[120.3683,22.5202],[120.3673,22.5193],[120.3667,22.5188],[120.3664,22.5185],[120.3664,22.5176],[120.3666,22.5173],[120.3667,22.5169],[120.3666,22.5167],[120.3665,22.5165],[120.3663,22.5164],[120.3661,22.5161],[120.3656,22.5157],[120.3654,22.5155],[120.3641,22.5131],[120.3639,22.5129],[120.3635,22.5118],[120.3635,22.5116],[120.3635,22.5114],[120.3631,22.5109],[120.3626,22.5106],[120.3626,22.5103],[120.3627,22.5101],[120.3621,22.51],[120.3617,22.5099],[120.3611,22.5096],[120.3613,22.5091],[120.3614,22.5088],[120.3614,22.5086],[120.3611,22.5083],[120.3609,22.5082],[120.3604,22.5079],[120.3603,22.5078],[120.3589,22.5007],[120.3589,22.5022],[120.3559,22.5043],[120.3549,22.506],[120.351,22.5095],[120.3466,22.5124],[120.3435,22.5147],[120.3419,22.5152],[120.3391,22.5172],[120.3337,22.5214],[120.3361,22.5237],[120.3369,22.5251],[120.3334,22.5288],[120.3253,22.5235],[120.3263,22.53],[120.3299,22.533],[120.3314,22.5329],[120.3295,22.5338],[120.3252,22.5301],[120.3242,22.5228],[120.3124,22.5149],[120.2886,22.5439],[120.2888,22.544],[120.2934,22.5384],[120.297,22.5409],[120.3037,22.5327],[120.3076,22.5355],[120.3168,22.5242],[120.3219,22.5278],[120.3075,22.5452],[120.3036,22.5456],[120.3073,22.5475],[120.3156,22.5518],[120.3204,22.5553],[120.3171,22.5591]]]}},{"type":"Feature","properties":{"name":"嘉義縣東石鄉","county":"嘉義縣","town":"東石鄉"},"geometry":{"type":"MultiPolygon","coordinates":[[[[120.1519,23.3927],[120.151,23.3922],[120.1516,23.3912],[120.1524,23.3911],[120.1516,23.3895],[120.1502,23.3892],[120.1497,23.3913],[120.1477,23.3985],[120.1439,23.4029],[120.1418,23.4083],[120.1408,23.4115],[120.1415,23.4124],[120.1428,23.4095],[120.1436,23.4066],[120.1447,23.4038],[120.1498,23.3985],[120.1519,23.3927]]],[[[120.1825,23.5098],[120.1872,23.5106],[120.1899,23.51],[120.193,23.5118],[120.1951,23.5126],[120.1964,23.5123],[120.1967,23.513],[120.1984,23.5126],[120.1985,23.5131],[120.2013,23.5125],[120.201,23.5114],[120.2019,23.5113],[120.2011,23.5094],[120.2011,23.5076],[120.2048,23.5064],[120.2081,23.5044],[120.2091,23.5045],[120.2107,23.5031],[120.2115,23.5019],[120.215,23.5008],[120.217,23.4989],[120.2168,23.4973],[120.2132,23.4978],[120.2122,23.4975],[120.2107,23.4963],[120.2102,23.495],[120.2108,23.4913],[120.2118,23.4896],[120.213,23.4895],[120.2134,23.4912],[120.2143,23.4926],[120.218,23.4934],[120.2209,23.4932],[120.221,23.4926],[120.2193,23.4916],[120.2215,23.4884],[120.2192,23.4872],[120.215,23.4864],[120.2155,23.4855],[120.2202,23.4827],[120.2232,23.4805],[120.2251,23.4782],[120.2257,23.4749],[120.226,23.4699],[120.2263,23.4692],[120.2255,23.4666],[120.2257,23.4652],[120.2264,23.4636],[120.225,23.4631],[120.2218,23.463],[120.2217,23.4599],[120.2201,23.4595],[120.2189,23.4581],[120.2151,23.4557],[120.2143,23.457],[120.2129,23.4569],[120.2109,23.4558],[120.2103,23.4539],[120.2086,23.4538],[120.2062,23.4529],[120.1962,23.4492],[120.1944,23.4482],[120.1976,23.4468],[120.1995,23.4452],[120.2015,23.4438],[120.2049,23.4428],[120.2063,23.4419],[120.207,23.4397],[120.205,23.4374],[120.2066,23.4356],[120.2076,23.4324],[120.2073,23.4306],[120.2063,23.4271],[120.2072,23.4242],[120.2065,23.4233],[120.2043,23.4221],[120.2038,23.4207],[120.201,23.4207],[120.2005,23.4186],[120.1997,23.4185],[120.1962,23.4203],[120.1938,23.4218],[120.1927,23.4213],[120.193,23.4196],[120.1924,23.4183],[120.1903,23.4156],[120.1893,23.418],[120.1884,23.4224],[120.1881,23.4233],[120.1865,23.4241],[120.1864,23.4222],[120.1861,23.4212],[120.185,23.4207],[120.1816,23.4208],[120.1794,23.4195],[120.1767,23.4175],[120.1757,23.4162],[120.1753,23.4146],[120.1738,23.4106],[120.1729,23.4105],[120.1726,23.4115],[120.1712,23.4115],[120.1699,23.4092],[120.1712,23.4078],[120.1656,23.4046],[120.1642,23.4041],[120.1623,23.4043],[120.16,23.4054],[120.16,23.4061],[120.1541,23.4043],[120.1538,23.4006],[120.1538,23.3992],[120.153,23.3986],[120.1522,23.3996],[120.1514,23.3986],[120.1512,23.3999],[120.1502,23.4032],[120.1501,23.4048],[120.1494,23.4062],[120.1495,23.4105],[120.1493,23.4131],[120.1483,23.4151],[120.1492,23.4157],[120.1513,23.4183],[120.1505,23.4195],[120.1495,23.4198],[120.1495,23.4228],[120.1513,23.4244],[120.1516,23.4239],[120.1556,23.4272],[120.1557,23.4286],[120.1536,23.4284],[120.1512,23.4262],[120.1493,23.4255],[120.1485,23.426],[120.149,23.4277],[120.1459,23.4282],[120.1455,23.4286],[120.1458,23.4333],[120.1473,23.4364],[120.1465,23.4375],[120.1472,23.4388],[120.1483,23.4387],[120.1498,23.4419],[120.1546,23.4478],[120.1556,23.4483],[120.1529,23.4485],[120.1509,23.449],[120.1512,23.4507],[120.1526,23.4539],[120.152,23.4552],[120.1511,23.4557],[120.1497,23.4543],[120.1461,23.4531],[120.1391,23.4497],[120.1399,23.4507],[120.1388,23.4527],[120.1354,23.4511],[120.1364,23.4485],[120.1354,23.4477],[120.1344,23.4491],[120.1332,23.4516],[120.1344,23.4541],[120.139,23.458],[120.1446,23.4597],[120.1453,23.4622],[120.1469,23.4652],[120.1448,23.467],[120.1443,23.4681],[120.1441,23.4701],[120.1452,23.4721],[120.1459,23.4723],[120.1478,23.4739],[120.1471,23.4747],[120.149,23.4748],[120.1495,23.4773],[120.149,23.4781],[120.1499,23.4786],[120.1515,23.4807],[120.154,23.4821],[120.1547,23.484],[120.1558,23.4841],[120.1566,23.4875],[120.1552,23.4911],[120.1581,23.4917],[120.1622,23.4915],[120.1676,23.4907],[120.1694,23.4899],[120.1697,23.4922],[120.1685,23.4922],[120.1625,23.4932],[120.1607,23.4929],[120.1587,23.4936],[120.1589,23.4945],[120.1578,23.495],[120.1395,23.4899],[120.1384,23.4894],[120.1363,23.489],[120.1336,23.4881],[120.1274,23.4879],[120.1247,23.4887],[120.1234,23.4896],[120.1204,23.493],[120.1194,23.4955],[120.1193,23.4983],[120.1189,23.5151],[120.1194,23.5172],[120.1215,23.5195],[120.124,23.5204],[120.1272,23.5202],[120.1375,23.5183],[120.1424,23.5174],[120.1426,23.5185],[120.1458,23.5185],[120.1458,23.5208],[120.1464,23.5208],[120.1488,23.5191],[120.1523,23.5182],[120.1581,23.5159],[120.1646,23.5158],[120.1654,23.5172],[120.1666,23.5172],[120.1724,23.5147],[120.1771,23.5118],[120.181,23.5098],[120.1825,23.5098]]]]}},{"type":"Feature","properties":{"name":"嘉義縣朴子市","county":"嘉義縣","town":"朴子市"},"geometry":{"type":"Polygon","coordinates":[[[120.29,23.4781],[120.2903,23.4732],[120.2895,23.4677],[120.2947,23.4669],[120.2895,23.4525],[120.2923,23.4487],[120.2912,23.4457],[120.2905,23.4456],[120.289,23.4433],[120.2882,23.4439],[120.288,23.4454],[120.2885,23.4462],[120.2877,23.4469],[120.2869,23.4463],[120.2875,23.4444],[120.2865,23.4439],[120.2852,23.4443],[120.2843,23.4459],[120.285,23.4466],[120.2849,23.4478],[120.2831,23.4477],[120.2828,23.4459],[120.282,23.4455],[120.2809,23.446],[120.2817,23.4484],[120.2825,23.4493],[120.2814,23.4499],[120.2773,23.4497],[120.2765,23.4485],[120.275,23.4481],[120.2731,23.4483],[120.2724,23.4497],[120.271,23.4505],[120.2697,23.4478],[120.2687,23.4477],[120.2675,23.4484],[120.267,23.4481],[120.2699,23.4449],[120.2696,23.431],[120.2766,23.4313],[120.2799,23.4324],[120.2819,23.4325],[120.2819,23.4272],[120.2832,23.4261],[120.2825,23.4251],[120.2813,23.4251],[120.2797,23.4245],[120.2796,23.4233],[120.2806,23.4237],[120.2814,23.4233],[120.2799,23.4215],[120.2779,23.4212],[120.2779,23.4195],[120.2771,23.4186],[120.2751,23.4182],[120.2738,23.4186],[120.274,23.4216],[120.2723,23.4225],[120.2717,23.4221],[120.2701,23.4195],[120.2663,23.4186],[120.2671,23.4177],[120.267,23.4147],[120.2678,23.4124],[120.2675,23.4113],[120.2675,23.4092],[120.2667,23.4085],[120.2657,23.4084],[120.2644,23.4074],[120.2629,23.408],[120.2612,23.4058],[120.261,23.405],[120.26,23.4039],[120.258,23.4038],[120.258,23.4029],[120.2595,23.4002],[120.2594,23.3979],[120.2582,23.3954],[120.2581,23.3946],[120.252,23.396],[120.2495,23.3974],[120.2486,23.3973],[120.2458,23.3985],[120.2432,23.4007],[120.2428,23.4029],[120.2409,23.4044],[120.2358,23.4076],[120.2338,23.4092],[120.2359,23.4119],[120.2376,23.4164],[120.2358,23.4177],[120.2374,23.4198],[120.2366,23.4213],[120.2373,23.4236],[120.2368,23.4241],[120.2355,23.4241],[120.2351,23.4228],[120.2341,23.4228],[120.233,23.4218],[120.2315,23.4218],[120.2313,23.4212],[120.2338,23.4204],[120.2328,23.4197],[120.2307,23.4199],[120.2281,23.4188],[120.227,23.4205],[120.2247,23.422],[120.2239,23.4217],[120.2231,23.4201],[120.2218,23.4209],[120.221,23.422],[120.2189,23.423],[120.2183,23.4241],[120.2187,23.4257],[120.218,23.4267],[120.2185,23.4276],[120.2183,23.4288],[120.2196,23.4287],[120.2191,23.4311],[120.2198,23.4331],[120.2196,23.4342],[120.2208,23.4352],[120.221,23.4364],[120.2201,23.4372],[120.2208,23.4387],[120.2204,23.4418],[120.2192,23.4418],[120.218,23.4406],[120.2147,23.4421],[120.2129,23.4435],[120.2116,23.4458],[120.2095,23.4462],[120.2082,23.4483],[120.2093,23.4487],[120.208,23.4495],[120.2076,23.4512],[120.2062,23.4529],[120.2086,23.4538],[120.2103,23.4539],[120.2109,23.4558],[120.2129,23.4569],[120.2143,23.457],[120.2151,23.4557],[120.2189,23.4581],[120.2201,23.4595],[120.2217,23.4599],[120.2218,23.463],[120.225,23.4631],[120.2264,23.4636],[120.2257,23.4652],[120.2255,23.4666],[120.2263,23.4692],[120.2284,23.4677],[120.2309,23.4674],[120.2332,23.4686],[120.2383,23.4695],[120.2384,23.4734],[120.2389,23.4745],[120.2409,23.4759],[120.2431,23.4762],[120.246,23.4753],[120.247,23.4745],[120.2501,23.471],[120.2515,23.4699],[120.2527,23.4701],[120.2533,23.4709],[120.2536,23.4736],[120.2541,23.4751],[120.2557,23.4775],[120.2571,23.4777],[120.2582,23.4771],[120.2594,23.4778],[120.2616,23.478],[120.2623,23.479],[120.2615,23.4815],[120.2621,23.4831],[120.2617,23.4851],[120.2654,23.4881],[120.267,23.489],[120.2735,23.4911],[120.2765,23.4915],[120.2803,23.4914],[120.2828,23.4908],[120.2841,23.4895],[120.2834,23.4879],[120.2838,23.4867],[120.2886,23.4832],[120.2912,23.4814],[120.2906,23.4807],[120.29,23.4781]]]}},{"type":"Feature","properties":{"name":"嘉義縣大林鎮","county":"嘉義縣","town":"大林鎮"},"geometry":{"type":"Polygon","coordinates":[[[120.4685,23.6303],[120.4696,23.6302],[120.474,23.6311],[120.4764,23.6295],[120.4775,23.6299],[120.4787,23.6328],[120.4792,23.633],[120.4826,23.6322],[120.4858,23.6306],[120.4873,23.6306],[120.4881,23.6315],[120.4872,23.6342],[120.4874,23.635],[120.489,23.6359],[120.4911,23.6348],[120.4928,23.6332],[120.4935,23.6332],[120.4967,23.6345],[120.4995,23.6351],[120.5014,23.6348],[120.5036,23.6353],[120.5047,23.6349],[120.5059,23.6338],[120.5075,23.631],[120.5077,23.6302],[120.5066,23.6284],[120.5064,23.6261],[120.5076,23.624],[120.5077,23.623],[120.5095,23.6218],[120.5103,23.6194],[120.5124,23.618],[120.5131,23.6169],[120.5151,23.6151],[120.5156,23.614],[120.5169,23.6126],[120.5176,23.6111],[120.5196,23.6091],[120.523,23.6071],[120.5237,23.6061],[120.526,23.6047],[120.5281,23.6027],[120.5287,23.6009],[120.5295,23.5999],[120.5323,23.5987],[120.5334,23.5968],[120.5318,23.5956],[120.5324,23.5941],[120.5333,23.593],[120.5336,23.5918],[120.532,23.5905],[120.5315,23.5906],[120.5294,23.5885],[120.5277,23.5877],[120.5268,23.5877],[120.5252,23.5865],[120.5248,23.5856],[120.5254,23.5829],[120.5268,23.5808],[120.5292,23.5807],[120.5301,23.5799],[120.5301,23.5781],[120.5296,23.5775],[120.5304,23.5764],[120.5307,23.5751],[120.532,23.5727],[120.5338,23.5708],[120.535,23.5707],[120.5358,23.5689],[120.5349,23.5682],[120.535,23.5674],[120.5341,23.5666],[120.5317,23.5667],[120.531,23.5657],[120.5315,23.563],[120.5311,23.5613],[120.5314,23.5604],[120.5306,23.5592],[120.5291,23.5605],[120.5285,23.5614],[120.527,23.5613],[120.526,23.5605],[120.5246,23.5606],[120.5221,23.5585],[120.5195,23.558],[120.5185,23.5559],[120.5191,23.5552],[120.5185,23.5541],[120.5171,23.553],[120.5164,23.5515],[120.5147,23.5511],[120.5125,23.551],[120.5126,23.5503],[120.5113,23.5501],[120.5105,23.5509],[120.5111,23.5532],[120.5124,23.5554],[120.5118,23.5563],[120.5108,23.5556],[120.5103,23.5565],[120.5084,23.5577],[120.5078,23.5575],[120.5079,23.5556],[120.5072,23.555],[120.506,23.5554],[120.5048,23.5564],[120.5033,23.5561],[120.4996,23.5574],[120.4997,23.5585],[120.502,23.5605],[120.5024,23.5624],[120.5018,23.5647],[120.5009,23.5652],[120.5003,23.5638],[120.4996,23.5634],[120.4988,23.5642],[120.4955,23.5641],[120.4953,23.5655],[120.4945,23.5672],[120.4926,23.568],[120.4902,23.5682],[120.4894,23.5677],[120.4881,23.5655],[120.4875,23.5658],[120.4866,23.5676],[120.4848,23.5673],[120.4832,23.5662],[120.4817,23.5675],[120.4791,23.5711],[120.4769,23.5747],[120.475,23.5768],[120.4734,23.5755],[120.4708,23.5754],[120.4695,23.5765],[120.4695,23.5776],[120.4702,23.5783],[120.4699,23.5809],[120.468,23.5817],[120.4659,23.5819],[120.4645,23.5826],[120.4626,23.5811],[120.4604,23.5787],[120.4596,23.5783],[120.4584,23.5786],[120.4569,23.5803],[120.456,23.5825],[120.4553,23.5836],[120.4543,23.5865],[120.4536,23.5874],[120.4493,23.5893],[120.4483,23.5901],[120.448,23.5913],[120.4487,23.5933],[120.4475,23.594],[120.4452,23.5944],[120.4429,23.5942],[120.4413,23.5938],[120.4366,23.5916],[120.4347,23.5913],[120.4303,23.5913],[120.4272,23.592],[120.4259,23.5937],[120.4264,23.5957],[120.4295,23.599],[120.4267,23.5987],[120.4263,23.6004],[120.4278,23.6024],[120.4276,23.6046],[120.4266,23.6056],[120.4244,23.6058],[120.4201,23.6056],[120.4166,23.605],[120.4153,23.6033],[120.4146,23.6014],[120.4137,23.6012],[120.4129,23.6021],[120.4095,23.6019],[120.4076,23.6024],[120.4064,23.6034],[120.4073,23.605],[120.4076,23.6063],[120.4072,23.6068],[120.4052,23.6073],[120.4072,23.6116],[120.4081,23.6125],[120.4105,23.6136],[120.4126,23.6158],[120.4142,23.6185],[120.4135,23.6216],[120.4121,23.6213],[120.4127,23.6225],[120.4138,23.6224],[120.4158,23.6214],[120.4169,23.6229],[120.4201,23.6252],[120.421,23.6248],[120.4212,23.621],[120.422,23.6193],[120.4241,23.6183],[120.4256,23.6181],[120.4267,23.6192],[120.4282,23.6192],[120.4299,23.6184],[120.4315,23.6198],[120.4318,23.6215],[120.434,23.6228],[120.4356,23.6219],[120.4368,23.6218],[120.4373,23.6225],[120.437,23.6238],[120.4353,23.6244],[120.4351,23.6252],[120.436,23.6261],[120.438,23.6265],[120.4411,23.626],[120.4426,23.6289],[120.4442,23.6304],[120.4452,23.6305],[120.4467,23.6297],[120.4507,23.6296],[120.4522,23.6307],[120.4542,23.6299],[120.4534,23.6285],[120.4511,23.6271],[120.454,23.6263],[120.4555,23.6265],[120.4585,23.6277],[120.4607,23.6294],[120.4639,23.6294],[120.4661,23.6303],[120.4685,23.6303]]]}},{"type":"Feature","properties":{"name":"嘉義縣民雄鄉","county":"嘉義縣","town":"民雄鄉"},"geometry":{"type":"Polygon","coordinates":[[[120.4088,23.5066],[120.4091,23.5083],[120.407,23.5106],[120.406,23.5111],[120.4041,23.5111],[120.393,23.5066],[120.3889,23.5071],[120.389,23.5078],[120.3879,23.5091],[120.3881,23.5144],[120.3888,23.5161],[120.3917,23.5147],[120.3932,23.5149],[120.3962,23.514],[120.3977,23.514],[120.3991,23.5149],[120.3996,23.5169],[120.4011,23.5181],[120.4015,23.519],[120.4005,23.5188],[120.4001,23.5234],[120.4,23.5297],[120.3943,23.5296],[120.3943,23.5317],[120.3842,23.5316],[120.3842,23.5346],[120.3761,23.5343],[120.3754,23.5344],[120.3745,23.536],[120.3743,23.539],[120.3764,23.5491],[120.3799,23.5478],[120.3806,23.5484],[120.379,23.5507],[120.3787,23.5556],[120.3806,23.5565],[120.3807,23.5556],[120.3823,23.5553],[120.3859,23.5554],[120.3861,23.5576],[120.3838,23.5574],[120.3875,23.5655],[120.3898,23.5651],[120.3915,23.5656],[120.3936,23.5657],[120.3971,23.5644],[120.3997,23.5622],[120.4013,23.5623],[120.4038,23.562],[120.4053,23.5603],[120.4084,23.5602],[120.4086,23.5627],[120.4039,23.5657],[120.4035,23.5673],[120.4038,23.5687],[120.4032,23.5705],[120.407,23.5703],[120.408,23.5708],[120.4111,23.5711],[120.4153,23.5727],[120.4164,23.5739],[120.4181,23.577],[120.4195,23.5776],[120.4219,23.578],[120.4229,23.5786],[120.4262,23.5797],[120.4267,23.5795],[120.4283,23.5774],[120.4285,23.5792],[120.4384,23.5796],[120.4398,23.5793],[120.4418,23.5844],[120.4455,23.5838],[120.4456,23.5849],[120.4505,23.5829],[120.4519,23.583],[120.4537,23.5824],[120.4543,23.5808],[120.456,23.5825],[120.4569,23.5803],[120.4584,23.5786],[120.4596,23.5783],[120.4604,23.5787],[120.4626,23.5811],[120.4645,23.5826],[120.4659,23.5819],[120.468,23.5817],[120.4699,23.5809],[120.4702,23.5783],[120.4695,23.5776],[120.4695,23.5765],[120.4708,23.5754],[120.4734,23.5755],[120.475,23.5768],[120.4769,23.5747],[120.4791,23.5711],[120.4817,23.5675],[120.4832,23.5662],[120.4848,23.5673],[120.4866,23.5676],[120.4875,23.5658],[120.4881,23.5655],[120.4894,23.5677],[120.4902,23.5682],[120.4926,23.568],[120.4945,23.5672],[120.4953,23.5655],[120.4955,23.5641],[120.4988,23.5642],[120.4996,23.5634],[120.5003,23.5638],[120.5009,23.5652],[120.5018,23.5647],[120.5024,23.5624],[120.502,23.5605],[120.4997,23.5585],[120.4996,23.5574],[120.5033,23.5561],[120.5048,23.5564],[120.506,23.5554],[120.5072,23.555],[120.5079,23.5556],[120.5078,23.5575],[120.5084,23.5577],[120.5103,23.5565],[120.5108,23.5556],[120.5118,23.5563],[120.5124,23.5554],[120.5111,23.5532],[120.5105,23.5509],[120.5113,23.5501],[120.5126,23.5503],[120.5125,23.551],[120.5147,23.5511],[120.5164,23.5515],[120.5192,23.5507],[120.5184,23.5497],[120.5181,23.5474],[120.5159,23.5453],[120.5146,23.5431],[120.5136,23.5413],[120.5124,23.542],[120.5117,23.5438],[120.5101,23.5436],[120.5104,23.5456],[120.509,23.5472],[120.5072,23.5474],[120.5049,23.5452],[120.5058,23.5448],[120.5038,23.5401],[120.5041,23.5391],[120.5034,23.5376],[120.5012,23.5367],[120.4998,23.5356],[120.4984,23.5351],[120.4984,23.5341],[120.4969,23.5326],[120.4967,23.5311],[120.497,23.529],[120.4977,23.5277],[120.4971,23.5266],[120.4956,23.5264],[120.4958,23.5256],[120.4954,23.5237],[120.4961,23.5211],[120.4951,23.5187],[120.4937,23.5179],[120.4913,23.5153],[120.4902,23.5136],[120.4889,23.5134],[120.4908,23.5121],[120.4878,23.5103],[120.4878,23.5095],[120.4851,23.5075],[120.4853,23.506],[120.4832,23.5054],[120.4813,23.5044],[120.4797,23.5044],[120.4781,23.5049],[120.4748,23.5068],[120.4735,23.5069],[120.4726,23.5052],[120.4708,23.5038],[120.4701,23.5002],[120.4692,23.4994],[120.4675,23.4988],[120.4655,23.4987],[120.4638,23.4994],[120.4626,23.5008],[120.4621,23.5033],[120.4601,23.507],[120.4578,23.5089],[120.4563,23.5118],[120.4562,23.5128],[120.4574,23.5137],[120.4574,23.5153],[120.4563,23.516],[120.4533,23.5159],[120.4511,23.5169],[120.4494,23.5171],[120.448,23.5182],[120.4468,23.5184],[120.4452,23.5181],[120.4445,23.5173],[120.4425,23.5181],[120.4406,23.5183],[120.4421,23.5133],[120.4405,23.5119],[120.4391,23.5122],[120.4371,23.514],[120.4373,23.5152],[120.4351,23.5173],[120.4338,23.5172],[120.434,23.516],[120.4335,23.5144],[120.4326,23.5134],[120.4337,23.5114],[120.4338,23.5098],[120.4332,23.5089],[120.4315,23.5087],[120.4279,23.5092],[120.4263,23.5087],[120.425,23.5064],[120.4243,23.5062],[120.421,23.5061],[120.4166,23.5053],[120.4154,23.5038],[120.4134,23.5024],[120.4123,23.4992],[120.4096,23.4984],[120.4085,23.4984],[120.4078,23.5026],[120.4088,23.5066]]]}},{"type":"Feature","properties":{"name":"嘉義縣溪口鄉","county":"嘉義縣","town":"溪口鄉"},"geometry":{"type":"Polygon","coordinates":[[[120.3665,23.6078],[120.3681,23.6075],[120.3699,23.609],[120.3712,23.6095],[120.3755,23.6099],[120.3798,23.6099],[120.3807,23.6118],[120.3832,23.6127],[120.3827,23.6141],[120.3842,23.6175],[120.3866,23.621],[120.3924,23.6224],[120.3922,23.6236],[120.3931,23.6242],[120.3943,23.624],[120.3961,23.6248],[120.4026,23.6269],[120.4009,23.6322],[120.4014,23.6329],[120.4046,23.6342],[120.4059,23.6336],[120.4064,23.6325],[120.4066,23.6253],[120.4096,23.6253],[120.4128,23.624],[120.4141,23.6231],[120.4138,23.6224],[120.4127,23.6225],[120.4121,23.6213],[120.4135,23.6216],[120.4142,23.6185],[120.4126,23.6158],[120.4105,23.6136],[120.4081,23.6125],[120.4072,23.6116],[120.4052,23.6073],[120.4072,23.6068],[120.4076,23.6063],[120.4073,23.605],[120.4064,23.6034],[120.4076,23.6024],[120.4095,23.6019],[120.4129,23.6021],[120.4137,23.6012],[120.4146,23.6014],[120.4153,23.6033],[120.4166,23.605],[120.4201,23.6056],[120.4244,23.6058],[120.4266,23.6056],[120.4276,23.6046],[120.4278,23.6024],[120.4263,23.6004],[120.4267,23.5987],[120.4295,23.599],[120.4264,23.5957],[120.4259,23.5937],[120.4272,23.592],[120.4303,23.5913],[120.4347,23.5913],[120.4366,23.5916],[120.4413,23.5938],[120.4429,23.5942],[120.4452,23.5944],[120.4475,23.594],[120.4487,23.5933],[120.448,23.5913],[120.4483,23.5901],[120.4493,23.5893],[120.4536,23.5874],[120.4543,23.5865],[120.4553,23.5836],[120.456,23.5825],[120.4543,23.5808],[120.4537,23.5824],[120.4519,23.583],[120.4505,23.5829],[120.4456,23.5849],[120.4455,23.5838],[120.4418,23.5844],[120.4398,23.5793],[120.4384,23.5796],[120.4285,23.5792],[120.4283,23.5774],[120.4267,23.5795],[120.4262,23.5797],[120.4229,23.5786],[120.4219,23.578],[120.4195,23.5776],[120.4181,23.577],[120.4164,23.5739],[120.4153,23.5727],[120.4111,23.5711],[120.408,23.5708],[120.407,23.5703],[120.4032,23.5705],[120.4038,23.5687],[120.4035,23.5673],[120.4039,23.5657],[120.4086,23.5627],[120.4084,23.5602],[120.4053,23.5603],[120.4038,23.562],[120.4013,23.5623],[120.3997,23.5622],[120.3971,23.5644],[120.3936,23.5657],[120.3915,23.5656],[120.3898,23.5651],[120.3875,23.5655],[120.39,23.5709],[120.3882,23.571],[120.3852,23.572],[120.3819,23.5713],[120.3801,23.572],[120.3773,23.5724],[120.3766,23.5717],[120.3746,23.5731],[120.3743,23.5739],[120.3753,23.5753],[120.3752,23.5761],[120.3732,23.5768],[120.3731,23.5782],[120.3738,23.5788],[120.3757,23.5781],[120.3772,23.5796],[120.3767,23.5805],[120.372,23.5805],[120.371,23.5814],[120.3699,23.5813],[120.3684,23.5833],[120.3694,23.5851],[120.3706,23.585],[120.371,23.5866],[120.371,23.5885],[120.3725,23.5897],[120.3736,23.5946],[120.3724,23.5942],[120.3677,23.5951],[120.3672,23.5941],[120.3607,23.5953],[120.3603,23.5961],[120.3615,23.5983],[120.3652,23.6017],[120.3659,23.603],[120.3661,23.6066],[120.3665,23.6078]]]}},{"type":"Feature","properties":{"name":"嘉義縣新港鄉","county":"嘉義縣","town":"新港鄉"},"geometry":{"type":"Polygon","coordinates":[[[120.3888,23.5161],[120.3863,23.5166],[120.3846,23.5155],[120.3818,23.5152],[120.3801,23.5146],[120.3795,23.5121],[120.3787,23.5103],[120.3786,23.5074],[120.3779,23.5053],[120.3758,23.5037],[120.3732,23.5032],[120.3724,23.5022],[120.3712,23.502],[120.3714,23.5028],[120.37,23.5023],[120.3687,23.5031],[120.3682,23.5045],[120.3684,23.5067],[120.368,23.5094],[120.3668,23.5113],[120.364,23.514],[120.3631,23.5139],[120.3605,23.5125],[120.3594,23.5134],[120.3574,23.5132],[120.3564,23.5126],[120.3561,23.5106],[120.3544,23.5105],[120.3527,23.5095],[120.3515,23.5052],[120.3492,23.505],[120.3476,23.5054],[120.347,23.5064],[120.3453,23.5058],[120.3419,23.5059],[120.339,23.5065],[120.3355,23.5077],[120.3343,23.5083],[120.3317,23.5079],[120.3285,23.5062],[120.3259,23.5058],[120.3235,23.5057],[120.3209,23.5064],[120.3185,23.508],[120.3165,23.5104],[120.3139,23.5115],[120.3109,23.5119],[120.3086,23.5131],[120.3053,23.5134],[120.3055,23.5182],[120.3065,23.5192],[120.3082,23.5191],[120.3085,23.5235],[120.3089,23.5316],[120.3107,23.5315],[120.3117,23.5327],[120.312,23.5339],[120.3159,23.5346],[120.3128,23.5363],[120.3103,23.5369],[120.3087,23.5379],[120.3046,23.5385],[120.3034,23.5388],[120.3084,23.5426],[120.3105,23.5469],[120.307,23.5482],[120.3091,23.5534],[120.3108,23.5571],[120.3104,23.5587],[120.3073,23.5571],[120.3046,23.5565],[120.3057,23.563],[120.308,23.5633],[120.3106,23.5645],[120.3102,23.5672],[120.3067,23.5715],[120.3063,23.5732],[120.3076,23.5747],[120.3108,23.5751],[120.3119,23.575],[120.317,23.5733],[120.3181,23.5726],[120.3204,23.5724],[120.3248,23.5732],[120.327,23.5742],[120.3316,23.5774],[120.3331,23.5792],[120.3334,23.5824],[120.3337,23.5918],[120.3353,23.593],[120.3384,23.5922],[120.3407,23.5919],[120.3433,23.5919],[120.3525,23.5931],[120.3567,23.594],[120.3586,23.5948],[120.3603,23.5961],[120.3607,23.5953],[120.3672,23.5941],[120.3677,23.5951],[120.3724,23.5942],[120.3736,23.5946],[120.3725,23.5897],[120.371,23.5885],[120.371,23.5866],[120.3706,23.585],[120.3694,23.5851],[120.3684,23.5833],[120.3699,23.5813],[120.371,23.5814],[120.372,23.5805],[120.3767,23.5805],[120.3772,23.5796],[120.3757,23.5781],[120.3738,23.5788],[120.3731,23.5782],[120.3732,23.5768],[120.3752,23.5761],[120.3753,23.5753],[120.3743,23.5739],[120.3746,23.5731],[120.3766,23.5717],[120.3773,23.5724],[120.3801,23.572],[120.3819,23.5713],[120.3852,23.572],[120.3882,23.571],[120.39,23.5709],[120.3875,23.5655],[120.3838,23.5574],[120.3861,23.5576],[120.3859,23.5554],[120.3823,23.5553],[120.3807,23.5556],[120.3806,23.5565],[120.3787,23.5556],[120.379,23.5507],[120.3806,23.5484],[120.3799,23.5478],[120.3764,23.5491],[120.3743,23.539],[120.3745,23.536],[120.3754,23.5344],[120.3761,23.5343],[120.3842,23.5346],[120.3842,23.5316],[120.3943,23.5317],[120.3943,23.5296],[120.4,23.5297],[120.4001,23.5234],[120.4005,23.5188],[120.4015,23.519],[120.4011,23.5181],[120.3996,23.5169],[120.3991,23.5149],[120.3977,23.514],[120.3962,23.514],[120.3932,23.5149],[120.3917,23.5147],[120.3888,23.5161]]]}},{"type":"Feature","properties":{"name":"嘉義縣六腳鄉","county":"嘉義縣","town":"六腳鄉"},"geometry":{"type":"Polygon","coordinates":[[[120.3259,23.5058],[120.3256,23.5047],[120.3227,23.5028],[120.3219,23.5006],[120.3202,23.4999],[120.3138,23.5005],[120.3134,23.4995],[120.3141,23.4992],[120.3138,23.4979],[120.3157,23.4978],[120.316,23.4961],[120.3199,23.4952],[120.3208,23.4934],[120.3146,23.4888],[120.3173,23.488],[120.3157,23.4876],[120.3149,23.4832],[120.308,23.4756],[120.3035,23.4789],[120.2965,23.4784],[120.29,23.4781],[120.2906,23.4807],[120.2912,23.4814],[120.2886,23.4832],[120.2838,23.4867],[120.2834,23.4879],[120.2841,23.4895],[120.2828,23.4908],[120.2803,23.4914],[120.2765,23.4915],[120.2735,23.4911],[120.267,23.489],[120.2654,23.4881],[120.2617,23.4851],[120.2621,23.4831],[120.2615,23.4815],[120.2623,23.479],[120.2616,23.478],[120.2594,23.4778],[120.2582,23.4771],[120.2571,23.4777],[120.2557,23.4775],[120.2541,23.4751],[120.2536,23.4736],[120.2533,23.4709],[120.2527,23.4701],[120.2515,23.4699],[120.2501,23.471],[120.247,23.4745],[120.246,23.4753],[120.2431,23.4762],[120.2409,23.4759],[120.2389,23.4745],[120.2384,23.4734],[120.2383,23.4695],[120.2332,23.4686],[120.2309,23.4674],[120.2284,23.4677],[120.2263,23.4692],[120.226,23.4699],[120.2257,23.4749],[120.2251,23.4782],[120.2232,23.4805],[120.2202,23.4827],[120.2155,23.4855],[120.215,23.4864],[120.2192,23.4872],[120.2215,23.4884],[120.2193,23.4916],[120.221,23.4926],[120.2209,23.4932],[120.218,23.4934],[120.2143,23.4926],[120.2134,23.4912],[120.213,23.4895],[120.2118,23.4896],[120.2108,23.4913],[120.2102,23.495],[120.2107,23.4963],[120.2122,23.4975],[120.2132,23.4978],[120.2168,23.4973],[120.217,23.4989],[120.215,23.5008],[120.2115,23.5019],[120.2107,23.5031],[120.2091,23.5045],[120.2081,23.5044],[120.2048,23.5064],[120.2011,23.5076],[120.2011,23.5094],[120.2019,23.5113],[120.2029,23.5111],[120.2031,23.512],[120.205,23.5118],[120.2066,23.5106],[120.2099,23.5097],[120.2134,23.5082],[120.2158,23.5069],[120.2182,23.5062],[120.2194,23.5056],[120.223,23.5043],[120.2309,23.5054],[120.2371,23.507],[120.2391,23.5077],[120.2431,23.5101],[120.2448,23.5116],[120.2467,23.5138],[120.247,23.5162],[120.2456,23.5233],[120.244,23.5326],[120.242,23.5387],[120.2421,23.5415],[120.2433,23.5436],[120.2444,23.5443],[120.2489,23.5458],[120.2538,23.5464],[120.2561,23.5461],[120.2581,23.5438],[120.2594,23.5412],[120.2614,23.5364],[120.2634,23.5335],[120.2646,23.533],[120.2666,23.5311],[120.2689,23.5302],[120.2719,23.5307],[120.2726,23.5315],[120.2736,23.5342],[120.2743,23.5379],[120.276,23.543],[120.277,23.5441],[120.2802,23.5459],[120.2826,23.546],[120.2867,23.5478],[120.2909,23.5508],[120.2902,23.5538],[120.2891,23.5574],[120.2892,23.5612],[120.29,23.5623],[120.2927,23.564],[120.2954,23.5646],[120.2976,23.5645],[120.3057,23.563],[120.3046,23.5565],[120.3073,23.5571],[120.3104,23.5587],[120.3108,23.5571],[120.3091,23.5534],[120.307,23.5482],[120.3105,23.5469],[120.3084,23.5426],[120.3034,23.5388],[120.3046,23.5385],[120.3087,23.5379],[120.3103,23.5369],[120.3128,23.5363],[120.3159,23.5346],[120.312,23.5339],[120.3117,23.5327],[120.3107,23.5315],[120.3089,23.5316],[120.3085,23.5235],[120.3082,23.5191],[120.3065,23.5192],[120.3055,23.5182],[120.3053,23.5134],[120.3086,23.5131],[120.3109,23.5119],[120.3139,23.5115],[120.3165,23.5104],[120.3185,23.508],[120.3209,23.5064],[120.3235,23.5057],[120.3259,23.5058]]]}},{"type":"Feature","properties":{"name":"嘉義縣義竹鄉","county":"嘉義縣","town":"義竹鄉"},"geometry":{"type":"Polygon","coordinates":[[[120.2358,23.4076],[120.2409,23.4044],[120.2428,23.4029],[120.2432,23.4007],[120.2458,23.3985],[120.2486,23.3973],[120.2495,23.3974],[120.252,23.396],[120.2581,23.3946],[120.2624,23.3929],[120.2648,23.3927],[120.2663,23.3909],[120.2696,23.3879],[120.2689,23.3839],[120.2694,23.3829],[120.2695,23.3806],[120.2686,23.3781],[120.2687,23.3755],[120.2692,23.3753],[120.2698,23.3733],[120.2734,23.3737],[120.2736,23.3717],[120.2744,23.369],[120.2768,23.3694],[120.2789,23.3693],[120.2799,23.3683],[120.2789,23.3667],[120.2801,23.3669],[120.2802,23.3663],[120.2816,23.3665],[120.2819,23.366],[120.2824,23.3633],[120.2846,23.3635],[120.2837,23.3618],[120.2838,23.3587],[120.2846,23.3562],[120.286,23.3542],[120.2864,23.3526],[120.2862,23.3503],[120.2814,23.3482],[120.2785,23.3477],[120.2763,23.3482],[120.2758,23.35],[120.2748,23.3517],[120.2739,23.3525],[120.2705,23.3537],[120.2683,23.3536],[120.2668,23.3531],[120.2657,23.3523],[120.2644,23.3505],[120.2624,23.347],[120.2613,23.3459],[120.2607,23.3445],[120.2637,23.3451],[120.2653,23.3447],[120.2675,23.3447],[120.2671,23.3407],[120.2666,23.3406],[120.2628,23.337],[120.2629,23.3368],[120.2583,23.3328],[120.2574,23.3317],[120.2551,23.3306],[120.2492,23.3289],[120.2466,23.327],[120.2451,23.3268],[120.2411,23.3271],[120.2399,23.3275],[120.2381,23.3271],[120.2368,23.3256],[120.2355,23.3233],[120.2345,23.3202],[120.2331,23.3188],[120.2313,23.3163],[120.2281,23.3096],[120.2276,23.3068],[120.2259,23.3032],[120.2226,23.2983],[120.2209,23.296],[120.2173,23.2944],[120.2144,23.2925],[120.2123,23.2917],[120.2119,23.2927],[120.2086,23.2913],[120.2059,23.2915],[120.2043,23.2919],[120.2026,23.2931],[120.201,23.2935],[120.1991,23.2947],[120.1917,23.3003],[120.1909,23.3007],[120.1884,23.3013],[120.1881,23.3004],[120.1863,23.2983],[120.1858,23.297],[120.1863,23.2952],[120.1877,23.2943],[120.1894,23.2923],[120.1895,23.291],[120.189,23.2902],[120.1875,23.29],[120.184,23.2903],[120.1805,23.2909],[120.1787,23.2917],[120.1757,23.2944],[120.1737,23.2991],[120.1739,23.2999],[120.1709,23.3046],[120.1695,23.3061],[120.1662,23.3085],[120.1627,23.31],[120.1634,23.3111],[120.1672,23.3099],[120.1699,23.3108],[120.1712,23.3122],[120.1714,23.3149],[120.1718,23.316],[120.1728,23.3172],[120.1766,23.3187],[120.1791,23.3208],[120.1806,23.3231],[120.1807,23.3258],[120.1785,23.3299],[120.1802,23.3343],[120.1797,23.337],[120.179,23.3387],[120.1776,23.3402],[120.1763,23.3409],[120.1762,23.3418],[120.1818,23.3476],[120.1835,23.3504],[120.1864,23.3556],[120.1895,23.3618],[120.1906,23.3627],[120.1954,23.3644],[120.1966,23.3652],[120.1993,23.3694],[120.2013,23.3698],[120.202,23.3706],[120.1999,23.3715],[120.203,23.375],[120.2054,23.3764],[120.2073,23.3798],[120.2116,23.3811],[120.2171,23.3793],[120.2194,23.3778],[120.2213,23.3806],[120.2228,23.3814],[120.2252,23.3821],[120.2269,23.3815],[120.2309,23.3867],[120.2267,23.3894],[120.2275,23.3933],[120.2272,23.3941],[120.2291,23.3963],[120.23,23.3979],[120.2301,23.3989],[120.232,23.4002],[120.2341,23.4006],[120.236,23.4016],[120.2361,23.4022],[120.2344,23.403],[120.2317,23.4033],[120.2309,23.4038],[120.2326,23.4057],[120.2347,23.4066],[120.2358,23.4076]]]}},{"type":"Feature","properties":{"name":"嘉義縣鹿草鄉","county":"嘉義縣","town":"鹿草鄉"},"geometry":{"type":"Polygon","coordinates":[[[120.2912,23.4457],[120.2922,23.4448],[120.2911,23.4438],[120.2914,23.4427],[120.2902,23.4409],[120.2914,23.4395],[120.2914,23.4379],[120.2927,23.4346],[120.295,23.4348],[120.2985,23.4357],[120.2999,23.4356],[120.303,23.4364],[120.3079,23.4366],[120.3091,23.4375],[120.3114,23.4382],[120.3134,23.4381],[120.3147,23.4371],[120.318,23.4374],[120.3185,23.4368],[120.3205,23.4372],[120.3216,23.4356],[120.3244,23.4345],[120.3249,23.4349],[120.3267,23.4349],[120.3281,23.4338],[120.3327,23.4325],[120.3339,23.43],[120.3367,23.429],[120.3387,23.4303],[120.3409,23.4301],[120.3426,23.4289],[120.3449,23.4302],[120.3507,23.4314],[120.3513,23.4309],[120.3533,23.4303],[120.3554,23.4329],[120.356,23.4345],[120.3587,23.4335],[120.3567,23.4315],[120.3562,23.4301],[120.356,23.4273],[120.3561,23.4231],[120.357,23.4222],[120.3581,23.4203],[120.3579,23.4192],[120.357,23.4191],[120.3546,23.4182],[120.354,23.4168],[120.3526,23.4144],[120.3509,23.4141],[120.3502,23.4129],[120.3498,23.4106],[120.3507,23.4108],[120.3521,23.412],[120.353,23.412],[120.3545,23.411],[120.3551,23.4098],[120.3559,23.4098],[120.3574,23.4084],[120.3574,23.4076],[120.3558,23.4017],[120.3534,23.4012],[120.3495,23.4013],[120.3463,23.4004],[120.3448,23.3996],[120.343,23.3982],[120.3429,23.3967],[120.3374,23.3904],[120.3347,23.387],[120.3332,23.3858],[120.33,23.3854],[120.3289,23.3849],[120.3287,23.3861],[120.3241,23.3843],[120.3235,23.3836],[120.3217,23.3836],[120.3194,23.386],[120.3199,23.3868],[120.3188,23.3872],[120.3178,23.3884],[120.3149,23.3885],[120.3146,23.388],[120.3124,23.387],[120.311,23.3856],[120.3112,23.3834],[120.3103,23.3831],[120.3105,23.3786],[120.3109,23.3754],[120.308,23.3749],[120.3029,23.3759],[120.2994,23.3753],[120.293,23.3754],[120.2895,23.3709],[120.2872,23.3688],[120.2857,23.3669],[120.2846,23.3635],[120.2824,23.3633],[120.2819,23.366],[120.2816,23.3665],[120.2802,23.3663],[120.2801,23.3669],[120.2789,23.3667],[120.2799,23.3683],[120.2789,23.3693],[120.2768,23.3694],[120.2744,23.369],[120.2736,23.3717],[120.2734,23.3737],[120.2698,23.3733],[120.2692,23.3753],[120.2687,23.3755],[120.2686,23.3781],[120.2695,23.3806],[120.2694,23.3829],[120.2689,23.3839],[120.2696,23.3879],[120.2663,23.3909],[120.2648,23.3927],[120.2624,23.3929],[120.2581,23.3946],[120.2582,23.3954],[120.2594,23.3979],[120.2595,23.4002],[120.258,23.4029],[120.258,23.4038],[120.26,23.4039],[120.261,23.405],[120.2612,23.4058],[120.2629,23.408],[120.2644,23.4074],[120.2657,23.4084],[120.2667,23.4085],[120.2675,23.4092],[120.2675,23.4113],[120.2678,23.4124],[120.267,23.4147],[120.2671,23.4177],[120.2663,23.4186],[120.2701,23.4195],[120.2717,23.4221],[120.2723,23.4225],[120.274,23.4216],[120.2738,23.4186],[120.2751,23.4182],[120.2771,23.4186],[120.2779,23.4195],[120.2779,23.4212],[120.2799,23.4215],[120.2814,23.4233],[120.2806,23.4237],[120.2796,23.4233],[120.2797,23.4245],[120.2813,23.4251],[120.2825,23.4251],[120.2832,23.4261],[120.2819,23.4272],[120.2819,23.4325],[120.2799,23.4324],[120.2766,23.4313],[120.2696,23.431],[120.2699,23.4449],[120.267,23.4481],[120.2675,23.4484],[120.2687,23.4477],[120.2697,23.4478],[120.271,23.4505],[120.2724,23.4497],[120.2731,23.4483],[120.275,23.4481],[120.2765,23.4485],[120.2773,23.4497],[120.2814,23.4499],[120.2825,23.4493],[120.2817,23.4484],[120.2809,23.446],[120.282,23.4455],[120.2828,23.4459],[120.2831,23.4477],[120.2849,23.4478],[120.285,23.4466],[120.2843,23.4459],[120.2852,23.4443],[120.2865,23.4439],[120.2875,23.4444],[120.2869,23.4463],[120.2877,23.4469],[120.2885,23.4462],[120.288,23.4454],[120.2882,23.4439],[120.289,23.4433],[120.2905,23.4456],[120.2912,23.4457]]]}},{"type":"Feature","properties":{"name":"嘉義縣竹崎鄉","county":"嘉義縣","town":"竹崎鄉"},"geometry":{"type":"Polygon","coordinates":[[[120.6741,23.4499],[120.6721,23.4497],[120.6672,23.4505],[120.6637,23.4513],[120.6613,23.451],[120.6592,23.4521],[120.6564,23.4521],[120.6541,23.4528],[120.6504,23.4556],[120.649,23.458],[120.6476,23.4587],[120.6467,23.4605],[120.6464,23.463],[120.6483,23.4661],[120.6467,23.4664],[120.6441,23.468],[120.6432,23.4694],[120.6414,23.4702],[120.6411,23.4711],[120.642,23.472],[120.6422,23.4732],[120.6411,23.475],[120.6406,23.4775],[120.6391,23.4789],[120.6392,23.4802],[120.6382,23.4815],[120.6381,23.4825],[120.6387,23.4835],[120.6382,23.4848],[120.6384,23.4867],[120.6377,23.4875],[120.6392,23.49],[120.6426,23.4915],[120.6422,23.4938],[120.64,23.4948],[120.636,23.495],[120.6345,23.4949],[120.6325,23.4973],[120.6294,23.4981],[120.6284,23.4949],[120.6282,23.4925],[120.6273,23.4921],[120.6239,23.4918],[120.6229,23.492],[120.6211,23.4916],[120.6203,23.4896],[120.6186,23.4876],[120.6186,23.4864],[120.6196,23.4855],[120.6197,23.4846],[120.6173,23.4824],[120.6163,23.4802],[120.6147,23.4785],[120.6125,23.478],[120.6124,23.4758],[120.6119,23.4744],[120.6117,23.472],[120.6106,23.4702],[120.6107,23.4685],[120.6095,23.4658],[120.6081,23.4652],[120.6065,23.4671],[120.604,23.4681],[120.6026,23.4673],[120.6002,23.4665],[120.5984,23.465],[120.595,23.4657],[120.5934,23.4658],[120.5914,23.465],[120.5892,23.4623],[120.5859,23.4616],[120.5833,23.4613],[120.5825,23.4627],[120.5801,23.4618],[120.5787,23.4624],[120.5783,23.463],[120.5773,23.4627],[120.576,23.4641],[120.5744,23.4635],[120.5717,23.4648],[120.5718,23.4671],[120.5703,23.4679],[120.5699,23.4695],[120.5683,23.4696],[120.5676,23.4704],[120.5655,23.4712],[120.5643,23.4709],[120.5634,23.4714],[120.5621,23.4681],[120.5612,23.4674],[120.5611,23.4663],[120.5599,23.4664],[120.5556,23.4692],[120.5539,23.4699],[120.5523,23.4714],[120.5509,23.4709],[120.5476,23.4711],[120.5468,23.4725],[120.5456,23.4737],[120.5443,23.4742],[120.5439,23.4761],[120.5431,23.4767],[120.5431,23.4779],[120.5445,23.4789],[120.5436,23.4808],[120.5444,23.4814],[120.5459,23.4813],[120.5457,23.4829],[120.5431,23.4848],[120.5416,23.4845],[120.5393,23.4862],[120.5398,23.4875],[120.5394,23.4893],[120.5367,23.4894],[120.5346,23.4909],[120.5336,23.4904],[120.5333,23.4895],[120.5344,23.4888],[120.5361,23.4884],[120.5336,23.4876],[120.5328,23.4857],[120.5329,23.4798],[120.5324,23.4791],[120.5301,23.4789],[120.5286,23.48],[120.5275,23.4797],[120.5269,23.481],[120.5257,23.4813],[120.5251,23.4804],[120.5229,23.4804],[120.5213,23.4809],[120.5199,23.4808],[120.518,23.4815],[120.5156,23.4814],[120.5138,23.4826],[120.5123,23.4843],[120.5113,23.4835],[120.5081,23.4827],[120.5071,23.4843],[120.5059,23.4848],[120.504,23.4875],[120.5031,23.4874],[120.5016,23.4889],[120.5013,23.4898],[120.5001,23.4907],[120.4972,23.4906],[120.4961,23.4901],[120.4942,23.4902],[120.4936,23.4911],[120.4894,23.4914],[120.4861,23.4934],[120.4839,23.4957],[120.4837,23.4982],[120.4846,23.4989],[120.4847,23.5014],[120.484,23.5038],[120.4832,23.5054],[120.4853,23.506],[120.4851,23.5075],[120.4878,23.5095],[120.4878,23.5103],[120.4908,23.5121],[120.4889,23.5134],[120.4902,23.5136],[120.4913,23.5153],[120.4937,23.5179],[120.4951,23.5187],[120.4961,23.5211],[120.4954,23.5237],[120.4958,23.5256],[120.4956,23.5264],[120.4971,23.5266],[120.4977,23.5277],[120.497,23.529],[120.4967,23.5311],[120.4969,23.5326],[120.4984,23.5341],[120.4984,23.5351],[120.4998,23.5356],[120.5012,23.5367],[120.5034,23.5376],[120.5041,23.5391],[120.5038,23.5401],[120.5058,23.5448],[120.5049,23.5452],[120.5072,23.5474],[120.509,23.5472],[120.5104,23.5456],[120.5101,23.5436],[120.5117,23.5438],[120.5124,23.542],[120.5136,23.5413],[120.5146,23.5431],[120.5173,23.5438],[120.5185,23.5444],[120.5192,23.5437],[120.5202,23.5444],[120.5211,23.546],[120.5227,23.5461],[120.5245,23.5472],[120.5259,23.5468],[120.5269,23.5485],[120.5304,23.5484],[120.5329,23.549],[120.5353,23.5488],[120.5366,23.5494],[120.5384,23.5481],[120.5396,23.5462],[120.5408,23.5471],[120.5425,23.5458],[120.5447,23.5467],[120.5481,23.5465],[120.55,23.5438],[120.5507,23.5436],[120.5525,23.5447],[120.5536,23.5446],[120.5553,23.5428],[120.5553,23.5413],[120.5572,23.5415],[120.5587,23.5426],[120.5589,23.5438],[120.5605,23.5443],[120.562,23.5442],[120.5632,23.5433],[120.5656,23.5437],[120.5669,23.5433],[120.5668,23.5421],[120.5656,23.5415],[120.5658,23.5403],[120.5673,23.5412],[120.5686,23.5412],[120.5689,23.5398],[120.5708,23.5398],[120.5729,23.5407],[120.575,23.5419],[120.5777,23.542],[120.5791,23.5417],[120.5828,23.5431],[120.5872,23.5415],[120.5882,23.5417],[120.5904,23.5446],[120.5922,23.5449],[120.595,23.5464],[120.5948,23.5479],[120.5965,23.5484],[120.5997,23.5498],[120.6008,23.5499],[120.6025,23.5493],[120.6045,23.5502],[120.6062,23.5523],[120.6064,23.5531],[120.6104,23.5517],[120.6134,23.5492],[120.6164,23.5473],[120.6169,23.5449],[120.6189,23.5434],[120.6206,23.5401],[120.6225,23.5391],[120.6237,23.539],[120.6259,23.5381],[120.6282,23.5365],[120.6285,23.5355],[120.6327,23.5335],[120.6329,23.5324],[120.6343,23.5306],[120.6373,23.5306],[120.64,23.5318],[120.6414,23.5321],[120.6425,23.5333],[120.6442,23.534],[120.647,23.5361],[120.649,23.5362],[120.6513,23.5376],[120.6546,23.5417],[120.6552,23.541],[120.6548,23.5402],[120.6557,23.5369],[120.6551,23.5349],[120.6561,23.5333],[120.6577,23.5324],[120.6578,23.5317],[120.6592,23.5303],[120.6589,23.5269],[120.6608,23.5237],[120.6639,23.5225],[120.6656,23.5208],[120.6682,23.5194],[120.6697,23.5173],[120.6712,23.5161],[120.6738,23.5155],[120.6753,23.5142],[120.6778,23.5137],[120.6789,23.5122],[120.6806,23.5106],[120.6817,23.51],[120.6824,23.5089],[120.6851,23.5078],[120.6885,23.5084],[120.6893,23.5089],[120.6919,23.5117],[120.6947,23.5107],[120.698,23.5113],[120.6994,23.5098],[120.7014,23.51],[120.7065,23.5098],[120.7087,23.5103],[120.709,23.5093],[120.7086,23.5048],[120.7088,23.5034],[120.711,23.5028],[120.7125,23.501],[120.7142,23.5002],[120.7156,23.4984],[120.7161,23.4985],[120.7146,23.4969],[120.7127,23.4963],[120.7108,23.4941],[120.709,23.4895],[120.708,23.4877],[120.7072,23.4854],[120.706,23.4828],[120.7063,23.4807],[120.706,23.4768],[120.7057,23.4757],[120.7039,23.473],[120.7028,23.4719],[120.7005,23.4714],[120.6977,23.4716],[120.6956,23.4708],[120.6946,23.469],[120.6914,23.4684],[120.6899,23.4667],[120.6896,23.4653],[120.6896,23.4621],[120.6886,23.4603],[120.6864,23.4583],[120.6855,23.4566],[120.6791,23.4548],[120.6764,23.4542],[120.6746,23.4519],[120.6741,23.4499]]]}},{"type":"Feature","properties":{"name":"嘉義縣梅山鄉","county":"嘉義縣","town":"梅山鄉"},"geometry":{"type":"Polygon","coordinates":[[[120.5334,23.5968],[120.5369,23.5947],[120.539,23.5943],[120.5436,23.5944],[120.5452,23.5939],[120.5483,23.5938],[120.5519,23.5939],[120.5566,23.5929],[120.557,23.5912],[120.5578,23.5892],[120.5595,23.5887],[120.5618,23.5888],[120.5631,23.5896],[120.5657,23.5894],[120.5674,23.5877],[120.5687,23.588],[120.5709,23.5879],[120.5741,23.586],[120.5751,23.5846],[120.5764,23.5844],[120.5767,23.5836],[120.5785,23.5833],[120.5803,23.5823],[120.5814,23.5821],[120.585,23.583],[120.5859,23.5826],[120.5872,23.5842],[120.5888,23.5855],[120.5898,23.5857],[120.5911,23.585],[120.5933,23.585],[120.5948,23.5854],[120.5959,23.5848],[120.5976,23.5847],[120.5997,23.5833],[120.6025,23.5832],[120.6055,23.5837],[120.6065,23.5842],[120.6077,23.5834],[120.6098,23.5826],[120.6121,23.5836],[120.6129,23.5844],[120.6155,23.5853],[120.6179,23.5843],[120.619,23.5842],[120.6202,23.5853],[120.6208,23.5865],[120.6229,23.588],[120.6232,23.59],[120.6252,23.5907],[120.6272,23.5902],[120.6296,23.5904],[120.6306,23.59],[120.6358,23.5913],[120.6368,23.5919],[120.6398,23.5926],[120.6431,23.5926],[120.6456,23.5936],[120.6474,23.5932],[120.6491,23.5926],[120.6486,23.5903],[120.6472,23.5879],[120.6473,23.586],[120.6493,23.5857],[120.6491,23.5827],[120.6483,23.5815],[120.6461,23.5795],[120.6447,23.5795],[120.6435,23.5782],[120.6435,23.5757],[120.6441,23.5753],[120.6456,23.5758],[120.6466,23.5768],[120.6478,23.5764],[120.6493,23.5748],[120.6495,23.5733],[120.6508,23.5724],[120.6557,23.5722],[120.6581,23.5729],[120.6582,23.5735],[120.6607,23.5763],[120.6642,23.5772],[120.6653,23.5777],[120.6686,23.5778],[120.6698,23.5788],[120.6708,23.5785],[120.6726,23.5763],[120.6735,23.5732],[120.6749,23.5713],[120.6762,23.5707],[120.6794,23.5714],[120.6809,23.5715],[120.6828,23.5724],[120.6856,23.5745],[120.6868,23.575],[120.6889,23.5751],[120.6913,23.5761],[120.694,23.5765],[120.6958,23.5762],[120.6989,23.5764],[120.7007,23.5761],[120.7043,23.575],[120.7091,23.5756],[120.7095,23.5743],[120.7095,23.5721],[120.71,23.5712],[120.7113,23.5709],[120.7126,23.5714],[120.7147,23.5708],[120.7161,23.5711],[120.7167,23.5694],[120.718,23.5691],[120.7209,23.5705],[120.7243,23.5719],[120.7282,23.5703],[120.7304,23.5708],[120.7337,23.571],[120.7362,23.5705],[120.7386,23.5673],[120.7403,23.5656],[120.7409,23.5637],[120.7418,23.5625],[120.7419,23.5609],[120.7427,23.5587],[120.7449,23.5578],[120.7466,23.5543],[120.7459,23.5537],[120.743,23.5527],[120.7435,23.5508],[120.7431,23.5493],[120.7424,23.5487],[120.7404,23.5486],[120.7359,23.5468],[120.7339,23.5457],[120.7317,23.544],[120.7312,23.5423],[120.7316,23.5408],[120.7324,23.5401],[120.7324,23.5386],[120.7312,23.537],[120.7304,23.535],[120.7299,23.5326],[120.7279,23.531],[120.7269,23.5288],[120.726,23.5255],[120.7256,23.5224],[120.7247,23.5191],[120.7233,23.5171],[120.7235,23.5152],[120.7231,23.5125],[120.7226,23.5118],[120.721,23.5114],[120.72,23.5101],[120.7178,23.5067],[120.7174,23.503],[120.7175,23.5013],[120.7181,23.4991],[120.7191,23.4983],[120.7161,23.4985],[120.7156,23.4984],[120.7142,23.5002],[120.7125,23.501],[120.711,23.5028],[120.7088,23.5034],[120.7086,23.5048],[120.709,23.5093],[120.7087,23.5103],[120.7065,23.5098],[120.7014,23.51],[120.6994,23.5098],[120.698,23.5113],[120.6947,23.5107],[120.6919,23.5117],[120.6893,23.5089],[120.6885,23.5084],[120.6851,23.5078],[120.6824,23.5089],[120.6817,23.51],[120.6806,23.5106],[120.6789,23.5122],[120.6778,23.5137],[120.6753,23.5142],[120.6738,23.5155],[120.6712,23.5161],[120.6697,23.5173],[120.6682,23.5194],[120.6656,23.5208],[120.6639,23.5225],[120.6608,23.5237],[120.6589,23.5269],[120.6592,23.5303],[120.6578,23.5317],[120.6577,23.5324],[120.6561,23.5333],[120.6551,23.5349],[120.6557,23.5369],[120.6548,23.5402],[120.6552,23.541],[120.6546,23.5417],[120.6513,23.5376],[120.649,23.5362],[120.647,23.5361],[120.6442,23.534],[120.6425,23.5333],[120.6414,23.5321],[120.64,23.5318],[120.6373,23.5306],[120.6343,23.5306],[120.6329,23.5324],[120.6327,23.5335],[120.6285,23.5355],[120.6282,23.5365],[120.6259,23.5381],[120.6237,23.539],[120.6225,23.5391],[120.6206,23.5401],[120.6189,23.5434],[120.6169,23.5449],[120.6164,23.5473],[120.6134,23.5492],[120.6104,23.5517],[120.6064,23.5531],[120.6062,23.5523],[120.6045,23.5502],[120.6025,23.5493],[120.6008,23.5499],[120.5997,23.5498],[120.5965,23.5484],[120.5948,23.5479],[120.595,23.5464],[120.5922,23.5449],[120.5904,23.5446],[120.5882,23.5417],[120.5872,23.5415],[120.5828,23.5431],[120.5791,23.5417],[120.5777,23.542],[120.575,23.5419],[120.5729,23.5407],[120.5708,23.5398],[120.5689,23.5398],[120.5686,23.5412],[120.5673,23.5412],[120.5658,23.5403],[120.5656,23.5415],[120.5668,23.5421],[120.5669,23.5433],[120.5656,23.5437],[120.5632,23.5433],[120.562,23.5442],[120.5605,23.5443],[120.5589,23.5438],[120.5587,23.5426],[120.5572,23.5415],[120.5553,23.5413],[120.5553,23.5428],[120.5536,23.5446],[120.5525,23.5447],[120.5507,23.5436],[120.55,23.5438],[120.5481,23.5465],[120.5447,23.5467],[120.5425,23.5458],[120.5408,23.5471],[120.5396,23.5462],[120.5384,23.5481],[120.5366,23.5494],[120.5353,23.5488],[120.5329,23.549],[120.5304,23.5484],[120.5269,23.5485],[120.5259,23.5468],[120.5245,23.5472],[120.5227,23.5461],[120.5211,23.546],[120.5202,23.5444],[120.5192,23.5437],[120.5185,23.5444],[120.5173,23.5438],[120.5146,23.5431],[120.5159,23.5453],[120.5181,23.5474],[120.5184,23.5497],[120.5192,23.5507],[120.5164,23.5515],[120.5171,23.553],[120.5185,23.5541],[120.5191,23.5552],[120.5185,23.5559],[120.5195,23.558],[120.5221,23.5585],[120.5246,23.5606],[120.526,23.5605],[120.527,23.5613],[120.5285,23.5614],[120.5291,23.5605],[120.5306,23.5592],[120.5314,23.5604],[120.5311,23.5613],[120.5315,23.563],[120.531,23.5657],[120.5317,23.5667],[120.5341,23.5666],[120.535,23.5674],[120.5349,23.5682],[120.5358,23.5689],[120.535,23.5707],[120.5338,23.5708],[120.532,23.5727],[120.5307,23.5751],[120.5304,23.5764],[120.5296,23.5775],[120.5301,23.5781],[120.5301,23.5799],[120.5292,23.5807],[120.5268,23.5808],[120.5254,23.5829],[120.5248,23.5856],[120.5252,23.5865],[120.5268,23.5877],[120.5277,23.5877],[120.5294,23.5885],[120.5315,23.5906],[120.532,23.5905],[120.5336,23.5918],[120.5333,23.593],[120.5324,23.5941],[120.5318,23.5956],[120.5334,23.5968]]]}},{"type":"Feature","properties":{"name":"嘉義縣大埔鄉","county":"嘉義縣","town":"大埔鄉"},"geometry":{"type":"Polygon","coordinates":[[[120.5337,23.3365],[120.5344,23.3377],[120.5357,23.3383],[120.5366,23.3377],[120.5381,23.338],[120.5389,23.3387],[120.5416,23.34],[120.5437,23.3396],[120.5471,23.3398],[120.5471,23.3421],[120.5485,23.3423],[120.5505,23.3431],[120.5555,23.3457],[120.557,23.3471],[120.5586,23.3497],[120.5596,23.3522],[120.5619,23.354],[120.5656,23.3547],[120.5679,23.356],[120.5692,23.3574],[120.5724,23.3602],[120.5747,23.3632],[120.5761,23.3632],[120.5771,23.3617],[120.5793,23.3623],[120.5815,23.3617],[120.5828,23.3624],[120.5849,23.3615],[120.5871,23.3618],[120.5878,23.3603],[120.5902,23.3582],[120.5903,23.3558],[120.5897,23.3539],[120.5908,23.354],[120.592,23.3533],[120.5925,23.352],[120.5944,23.3508],[120.5952,23.3496],[120.5973,23.3482],[120.5983,23.347],[120.6012,23.3476],[120.6044,23.3478],[120.6052,23.3469],[120.6072,23.3468],[120.6083,23.3439],[120.6106,23.3435],[120.613,23.3428],[120.6149,23.3431],[120.6183,23.3426],[120.6191,23.3412],[120.6189,23.3404],[120.62,23.3397],[120.6239,23.3413],[120.6258,23.3418],[120.6267,23.3414],[120.6286,23.3419],[120.6322,23.3412],[120.6346,23.3426],[120.6354,23.3444],[120.6384,23.3444],[120.6368,23.3463],[120.6356,23.3485],[120.6349,23.3505],[120.635,23.3532],[120.6368,23.3553],[120.6376,23.3558],[120.6392,23.3576],[120.6391,23.3586],[120.641,23.3608],[120.6415,23.364],[120.6424,23.3655],[120.6436,23.3665],[120.6463,23.3671],[120.646,23.3651],[120.6463,23.3642],[120.6484,23.3614],[120.6493,23.3589],[120.6512,23.3586],[120.6521,23.3577],[120.6538,23.3582],[120.6548,23.3574],[120.6568,23.3571],[120.6583,23.3546],[120.6584,23.3523],[120.6592,23.3511],[120.6609,23.35],[120.6616,23.3481],[120.6616,23.3459],[120.6625,23.3453],[120.6629,23.3429],[120.6608,23.34],[120.6588,23.3394],[120.6576,23.3368],[120.6564,23.3352],[120.6555,23.3302],[120.6563,23.3282],[120.6561,23.3268],[120.6575,23.326],[120.6585,23.3237],[120.6582,23.3195],[120.6582,23.316],[120.6585,23.3141],[120.6584,23.313],[120.6562,23.3097],[120.6554,23.3092],[120.6543,23.3063],[120.6538,23.3024],[120.6542,23.2998],[120.6531,23.2966],[120.6532,23.2951],[120.652,23.2912],[120.6507,23.2917],[120.6491,23.2934],[120.6473,23.2972],[120.6468,23.2975],[120.6438,23.2961],[120.6424,23.2938],[120.6421,23.2925],[120.6429,23.2917],[120.6437,23.2901],[120.6434,23.2889],[120.6419,23.2875],[120.643,23.2866],[120.6441,23.2819],[120.6426,23.2802],[120.6419,23.2786],[120.6421,23.2774],[120.6432,23.276],[120.6417,23.2746],[120.6406,23.274],[120.6413,23.2715],[120.641,23.2709],[120.639,23.2704],[120.6385,23.2688],[120.6407,23.2665],[120.6411,23.264],[120.6421,23.2606],[120.6419,23.2577],[120.6421,23.2568],[120.6443,23.2544],[120.6444,23.2537],[120.6457,23.2525],[120.6477,23.2496],[120.6481,23.2485],[120.6492,23.2471],[120.6485,23.246],[120.6486,23.2431],[120.6492,23.2427],[120.6492,23.2405],[120.6509,23.238],[120.6505,23.2371],[120.6513,23.2358],[120.6505,23.2348],[120.6505,23.233],[120.6496,23.2305],[120.6495,23.2286],[120.6505,23.2272],[120.6518,23.2262],[120.6534,23.2245],[120.6514,23.2241],[120.648,23.2258],[120.6481,23.2265],[120.6469,23.2271],[120.6442,23.2253],[120.6427,23.2256],[120.6389,23.228],[120.6355,23.2284],[120.6344,23.2292],[120.6334,23.2286],[120.6311,23.2295],[120.6296,23.229],[120.6282,23.2294],[120.6262,23.2286],[120.625,23.2273],[120.6196,23.2258],[120.6186,23.2257],[120.6167,23.2236],[120.6129,23.224],[120.6116,23.2228],[120.6097,23.2227],[120.6082,23.2247],[120.606,23.2259],[120.6027,23.2261],[120.6003,23.2275],[120.5988,23.228],[120.5974,23.2289],[120.5964,23.2317],[120.5966,23.2331],[120.5964,23.235],[120.5957,23.2369],[120.5938,23.2394],[120.5924,23.2397],[120.5921,23.2373],[120.5917,23.2361],[120.5901,23.2339],[120.5899,23.2314],[120.589,23.2303],[120.5865,23.2241],[120.5849,23.2233],[120.5829,23.2214],[120.582,23.2201],[120.5797,23.219],[120.5792,23.2169],[120.5783,23.2148],[120.5778,23.2156],[120.5747,23.2178],[120.5725,23.2178],[120.571,23.2182],[120.569,23.2194],[120.5674,23.2198],[120.5653,23.221],[120.5638,23.2202],[120.5614,23.2174],[120.5581,23.2168],[120.5575,23.2172],[120.5549,23.2176],[120.5543,23.2187],[120.5536,23.2188],[120.5524,23.2203],[120.5505,23.2207],[120.5498,23.2213],[120.5487,23.2238],[120.544,23.2266],[120.5424,23.227],[120.5415,23.2278],[120.5398,23.2277],[120.5362,23.2292],[120.5341,23.229],[120.532,23.2297],[120.5312,23.2318],[120.5294,23.2325],[120.5279,23.232],[120.5268,23.2309],[120.5257,23.2315],[120.5235,23.2341],[120.5232,23.2349],[120.5206,23.2377],[120.5198,23.2378],[120.519,23.2393],[120.5194,23.2395],[120.5209,23.2404],[120.5243,23.2421],[120.5279,23.2454],[120.5291,23.2472],[120.53,23.248],[120.5309,23.2511],[120.5315,23.252],[120.5315,23.2534],[120.5323,23.2551],[120.5307,23.256],[120.5306,23.2573],[120.5292,23.258],[120.5284,23.2622],[120.5267,23.264],[120.5261,23.2665],[120.5225,23.2692],[120.5222,23.2703],[120.5204,23.2718],[120.5222,23.274],[120.5217,23.2758],[120.5219,23.2766],[120.5211,23.2799],[120.5227,23.2814],[120.5229,23.2846],[120.522,23.2874],[120.5226,23.2893],[120.5238,23.2901],[120.5245,23.2916],[120.526,23.2922],[120.5263,23.2959],[120.5257,23.2982],[120.5246,23.3013],[120.5239,23.3024],[120.5241,23.3034],[120.5234,23.3064],[120.5234,23.3087],[120.5228,23.3101],[120.5226,23.3119],[120.5239,23.3134],[120.5273,23.3146],[120.5283,23.3159],[120.5315,23.3179],[120.532,23.3211],[120.5338,23.322],[120.536,23.3243],[120.5371,23.3265],[120.54,23.3279],[120.5384,23.3301],[120.5368,23.3333],[120.534,23.3358],[120.5337,23.3365]]]}},{"type":"Feature","properties":{"name":"嘉義縣阿里山鄉","county":"嘉義縣","town":"阿里山鄉"},"geometry":{"type":"Polygon","coordinates":[[[120.6463,23.3671],[120.6457,23.3714],[120.6446,23.3729],[120.6444,23.3741],[120.6423,23.3754],[120.6419,23.3767],[120.6425,23.3778],[120.6422,23.3789],[120.6429,23.3813],[120.6431,23.3849],[120.6422,23.3852],[120.6421,23.3879],[120.6433,23.3887],[120.6436,23.3903],[120.6455,23.3908],[120.6465,23.3916],[120.6468,23.393],[120.6478,23.3943],[120.6474,23.3963],[120.6476,23.3981],[120.6471,23.3988],[120.6467,23.4009],[120.6458,23.4021],[120.6479,23.4014],[120.6504,23.4012],[120.6527,23.3997],[120.6537,23.3995],[120.6554,23.4013],[120.6552,23.404],[120.6544,23.4056],[120.6524,23.4078],[120.6523,23.4109],[120.6557,23.4102],[120.659,23.4088],[120.6604,23.4099],[120.6609,23.4116],[120.6622,23.4136],[120.6624,23.4163],[120.6629,23.4178],[120.663,23.4205],[120.6635,23.4214],[120.6667,23.4232],[120.6699,23.4289],[120.6729,23.4316],[120.6737,23.4333],[120.6744,23.4363],[120.6774,23.4377],[120.6796,23.4381],[120.6819,23.438],[120.6826,23.4389],[120.6812,23.4415],[120.6795,23.4428],[120.679,23.4449],[120.6762,23.4475],[120.6745,23.4482],[120.6741,23.4499],[120.6746,23.4519],[120.6764,23.4542],[120.6791,23.4548],[120.6855,23.4566],[120.6864,23.4583],[120.6886,23.4603],[120.6896,23.4621],[120.6896,23.4653],[120.6899,23.4667],[120.6914,23.4684],[120.6946,23.469],[120.6956,23.4708],[120.6977,23.4716],[120.7005,23.4714],[120.7028,23.4719],[120.7039,23.473],[120.7057,23.4757],[120.706,23.4768],[120.7063,23.4807],[120.706,23.4828],[120.7072,23.4854],[120.708,23.4877],[120.709,23.4895],[120.7108,23.4941],[120.7127,23.4963],[120.7146,23.4969],[120.7161,23.4985],[120.7191,23.4983],[120.7181,23.4991],[120.7175,23.5013],[120.7174,23.503],[120.7178,23.5067],[120.72,23.5101],[120.721,23.5114],[120.7226,23.5118],[120.7231,23.5125],[120.7235,23.5152],[120.7233,23.5171],[120.7247,23.5191],[120.7256,23.5224],[120.726,23.5255],[120.7269,23.5288],[120.7279,23.531],[120.7299,23.5326],[120.7304,23.535],[120.7312,23.537],[120.7324,23.5386],[120.7324,23.5401],[120.7316,23.5408],[120.7312,23.5423],[120.7317,23.544],[120.7339,23.5457],[120.7359,23.5468],[120.7404,23.5486],[120.7424,23.5487],[120.7431,23.5493],[120.7435,23.5508],[120.743,23.5527],[120.7459,23.5537],[120.7466,23.5543],[120.7449,23.5578],[120.7427,23.5587],[120.7419,23.5609],[120.7418,23.5625],[120.7409,23.5637],[120.7403,23.5656],[120.7386,23.5673],[120.7362,23.5705],[120.7359,23.5736],[120.7349,23.5754],[120.7322,23.5771],[120.7322,23.579],[120.7328,23.581],[120.7336,23.5824],[120.7339,23.5847],[120.7323,23.5878],[120.7327,23.5892],[120.732,23.5908],[120.7299,23.5935],[120.7302,23.5943],[120.7327,23.597],[120.7326,23.5973],[120.7285,23.5992],[120.7278,23.6014],[120.7246,23.6036],[120.7268,23.6074],[120.7289,23.6088],[120.7296,23.6102],[120.7309,23.6108],[120.7345,23.6101],[120.7358,23.6095],[120.739,23.6101],[120.7418,23.6124],[120.7444,23.6127],[120.7464,23.6125],[120.7475,23.6112],[120.749,23.612],[120.7505,23.6141],[120.753,23.6149],[120.7554,23.6142],[120.7581,23.6125],[120.7643,23.6122],[120.7669,23.6098],[120.7697,23.6081],[120.7702,23.606],[120.7733,23.6057],[120.7746,23.6052],[120.7767,23.6038],[120.7773,23.6027],[120.7796,23.6016],[120.7837,23.6007],[120.7874,23.6013],[120.7909,23.6009],[120.7941,23.5982],[120.7949,23.5972],[120.7981,23.5974],[120.8011,23.5966],[120.8037,23.5968],[120.8051,23.5986],[120.8098,23.5987],[120.8113,23.6001],[120.8138,23.6009],[120.8177,23.5996],[120.8186,23.5982],[120.8169,23.5956],[120.8177,23.5943],[120.8186,23.5937],[120.8199,23.5904],[120.8207,23.5895],[120.8237,23.5871],[120.8254,23.5865],[120.8246,23.5853],[120.8247,23.5842],[120.8237,23.5841],[120.8213,23.5812],[120.8216,23.5801],[120.8203,23.5788],[120.8199,23.5775],[120.8195,23.5749],[120.8205,23.5728],[120.8219,23.5709],[120.8211,23.57],[120.8215,23.5682],[120.8199,23.5645],[120.8207,23.5626],[120.819,23.5605],[120.8167,23.5585],[120.8159,23.5574],[120.814,23.556],[120.8146,23.5547],[120.8159,23.5537],[120.8146,23.5518],[120.8115,23.5511],[120.8113,23.5494],[120.81,23.5479],[120.8099,23.547],[120.8088,23.5459],[120.8082,23.5421],[120.8083,23.5393],[120.809,23.5376],[120.8086,23.5362],[120.811,23.5345],[120.8125,23.5325],[120.8142,23.5298],[120.8144,23.529],[120.8172,23.5254],[120.8181,23.5235],[120.8204,23.5213],[120.8191,23.5195],[120.8198,23.5175],[120.8195,23.5156],[120.8199,23.5146],[120.8232,23.511],[120.8228,23.509],[120.8232,23.5073],[120.824,23.5058],[120.8241,23.5041],[120.8236,23.5013],[120.8228,23.4989],[120.8238,23.497],[120.8246,23.4966],[120.8254,23.4948],[120.8253,23.4897],[120.8262,23.4885],[120.8271,23.4834],[120.8282,23.4819],[120.8299,23.4807],[120.8317,23.4777],[120.8326,23.4747],[120.8349,23.4737],[120.836,23.4726],[120.839,23.4712],[120.8415,23.4729],[120.8425,23.4733],[120.8441,23.4728],[120.8466,23.4731],[120.8487,23.4722],[120.8499,23.4722],[120.853,23.4732],[120.8562,23.4734],[120.8581,23.4729],[120.8624,23.4735],[120.8636,23.4735],[120.8667,23.4723],[120.8683,23.4706],[120.8712,23.4696],[120.8731,23.4685],[120.8765,23.4678],[120.8808,23.4676],[120.8819,23.4683],[120.8821,23.47],[120.8832,23.4722],[120.8841,23.4732],[120.8843,23.4743],[120.8871,23.4756],[120.8918,23.4757],[120.8946,23.4755],[120.896,23.4759],[120.8983,23.4758],[120.8996,23.4754],[120.902,23.4761],[120.9067,23.476],[120.9081,23.4758],[120.9102,23.4762],[120.9113,23.4761],[120.9147,23.4747],[120.9154,23.4747],[120.9175,23.4757],[120.9192,23.4749],[120.9207,23.4749],[120.9235,23.4737],[120.9265,23.473],[120.9308,23.4707],[120.9324,23.4711],[120.9347,23.4731],[120.9379,23.4729],[120.9393,23.4721],[120.9416,23.4698],[120.9452,23.4678],[120.9475,23.4671],[120.9491,23.4676],[120.9513,23.4675],[120.9539,23.4687],[120.9569,23.4696],[120.9575,23.4695],[120.9571,23.4684],[120.956,23.4673],[120.952,23.4658],[120.9503,23.4648],[120.9444,23.4634],[120.9403,23.4631],[120.9389,23.4639],[120.9366,23.4638],[120.9345,23.4614],[120.9345,23.4599],[120.9351,23.4589],[120.934,23.4581],[120.9326,23.4579],[120.9312,23.4571],[120.9302,23.4572],[120.9283,23.4568],[120.9285,23.4555],[120.9268,23.456],[120.9264,23.4574],[120.9239,23.4584],[120.9225,23.4581],[120.9216,23.459],[120.9201,23.4589],[120.9159,23.4588],[120.9152,23.458],[120.9127,23.4585],[120.9111,23.4576],[120.9099,23.4578],[120.9083,23.4567],[120.9075,23.455],[120.9064,23.4546],[120.9057,23.4532],[120.9045,23.4529],[120.9024,23.4541],[120.9004,23.4537],[120.9006,23.4524],[120.8988,23.4511],[120.8968,23.4509],[120.8952,23.4459],[120.8929,23.4452],[120.8918,23.4466],[120.8914,23.4442],[120.8906,23.4434],[120.8907,23.4424],[120.8888,23.4391],[120.8884,23.4374],[120.8875,23.4367],[120.8871,23.4352],[120.8852,23.435],[120.8838,23.4363],[120.8828,23.4354],[120.882,23.4333],[120.8789,23.4321],[120.8753,23.4328],[120.8755,23.4316],[120.8738,23.4298],[120.8717,23.4296],[120.8705,23.4284],[120.8693,23.4263],[120.8681,23.4266],[120.8663,23.4261],[120.8643,23.4239],[120.8623,23.4246],[120.8598,23.4239],[120.8593,23.425],[120.8586,23.4249],[120.8573,23.4221],[120.8564,23.422],[120.8546,23.4231],[120.8536,23.423],[120.8531,23.4219],[120.8502,23.4206],[120.8492,23.4195],[120.8495,23.4177],[120.8493,23.4165],[120.8495,23.4129],[120.8491,23.4118],[120.8479,23.4112],[120.8477,23.4101],[120.8448,23.4082],[120.8439,23.4039],[120.8431,23.4033],[120.8426,23.402],[120.841,23.401],[120.8401,23.3994],[120.8384,23.3982],[120.8384,23.397],[120.8397,23.3961],[120.841,23.3962],[120.841,23.3949],[120.8389,23.3945],[120.8369,23.3934],[120.8357,23.39],[120.8341,23.3897],[120.8341,23.3887],[120.8349,23.3877],[120.8344,23.3866],[120.8329,23.3872],[120.831,23.3866],[120.8294,23.3832],[120.8298,23.3816],[120.8294,23.38],[120.8294,23.3774],[120.8285,23.375],[120.826,23.3737],[120.8253,23.3729],[120.8253,23.3716],[120.8234,23.372],[120.8212,23.3705],[120.8196,23.3712],[120.8159,23.3714],[120.8148,23.3702],[120.813,23.3693],[120.8119,23.3697],[120.8099,23.3695],[120.8085,23.3684],[120.807,23.3693],[120.8058,23.3709],[120.8046,23.3708],[120.8033,23.3695],[120.8047,23.3672],[120.8021,23.3651],[120.8008,23.3633],[120.8008,23.3609],[120.7991,23.3611],[120.7974,23.3597],[120.7972,23.3584],[120.7962,23.3569],[120.7953,23.3568],[120.7935,23.3575],[120.7922,23.3574],[120.7917,23.3566],[120.792,23.3539],[120.7908,23.3532],[120.7885,23.3528],[120.7883,23.352],[120.7887,23.3494],[120.7885,23.3483],[120.7876,23.3461],[120.7855,23.3456],[120.7848,23.3448],[120.7837,23.3426],[120.7832,23.3422],[120.7804,23.3423],[120.7786,23.3427],[120.7771,23.3435],[120.7749,23.3432],[120.7733,23.3418],[120.7711,23.3424],[120.7685,23.3439],[120.7669,23.3434],[120.7663,23.3425],[120.7649,23.3417],[120.7639,23.3418],[120.763,23.3428],[120.7607,23.3439],[120.7581,23.3443],[120.7575,23.343],[120.7585,23.3409],[120.7575,23.3396],[120.7572,23.3382],[120.7586,23.3373],[120.7584,23.3355],[120.7564,23.3328],[120.7547,23.3317],[120.7528,23.3314],[120.7522,23.3302],[120.7532,23.3282],[120.7526,23.3267],[120.7505,23.3255],[120.7501,23.3241],[120.7479,23.3219],[120.7464,23.3216],[120.7422,23.3215],[120.7404,23.3204],[120.7401,23.3178],[120.7387,23.3164],[120.7363,23.316],[120.7343,23.3152],[120.7323,23.3139],[120.7302,23.3108],[120.7302,23.3094],[120.7308,23.3078],[120.7306,23.3056],[120.726,23.3066],[120.722,23.3081],[120.7206,23.3084],[120.718,23.3081],[120.7163,23.3076],[120.7122,23.3087],[120.7112,23.3075],[120.7094,23.3061],[120.7068,23.3047],[120.7054,23.3028],[120.7044,23.302],[120.7028,23.2976],[120.7023,23.2941],[120.7029,23.2918],[120.7026,23.291],[120.7035,23.2895],[120.7026,23.2879],[120.7014,23.2869],[120.7012,23.2856],[120.6996,23.2844],[120.6966,23.2843],[120.6935,23.2845],[120.6918,23.2851],[120.6899,23.2853],[120.6872,23.2866],[120.6839,23.2871],[120.6819,23.2876],[120.6802,23.2886],[120.6784,23.2889],[120.6774,23.2879],[120.6762,23.2886],[120.676,23.2903],[120.6737,23.2911],[120.6714,23.29],[120.6703,23.2907],[120.6699,23.292],[120.6684,23.292],[120.6673,23.294],[120.6656,23.2941],[120.6654,23.2932],[120.6639,23.2938],[120.6627,23.2935],[120.6618,23.295],[120.6597,23.2948],[120.6588,23.2959],[120.6574,23.2953],[120.6553,23.2919],[120.6539,23.2913],[120.652,23.2912],[120.6532,23.2951],[120.6531,23.2966],[120.6542,23.2998],[120.6538,23.3024],[120.6543,23.3063],[120.6554,23.3092],[120.6562,23.3097],[120.6584,23.313],[120.6585,23.3141],[120.6582,23.316],[120.6582,23.3195],[120.6585,23.3237],[120.6575,23.326],[120.6561,23.3268],[120.6563,23.3282],[120.6555,23.3302],[120.6564,23.3352],[120.6576,23.3368],[120.6588,23.3394],[120.6608,23.34],[120.6629,23.3429],[120.6625,23.3453],[120.6616,23.3459],[120.6616,23.3481],[120.6609,23.35],[120.6592,23.3511],[120.6584,23.3523],[120.6583,23.3546],[120.6568,23.3571],[120.6548,23.3574],[120.6538,23.3582],[120.6521,23.3577],[120.6512,23.3586],[120.6493,23.3589],[120.6484,23.3614],[120.6463,23.3642],[120.646,23.3651],[120.6463,23.3671]]]}},{"type":"Feature","properties":{"name":"屏東縣屏東市","county":"屏東縣","town":"屏東市"},"geometry":{"type":"Polygon","coordinates":[[[120.5063,22.6249],[120.5052,22.621],[120.5041,22.6201],[120.5036,22.6192],[120.5013,22.6189],[120.4963,22.619],[120.493,22.6193],[120.4925,22.6232],[120.4906,22.6224],[120.4887,22.6224],[120.4853,22.6209],[120.4843,22.6202],[120.4823,22.6208],[120.4807,22.6207],[120.4811,22.6231],[120.4803,22.6268],[120.4803,22.6302],[120.4745,22.6296],[120.474,22.6287],[120.4726,22.6288],[120.4715,22.6263],[120.4691,22.627],[120.4687,22.6264],[120.468,22.6271],[120.465,22.6274],[120.4628,22.6282],[120.4599,22.6291],[120.4592,22.6299],[120.4581,22.6301],[120.4543,22.629],[120.4536,22.6293],[120.449,22.6287],[120.4461,22.6292],[120.4431,22.6287],[120.4426,22.628],[120.4412,22.6277],[120.4406,22.629],[120.4382,22.6286],[120.4377,22.6293],[120.4353,22.6288],[120.4359,22.6317],[120.4354,22.6338],[120.4353,22.6403],[120.4362,22.6481],[120.4361,22.6517],[120.4359,22.656],[120.4361,22.6613],[120.4366,22.665],[120.4379,22.6671],[120.44,22.673],[120.4402,22.6746],[120.4397,22.6786],[120.4426,22.6846],[120.4448,22.6864],[120.4475,22.6883],[120.4481,22.6894],[120.4497,22.6899],[120.4546,22.6894],[120.4567,22.6898],[120.4567,22.6902],[120.4601,22.6897],[120.4621,22.6889],[120.4641,22.6899],[120.4639,22.6916],[120.4648,22.6928],[120.4673,22.694],[120.4682,22.695],[120.468,22.6961],[120.4687,22.6972],[120.4693,22.699],[120.4709,22.7013],[120.4715,22.7029],[120.4725,22.7022],[120.4733,22.7032],[120.4747,22.7027],[120.4769,22.7033],[120.4783,22.7049],[120.4793,22.7069],[120.4835,22.7063],[120.484,22.7056],[120.4852,22.7061],[120.4859,22.7071],[120.4876,22.707],[120.4907,22.7081],[120.4922,22.7091],[120.4942,22.71],[120.496,22.7121],[120.4974,22.7126],[120.4989,22.7119],[120.5003,22.7138],[120.501,22.7134],[120.5019,22.7116],[120.5035,22.7123],[120.5045,22.7137],[120.5061,22.7134],[120.5074,22.7138],[120.5124,22.7132],[120.5134,22.7128],[120.5147,22.7109],[120.5178,22.7094],[120.5208,22.7075],[120.5215,22.7074],[120.5247,22.7057],[120.5257,22.7048],[120.5265,22.703],[120.5285,22.7004],[120.5284,22.6991],[120.5257,22.6983],[120.5253,22.6966],[120.5229,22.6933],[120.5209,22.6928],[120.5195,22.6921],[120.517,22.693],[120.5118,22.691],[120.5107,22.6884],[120.5113,22.6848],[120.511,22.6822],[120.5104,22.6809],[120.5109,22.68],[120.5103,22.6783],[120.5108,22.6754],[120.5114,22.6744],[120.511,22.6717],[120.51,22.6713],[120.5095,22.6701],[120.5081,22.6688],[120.5081,22.668],[120.5094,22.6677],[120.5091,22.6666],[120.5101,22.666],[120.5108,22.6645],[120.512,22.6642],[120.5117,22.6635],[120.5127,22.6628],[120.5144,22.663],[120.5153,22.6636],[120.5175,22.6637],[120.5204,22.6625],[120.5226,22.6596],[120.5212,22.659],[120.5198,22.6592],[120.517,22.6584],[120.5169,22.6555],[120.5159,22.6538],[120.5174,22.6487],[120.5166,22.6481],[120.5146,22.6478],[120.5121,22.6454],[120.512,22.6443],[120.511,22.6422],[120.5113,22.6407],[120.5105,22.6396],[120.5086,22.6403],[120.5088,22.6384],[120.5096,22.6375],[120.5094,22.6354],[120.5075,22.633],[120.5066,22.6324],[120.5067,22.6315],[120.5085,22.631],[120.509,22.6298],[120.5068,22.6272],[120.5063,22.6249]]]}},{"type":"Feature","properties":{"name":"屏東縣潮州鎮","county":"屏東縣","town":"潮州鎮"},"geometry":{"type":"Polygon","coordinates":[[[120.5086,22.5467],[120.5084,22.5477],[120.5098,22.5491],[120.5102,22.5501],[120.5095,22.5515],[120.5091,22.554],[120.5098,22.5557],[120.5114,22.5573],[120.5124,22.5578],[120.5145,22.5578],[120.5159,22.5572],[120.5159,22.554],[120.5171,22.5524],[120.5188,22.5524],[120.5197,22.553],[120.5201,22.5544],[120.5187,22.5574],[120.5214,22.5596],[120.5258,22.5616],[120.5285,22.5638],[120.5296,22.5657],[120.5334,22.5639],[120.5354,22.5641],[120.5381,22.5634],[120.5397,22.5644],[120.5402,22.5636],[120.5415,22.5642],[120.5445,22.5649],[120.5469,22.5641],[120.5475,22.5651],[120.5496,22.566],[120.5505,22.5649],[120.5523,22.5648],[120.5549,22.5641],[120.5554,22.5633],[120.555,22.5614],[120.5571,22.5595],[120.558,22.5597],[120.5617,22.5584],[120.5633,22.5573],[120.5646,22.5549],[120.5661,22.5549],[120.5669,22.5543],[120.5691,22.5538],[120.572,22.5537],[120.5726,22.5564],[120.5723,22.5586],[120.5735,22.558],[120.5768,22.5582],[120.5765,22.5593],[120.5813,22.56],[120.583,22.5598],[120.5847,22.5606],[120.5855,22.5604],[120.5869,22.5587],[120.5871,22.5562],[120.5886,22.5536],[120.5882,22.5519],[120.5872,22.5503],[120.5894,22.5499],[120.59,22.5506],[120.5935,22.549],[120.592,22.5459],[120.6054,22.5403],[120.6033,22.5358],[120.6036,22.5356],[120.6027,22.5334],[120.5995,22.5255],[120.6056,22.5249],[120.6038,22.5211],[120.6021,22.5211],[120.5952,22.5193],[120.5892,22.5174],[120.5883,22.5189],[120.5816,22.5168],[120.5822,22.5154],[120.5698,22.5122],[120.5695,22.5119],[120.5584,22.5097],[120.5563,22.509],[120.5476,22.5093],[120.5463,22.5107],[120.5429,22.511],[120.5419,22.5105],[120.5402,22.5106],[120.539,22.5096],[120.5334,22.5079],[120.5325,22.5072],[120.5299,22.5034],[120.5301,22.5064],[120.5294,22.5091],[120.5293,22.5113],[120.5263,22.5109],[120.5261,22.5129],[120.5255,22.5144],[120.5241,22.5144],[120.5234,22.5185],[120.5251,22.5187],[120.5248,22.5217],[120.526,22.5218],[120.5258,22.5237],[120.5253,22.5258],[120.5238,22.526],[120.5233,22.5274],[120.5237,22.5288],[120.5237,22.5309],[120.5231,22.5344],[120.522,22.5358],[120.5193,22.5383],[120.5201,22.5413],[120.5227,22.5419],[120.5237,22.5437],[120.5232,22.5469],[120.5202,22.5475],[120.5193,22.5464],[120.5169,22.5457],[120.5114,22.5462],[120.5086,22.5467]]]}},{"type":"Feature","properties":{"name":"屏東縣長治鄉","county":"屏東縣","town":"長治鄉"},"geometry":{"type":"Polygon","coordinates":[[[120.5226,22.6596],[120.5204,22.6625],[120.5175,22.6637],[120.5153,22.6636],[120.5144,22.663],[120.5127,22.6628],[120.5117,22.6635],[120.512,22.6642],[120.5108,22.6645],[120.5101,22.666],[120.5091,22.6666],[120.5094,22.6677],[120.5081,22.668],[120.5081,22.6688],[120.5095,22.6701],[120.51,22.6713],[120.511,22.6717],[120.5114,22.6744],[120.5108,22.6754],[120.5103,22.6783],[120.5109,22.68],[120.5104,22.6809],[120.511,22.6822],[120.5113,22.6848],[120.5107,22.6884],[120.5118,22.691],[120.517,22.693],[120.5195,22.6921],[120.5209,22.6928],[120.5229,22.6933],[120.5253,22.6966],[120.5257,22.6983],[120.5284,22.6991],[120.5285,22.7004],[120.5265,22.703],[120.5257,22.7048],[120.5247,22.7057],[120.5215,22.7074],[120.5227,22.7107],[120.5237,22.7166],[120.5238,22.7184],[120.5253,22.7183],[120.5268,22.7187],[120.5339,22.7199],[120.5405,22.7211],[120.5404,22.7226],[120.5479,22.7214],[120.549,22.7219],[120.5499,22.7208],[120.5544,22.7202],[120.5548,22.7188],[120.5578,22.7184],[120.5581,22.7218],[120.5644,22.7206],[120.5694,22.7194],[120.5709,22.7203],[120.5749,22.7214],[120.5758,22.722],[120.5775,22.7217],[120.5786,22.7208],[120.583,22.7206],[120.5856,22.72],[120.5872,22.7205],[120.5864,22.7167],[120.6047,22.7146],[120.6087,22.7174],[120.6107,22.7186],[120.6116,22.7181],[120.6118,22.7165],[120.609,22.7161],[120.6082,22.7149],[120.6097,22.7132],[120.6104,22.7131],[120.6103,22.7121],[120.609,22.7108],[120.6106,22.7102],[120.6125,22.711],[120.6158,22.7065],[120.6059,22.7012],[120.6021,22.6983],[120.5959,22.693],[120.5936,22.6914],[120.5924,22.6901],[120.5894,22.6874],[120.5871,22.6859],[120.5852,22.6855],[120.5836,22.6849],[120.5807,22.6822],[120.5801,22.6806],[120.5788,22.6785],[120.573,22.6737],[120.5612,22.6637],[120.5589,22.666],[120.5563,22.6639],[120.5561,22.6664],[120.5549,22.6662],[120.5532,22.6671],[120.5513,22.6665],[120.5502,22.6676],[120.5489,22.6665],[120.5472,22.6682],[120.5461,22.6669],[120.5456,22.6682],[120.5466,22.6688],[120.5451,22.6705],[120.5434,22.6693],[120.5416,22.6709],[120.5398,22.6703],[120.537,22.6689],[120.5336,22.6693],[120.5327,22.6687],[120.5327,22.6678],[120.5316,22.6667],[120.5303,22.6676],[120.5285,22.6671],[120.5272,22.6676],[120.5258,22.6666],[120.5252,22.6651],[120.5243,22.6649],[120.5237,22.6627],[120.5249,22.6609],[120.5241,22.6607],[120.5237,22.6594],[120.5226,22.6596]]]}},{"type":"Feature","properties":{"name":"屏東縣麟洛鄉","county":"屏東縣","town":"麟洛鄉"},"geometry":{"type":"Polygon","coordinates":[[[120.5365,22.64],[120.5348,22.6418],[120.5338,22.641],[120.5333,22.6395],[120.5311,22.6373],[120.5302,22.6372],[120.5302,22.6359],[120.5295,22.6347],[120.5282,22.634],[120.5284,22.6324],[120.5275,22.6312],[120.5267,22.6292],[120.5258,22.628],[120.5244,22.6273],[120.5198,22.6262],[120.5179,22.625],[120.5173,22.6239],[120.5157,22.623],[120.5138,22.6227],[120.5079,22.6207],[120.5083,22.623],[120.5076,22.6241],[120.5063,22.6249],[120.5068,22.6272],[120.509,22.6298],[120.5085,22.631],[120.5067,22.6315],[120.5066,22.6324],[120.5075,22.633],[120.5094,22.6354],[120.5096,22.6375],[120.5088,22.6384],[120.5086,22.6403],[120.5105,22.6396],[120.5113,22.6407],[120.511,22.6422],[120.512,22.6443],[120.5121,22.6454],[120.5146,22.6478],[120.5166,22.6481],[120.5174,22.6487],[120.5159,22.6538],[120.5169,22.6555],[120.517,22.6584],[120.5198,22.6592],[120.5212,22.659],[120.5226,22.6596],[120.5237,22.6594],[120.5241,22.6607],[120.5249,22.6609],[120.5237,22.6627],[120.5243,22.6649],[120.5252,22.6651],[120.5258,22.6666],[120.5272,22.6676],[120.5285,22.6671],[120.5303,22.6676],[120.5316,22.6667],[120.5327,22.6678],[120.5327,22.6687],[120.5336,22.6693],[120.537,22.6689],[120.5398,22.6703],[120.5416,22.6709],[120.5434,22.6693],[120.5451,22.6705],[120.5466,22.6688],[120.5456,22.6682],[120.5461,22.6669],[120.5472,22.6682],[120.5489,22.6665],[120.5502,22.6676],[120.5513,22.6665],[120.5532,22.6671],[120.5549,22.6662],[120.5561,22.6664],[120.5563,22.6639],[120.5589,22.666],[120.5612,22.6637],[120.5574,22.6604],[120.5575,22.6601],[120.5513,22.6548],[120.5461,22.6507],[120.5443,22.6467],[120.5365,22.64]]]}},{"type":"Feature","properties":{"name":"屏東縣九如鄉","county":"屏東縣","town":"九如鄉"},"geometry":{"type":"Polygon","coordinates":[[[120.5215,22.7074],[120.5208,22.7075],[120.5178,22.7094],[120.5147,22.7109],[120.5134,22.7128],[120.5124,22.7132],[120.5074,22.7138],[120.5061,22.7134],[120.5045,22.7137],[120.5035,22.7123],[120.5019,22.7116],[120.501,22.7134],[120.5003,22.7138],[120.4989,22.7119],[120.4974,22.7126],[120.496,22.7121],[120.4942,22.71],[120.4922,22.7091],[120.4907,22.7081],[120.4876,22.707],[120.4859,22.7071],[120.4852,22.7061],[120.484,22.7056],[120.4835,22.7063],[120.4793,22.7069],[120.4783,22.7049],[120.4769,22.7033],[120.4747,22.7027],[120.4733,22.7032],[120.4725,22.7022],[120.4715,22.7029],[120.4709,22.7013],[120.4693,22.699],[120.4687,22.6972],[120.468,22.6961],[120.4682,22.695],[120.4673,22.694],[120.4648,22.6928],[120.4639,22.6916],[120.4641,22.6899],[120.4621,22.6889],[120.4601,22.6897],[120.4567,22.6902],[120.4567,22.6898],[120.4546,22.6894],[120.4497,22.6899],[120.4481,22.6894],[120.4489,22.6912],[120.4511,22.698],[120.4513,22.7001],[120.4528,22.7042],[120.453,22.7066],[120.4549,22.714],[120.4557,22.7185],[120.456,22.723],[120.456,22.7306],[120.4557,22.7341],[120.4549,22.7396],[120.4546,22.7477],[120.4543,22.7488],[120.4542,22.7536],[120.4537,22.7566],[120.454,22.7579],[120.4538,22.7615],[120.4544,22.7642],[120.4538,22.7675],[120.4538,22.7696],[120.4543,22.7718],[120.4587,22.7714],[120.4626,22.7702],[120.4643,22.7683],[120.4642,22.7629],[120.4648,22.7623],[120.4666,22.7585],[120.467,22.757],[120.4688,22.7557],[120.4698,22.7561],[120.4713,22.7557],[120.4737,22.7577],[120.474,22.7574],[120.4753,22.7584],[120.4795,22.7586],[120.4796,22.7594],[120.4832,22.7588],[120.4871,22.7585],[120.4875,22.7622],[120.4925,22.7617],[120.4926,22.7612],[120.4933,22.7658],[120.4937,22.7671],[120.4977,22.7667],[120.4982,22.7649],[120.5057,22.7655],[120.5063,22.7662],[120.5087,22.7668],[120.5088,22.7655],[120.5118,22.7652],[120.5123,22.7676],[120.5147,22.7677],[120.5145,22.7666],[120.5136,22.765],[120.5131,22.7621],[120.514,22.7605],[120.5128,22.7591],[120.5123,22.7567],[120.5119,22.7522],[120.5111,22.7511],[120.5105,22.7495],[120.5121,22.7459],[120.5117,22.7442],[120.5124,22.7419],[120.5119,22.7395],[120.5116,22.7369],[120.51,22.7329],[120.5085,22.7334],[120.5058,22.7311],[120.5049,22.7298],[120.5057,22.73],[120.5057,22.7291],[120.5068,22.7282],[120.509,22.728],[120.5098,22.7284],[120.5136,22.7278],[120.5155,22.7287],[120.5171,22.7319],[120.5177,22.7325],[120.5216,22.7336],[120.5225,22.7337],[120.5227,22.7319],[120.527,22.7296],[120.5273,22.7289],[120.5288,22.7286],[120.5324,22.7265],[120.5331,22.7257],[120.5366,22.7249],[120.5388,22.7252],[120.5394,22.7232],[120.5404,22.7226],[120.5405,22.7211],[120.5339,22.7199],[120.5268,22.7187],[120.5253,22.7183],[120.5238,22.7184],[120.5237,22.7166],[120.5227,22.7107],[120.5215,22.7074]]]}},{"type":"Feature","properties":{"name":"屏東縣里港鄉","county":"屏東縣","town":"里港鄉"},"geometry":{"type":"Polygon","coordinates":[[[120.514,22.7605],[120.5131,22.7621],[120.5136,22.765],[120.5145,22.7666],[120.5147,22.7677],[120.5123,22.7676],[120.5118,22.7652],[120.5088,22.7655],[120.5087,22.7668],[120.5063,22.7662],[120.5057,22.7655],[120.4982,22.7649],[120.4977,22.7667],[120.4937,22.7671],[120.4933,22.7658],[120.4926,22.7612],[120.4925,22.7617],[120.4875,22.7622],[120.4871,22.7585],[120.4832,22.7588],[120.4796,22.7594],[120.4795,22.7586],[120.4753,22.7584],[120.474,22.7574],[120.4737,22.7577],[120.4713,22.7557],[120.4698,22.7561],[120.4688,22.7557],[120.467,22.757],[120.4666,22.7585],[120.4648,22.7623],[120.4642,22.7629],[120.4643,22.7683],[120.4626,22.7702],[120.4587,22.7714],[120.4543,22.7718],[120.4554,22.7737],[120.4557,22.7751],[120.456,22.7802],[120.4575,22.7855],[120.46,22.7905],[120.4614,22.7945],[120.4626,22.7966],[120.464,22.8003],[120.4644,22.8042],[120.4651,22.8075],[120.4655,22.8128],[120.4674,22.8155],[120.4673,22.8184],[120.4675,22.8224],[120.4692,22.825],[120.4688,22.8307],[120.47,22.8315],[120.4722,22.834],[120.4742,22.8369],[120.4763,22.8382],[120.4773,22.838],[120.4791,22.8368],[120.4804,22.8377],[120.4817,22.8373],[120.4823,22.836],[120.4854,22.8355],[120.4883,22.8358],[120.4908,22.8353],[120.4928,22.8357],[120.4914,22.8369],[120.4927,22.8373],[120.494,22.8368],[120.4964,22.8325],[120.4977,22.8317],[120.5,22.8313],[120.5034,22.8317],[120.5053,22.8315],[120.5055,22.8311],[120.5089,22.8296],[120.51,22.8285],[120.5136,22.8308],[120.5157,22.8316],[120.5199,22.8314],[120.5201,22.8324],[120.5235,22.8329],[120.5243,22.832],[120.5275,22.8322],[120.5306,22.833],[120.5298,22.8317],[120.531,22.8308],[120.534,22.8306],[120.535,22.8297],[120.5365,22.8293],[120.5414,22.8296],[120.5422,22.8294],[120.5441,22.8298],[120.548,22.8284],[120.5523,22.8283],[120.5542,22.8288],[120.5576,22.8321],[120.5615,22.8338],[120.5636,22.8353],[120.5667,22.8383],[120.5657,22.8336],[120.5647,22.8309],[120.5611,22.8267],[120.5611,22.8257],[120.5628,22.8248],[120.563,22.824],[120.5622,22.8207],[120.5593,22.8183],[120.5576,22.8164],[120.5568,22.8137],[120.5551,22.8108],[120.5554,22.8069],[120.5492,22.8015],[120.5449,22.798],[120.5515,22.7915],[120.55,22.7887],[120.5511,22.787],[120.5522,22.7865],[120.553,22.7854],[120.5525,22.7819],[120.5511,22.7804],[120.5508,22.7789],[120.5481,22.7771],[120.5454,22.7707],[120.5438,22.7673],[120.5405,22.7688],[120.5399,22.7676],[120.5383,22.7682],[120.531,22.7694],[120.5308,22.7688],[120.524,22.7699],[120.5221,22.7697],[120.5192,22.7686],[120.5174,22.7668],[120.5153,22.7624],[120.514,22.7605]]]}},{"type":"Feature","properties":{"name":"屏東縣鹽埔鄉","county":"屏東縣","town":"鹽埔鄉"},"geometry":{"type":"Polygon","coordinates":[[[120.6158,22.7065],[120.6125,22.711],[120.6106,22.7102],[120.609,22.7108],[120.6103,22.7121],[120.6104,22.7131],[120.6097,22.7132],[120.6082,22.7149],[120.609,22.7161],[120.6118,22.7165],[120.6116,22.7181],[120.6107,22.7186],[120.6087,22.7174],[120.6047,22.7146],[120.5864,22.7167],[120.5872,22.7205],[120.5856,22.72],[120.583,22.7206],[120.5786,22.7208],[120.5775,22.7217],[120.5758,22.722],[120.5749,22.7214],[120.5709,22.7203],[120.5694,22.7194],[120.5644,22.7206],[120.5581,22.7218],[120.5578,22.7184],[120.5548,22.7188],[120.5544,22.7202],[120.5499,22.7208],[120.549,22.7219],[120.5479,22.7214],[120.5404,22.7226],[120.5394,22.7232],[120.5388,22.7252],[120.5366,22.7249],[120.5331,22.7257],[120.5324,22.7265],[120.5288,22.7286],[120.5273,22.7289],[120.527,22.7296],[120.5227,22.7319],[120.5225,22.7337],[120.5216,22.7336],[120.5177,22.7325],[120.5171,22.7319],[120.5155,22.7287],[120.5136,22.7278],[120.5098,22.7284],[120.509,22.728],[120.5068,22.7282],[120.5057,22.7291],[120.5057,22.73],[120.5049,22.7298],[120.5058,22.7311],[120.5085,22.7334],[120.51,22.7329],[120.5116,22.7369],[120.5119,22.7395],[120.5124,22.7419],[120.5117,22.7442],[120.5121,22.7459],[120.5105,22.7495],[120.5111,22.7511],[120.5119,22.7522],[120.5123,22.7567],[120.5128,22.7591],[120.514,22.7605],[120.5153,22.7624],[120.5174,22.7668],[120.5192,22.7686],[120.5221,22.7697],[120.524,22.7699],[120.5308,22.7688],[120.531,22.7694],[120.5383,22.7682],[120.5399,22.7676],[120.5405,22.7688],[120.5438,22.7673],[120.5454,22.7707],[120.5471,22.7699],[120.5488,22.7696],[120.5513,22.77],[120.5538,22.7699],[120.5537,22.7712],[120.5564,22.7713],[120.5596,22.7723],[120.5608,22.773],[120.5683,22.7722],[120.5721,22.7723],[120.5747,22.7715],[120.5773,22.773],[120.5789,22.7729],[120.5799,22.7717],[120.583,22.771],[120.5843,22.7689],[120.5875,22.7682],[120.5915,22.7664],[120.5955,22.7642],[120.601,22.7668],[120.6028,22.7621],[120.6045,22.7585],[120.6081,22.7564],[120.6126,22.7549],[120.6137,22.7537],[120.615,22.7515],[120.6161,22.7482],[120.6166,22.7416],[120.6164,22.7397],[120.6169,22.7384],[120.6188,22.7365],[120.6224,22.7347],[120.6242,22.7336],[120.6279,22.7289],[120.6308,22.7232],[120.6346,22.7198],[120.6345,22.7188],[120.633,22.7159],[120.6291,22.7137],[120.6158,22.7065]]]}},{"type":"Feature","properties":{"name":"屏東縣高樹鄉","county":"屏東縣","town":"高樹鄉"},"geometry":{"type":"Polygon","coordinates":[[[120.5454,22.7707],[120.5481,22.7771],[120.5508,22.7789],[120.5511,22.7804],[120.5525,22.7819],[120.553,22.7854],[120.5522,22.7865],[120.5511,22.787],[120.55,22.7887],[120.5515,22.7915],[120.5449,22.798],[120.5492,22.8015],[120.5554,22.8069],[120.5551,22.8108],[120.5568,22.8137],[120.5576,22.8164],[120.5593,22.8183],[120.5622,22.8207],[120.563,22.824],[120.5628,22.8248],[120.5611,22.8257],[120.5611,22.8267],[120.5647,22.8309],[120.5657,22.8336],[120.5667,22.8383],[120.5696,22.8431],[120.5707,22.8444],[120.5748,22.8482],[120.5856,22.8565],[120.5952,22.8636],[120.5981,22.8669],[120.6023,22.8707],[120.6058,22.8732],[120.613,22.8761],[120.6151,22.8767],[120.6167,22.8768],[120.6206,22.8756],[120.6225,22.8763],[120.626,22.8783],[120.6304,22.8799],[120.6344,22.8807],[120.637,22.8823],[120.6404,22.8831],[120.645,22.8852],[120.6465,22.8838],[120.6476,22.8807],[120.6477,22.8796],[120.6456,22.8799],[120.6445,22.878],[120.6444,22.8771],[120.645,22.8732],[120.6478,22.8732],[120.6453,22.8689],[120.645,22.8679],[120.6431,22.8643],[120.6429,22.8624],[120.6415,22.8609],[120.6401,22.8575],[120.64,22.8563],[120.6406,22.8547],[120.64,22.8539],[120.64,22.852],[120.6391,22.8524],[120.636,22.8502],[120.6351,22.849],[120.633,22.8485],[120.6306,22.8474],[120.6279,22.8466],[120.6287,22.8452],[120.6302,22.8435],[120.6323,22.843],[120.6323,22.8419],[120.6312,22.8411],[120.6307,22.8381],[120.6292,22.8362],[120.63,22.8325],[120.6301,22.8303],[120.632,22.8294],[120.6304,22.8284],[120.6291,22.8243],[120.6281,22.8236],[120.628,22.8211],[120.6276,22.8194],[120.6287,22.8195],[120.6302,22.8186],[120.6307,22.8176],[120.6343,22.8163],[120.6355,22.8153],[120.6347,22.8142],[120.6325,22.8128],[120.6302,22.8122],[120.6291,22.8116],[120.6301,22.804],[120.6303,22.801],[120.6299,22.7942],[120.6302,22.7928],[120.6292,22.7921],[120.6301,22.7913],[120.63,22.7891],[120.6294,22.7855],[120.6309,22.7821],[120.6297,22.7816],[120.6304,22.7805],[120.6288,22.7766],[120.6295,22.7759],[120.6307,22.7756],[120.6319,22.7762],[120.6357,22.7742],[120.6379,22.7718],[120.6376,22.7708],[120.6383,22.7705],[120.6408,22.7714],[120.6441,22.7707],[120.6452,22.7696],[120.6459,22.768],[120.6453,22.7675],[120.6432,22.7683],[120.6416,22.7673],[120.6415,22.7661],[120.6404,22.7658],[120.6388,22.7642],[120.635,22.7613],[120.6345,22.7598],[120.6333,22.7575],[120.6332,22.7551],[120.6323,22.7539],[120.6313,22.7509],[120.6322,22.7492],[120.632,22.7471],[120.6343,22.7446],[120.634,22.7438],[120.6344,22.7413],[120.6362,22.7382],[120.637,22.7382],[120.6381,22.7361],[120.6393,22.7357],[120.6388,22.7327],[120.6394,22.7323],[120.6389,22.7305],[120.6386,22.7271],[120.6387,22.7262],[120.6377,22.724],[120.6367,22.7234],[120.6366,22.7217],[120.6354,22.72],[120.6346,22.7198],[120.6308,22.7232],[120.6279,22.7289],[120.6242,22.7336],[120.6224,22.7347],[120.6188,22.7365],[120.6169,22.7384],[120.6164,22.7397],[120.6166,22.7416],[120.6161,22.7482],[120.615,22.7515],[120.6137,22.7537],[120.6126,22.7549],[120.6081,22.7564],[120.6045,22.7585],[120.6028,22.7621],[120.601,22.7668],[120.5955,22.7642],[120.5915,22.7664],[120.5875,22.7682],[120.5843,22.7689],[120.583,22.771],[120.5799,22.7717],[120.5789,22.7729],[120.5773,22.773],[120.5747,22.7715],[120.5721,22.7723],[120.5683,22.7722],[120.5608,22.773],[120.5596,22.7723],[120.5564,22.7713],[120.5537,22.7712],[120.5538,22.7699],[120.5513,22.77],[120.5488,22.7696],[120.5471,22.7699],[120.5454,22.7707]]]}},{"type":"Feature","properties":{"name":"屏東縣萬巒鄉","county":"屏東縣","town":"萬巒鄉"},"geometry":{"type":"Polygon","coordinates":[[[120.5397,22.5644],[120.5407,22.5656],[120.5428,22.5672],[120.5451,22.5694],[120.5469,22.5706],[120.5518,22.5724],[120.5541,22.5737],[120.5555,22.5769],[120.5568,22.5809],[120.5579,22.58],[120.5603,22.5791],[120.5654,22.5796],[120.5665,22.5805],[120.5671,22.5818],[120.565,22.5844],[120.5636,22.587],[120.5644,22.5882],[120.5698,22.5877],[120.5719,22.5882],[120.573,22.5909],[120.573,22.5935],[120.5746,22.5966],[120.5765,22.5948],[120.5785,22.5957],[120.5784,22.5971],[120.5765,22.5983],[120.5777,22.5996],[120.5771,22.6011],[120.5762,22.6013],[120.5782,22.604],[120.5785,22.6054],[120.5796,22.6062],[120.5811,22.608],[120.583,22.6083],[120.5835,22.6089],[120.5847,22.6087],[120.5846,22.6111],[120.5855,22.612],[120.5872,22.6119],[120.5881,22.6143],[120.5875,22.6153],[120.5864,22.6155],[120.5889,22.6169],[120.5915,22.6194],[120.5933,22.62],[120.5942,22.621],[120.5954,22.6248],[120.5969,22.6264],[120.5987,22.6265],[120.5991,22.6258],[120.6012,22.6279],[120.6029,22.6284],[120.6034,22.6295],[120.6056,22.6301],[120.6082,22.6323],[120.6099,22.6344],[120.6112,22.6352],[120.6152,22.6357],[120.6176,22.6374],[120.6184,22.6392],[120.6193,22.6401],[120.619,22.6414],[120.621,22.6432],[120.6208,22.645],[120.6224,22.6496],[120.6224,22.6506],[120.6249,22.6517],[120.6272,22.6513],[120.6285,22.6515],[120.6298,22.6523],[120.6289,22.6507],[120.6296,22.6496],[120.629,22.6483],[120.6292,22.647],[120.6284,22.6471],[120.6278,22.645],[120.6293,22.6445],[120.6279,22.6429],[120.6282,22.6422],[120.6267,22.642],[120.6259,22.6395],[120.6263,22.6374],[120.6257,22.6362],[120.6262,22.6292],[120.6288,22.6266],[120.6316,22.6247],[120.633,22.6244],[120.6337,22.626],[120.6368,22.6262],[120.6394,22.626],[120.6365,22.6232],[120.6355,22.6205],[120.634,22.6196],[120.6308,22.616],[120.632,22.6138],[120.6319,22.6118],[120.6313,22.6116],[120.6303,22.6129],[120.629,22.6115],[120.6284,22.6086],[120.63,22.6081],[120.6316,22.6086],[120.6323,22.6082],[120.6321,22.6054],[120.6318,22.6047],[120.632,22.603],[120.6316,22.6006],[120.6307,22.5994],[120.6288,22.5982],[120.6292,22.5975],[120.6279,22.5975],[120.6272,22.5983],[120.626,22.5983],[120.625,22.5965],[120.6239,22.5961],[120.6249,22.5916],[120.6238,22.5897],[120.6238,22.5871],[120.6242,22.5855],[120.6257,22.5851],[120.6247,22.5875],[120.625,22.5886],[120.626,22.5884],[120.6256,22.5894],[120.626,22.5916],[120.6271,22.5914],[120.6274,22.5926],[120.6266,22.5938],[120.6271,22.5941],[120.6288,22.5937],[120.6281,22.593],[120.6285,22.5909],[120.6293,22.5912],[120.6316,22.5904],[120.6309,22.5889],[120.6298,22.5885],[120.6297,22.5877],[120.6311,22.5886],[120.632,22.5864],[120.6321,22.5821],[120.6313,22.5812],[120.6309,22.5791],[120.6318,22.5779],[120.6307,22.5771],[120.6316,22.5768],[120.6349,22.5764],[120.6366,22.576],[120.6366,22.5754],[120.6353,22.5749],[120.633,22.5755],[120.6318,22.575],[120.6326,22.5725],[120.6321,22.5711],[120.6314,22.5727],[120.6307,22.5729],[120.63,22.5716],[120.6296,22.572],[120.6297,22.5738],[120.628,22.5738],[120.6281,22.575],[120.6274,22.5758],[120.6261,22.5745],[120.6249,22.5753],[120.6247,22.5729],[120.6254,22.5736],[120.6266,22.5726],[120.6259,22.5721],[120.6267,22.5712],[120.6265,22.5693],[120.6255,22.5684],[120.6267,22.5682],[120.6264,22.5673],[120.6269,22.5665],[120.6282,22.5666],[120.6271,22.5647],[120.628,22.5648],[120.628,22.5635],[120.6274,22.5627],[120.6278,22.56],[120.6289,22.561],[120.6306,22.5612],[120.6313,22.5602],[120.6299,22.5594],[120.6314,22.5591],[120.6298,22.5587],[120.6314,22.5573],[120.6312,22.5567],[120.6294,22.5575],[120.6286,22.5559],[120.6305,22.5559],[120.6308,22.5548],[120.6299,22.5537],[120.6286,22.5539],[120.6273,22.5549],[120.6263,22.5565],[120.6255,22.5553],[120.6262,22.5546],[120.6249,22.5544],[120.6248,22.5529],[120.6256,22.5508],[120.6248,22.5494],[120.6249,22.5475],[120.6245,22.5452],[120.6254,22.545],[120.6268,22.5428],[120.6244,22.5402],[120.6247,22.5386],[120.6236,22.5374],[120.6224,22.537],[120.6236,22.5363],[120.623,22.5345],[120.6243,22.5325],[120.6237,22.5321],[120.6243,22.5294],[120.626,22.5299],[120.6256,22.5278],[120.6268,22.5275],[120.6261,22.5266],[120.6266,22.5261],[120.6281,22.5266],[120.6303,22.5264],[120.6333,22.5258],[120.6336,22.5247],[120.6315,22.5245],[120.6277,22.5257],[120.6269,22.5255],[120.6248,22.5265],[120.6213,22.5233],[120.6056,22.5249],[120.5995,22.5255],[120.6027,22.5334],[120.6036,22.5356],[120.6033,22.5358],[120.6054,22.5403],[120.592,22.5459],[120.5935,22.549],[120.59,22.5506],[120.5894,22.5499],[120.5872,22.5503],[120.5882,22.5519],[120.5886,22.5536],[120.5871,22.5562],[120.5869,22.5587],[120.5855,22.5604],[120.5847,22.5606],[120.583,22.5598],[120.5813,22.56],[120.5765,22.5593],[120.5768,22.5582],[120.5735,22.558],[120.5723,22.5586],[120.5726,22.5564],[120.572,22.5537],[120.5691,22.5538],[120.5669,22.5543],[120.5661,22.5549],[120.5646,22.5549],[120.5633,22.5573],[120.5617,22.5584],[120.558,22.5597],[120.5571,22.5595],[120.555,22.5614],[120.5554,22.5633],[120.5549,22.5641],[120.5523,22.5648],[120.5505,22.5649],[120.5496,22.566],[120.5475,22.5651],[120.5469,22.5641],[120.5445,22.5649],[120.5415,22.5642],[120.5402,22.5636],[120.5397,22.5644]]]}},{"type":"Feature","properties":{"name":"屏東縣內埔鄉","county":"屏東縣","town":"內埔鄉"},"geometry":{"type":"Polygon","coordinates":[[[120.5568,22.5809],[120.5566,22.5823],[120.5559,22.5836],[120.5563,22.5855],[120.557,22.5862],[120.5576,22.5883],[120.5565,22.5909],[120.5538,22.594],[120.5535,22.5946],[120.554,22.5973],[120.5546,22.598],[120.5538,22.599],[120.5532,22.6008],[120.5533,22.6031],[120.5528,22.6039],[120.5536,22.6057],[120.5526,22.6065],[120.5479,22.6052],[120.5465,22.6056],[120.5464,22.6048],[120.5365,22.6022],[120.5356,22.6043],[120.5358,22.6063],[120.5361,22.6126],[120.5371,22.6132],[120.5365,22.6156],[120.5378,22.618],[120.5366,22.6182],[120.5369,22.6202],[120.5364,22.6218],[120.537,22.6242],[120.5383,22.628],[120.538,22.6314],[120.5381,22.6355],[120.5392,22.6371],[120.5365,22.64],[120.5443,22.6467],[120.5461,22.6507],[120.5513,22.6548],[120.5575,22.6601],[120.5574,22.6604],[120.5612,22.6637],[120.573,22.6737],[120.5788,22.6785],[120.5801,22.6806],[120.5807,22.6822],[120.5836,22.6849],[120.5852,22.6855],[120.5871,22.6859],[120.5894,22.6874],[120.5924,22.6901],[120.5936,22.6914],[120.5959,22.693],[120.6021,22.6983],[120.6059,22.7012],[120.6158,22.7065],[120.6291,22.7137],[120.6341,22.7111],[120.6386,22.711],[120.6408,22.712],[120.6436,22.712],[120.6461,22.7117],[120.6495,22.7107],[120.6506,22.7082],[120.6503,22.707],[120.6512,22.7028],[120.6496,22.7004],[120.6486,22.6996],[120.6477,22.6975],[120.6452,22.6961],[120.6426,22.6954],[120.6427,22.6949],[120.6399,22.6919],[120.6393,22.6919],[120.6373,22.6904],[120.6346,22.6906],[120.6345,22.6896],[120.6353,22.6899],[120.6368,22.6896],[120.6383,22.6879],[120.6381,22.6864],[120.6372,22.6854],[120.6349,22.684],[120.6345,22.6823],[120.6352,22.6823],[120.6361,22.6808],[120.6349,22.6791],[120.6359,22.6767],[120.635,22.6749],[120.6335,22.6732],[120.6328,22.6713],[120.6325,22.6693],[120.6328,22.6683],[120.6337,22.6681],[120.6335,22.6674],[120.6323,22.6674],[120.6317,22.6666],[120.6328,22.6649],[120.6329,22.6636],[120.6319,22.663],[120.6327,22.6623],[120.6307,22.6609],[120.6307,22.6587],[120.6298,22.6583],[120.631,22.6572],[120.6313,22.6559],[120.6308,22.6546],[120.6326,22.6539],[120.633,22.6533],[120.6309,22.6529],[120.6298,22.6523],[120.6285,22.6515],[120.6272,22.6513],[120.6249,22.6517],[120.6224,22.6506],[120.6224,22.6496],[120.6208,22.645],[120.621,22.6432],[120.619,22.6414],[120.6193,22.6401],[120.6184,22.6392],[120.6176,22.6374],[120.6152,22.6357],[120.6112,22.6352],[120.6099,22.6344],[120.6082,22.6323],[120.6056,22.6301],[120.6034,22.6295],[120.6029,22.6284],[120.6012,22.6279],[120.5991,22.6258],[120.5987,22.6265],[120.5969,22.6264],[120.5954,22.6248],[120.5942,22.621],[120.5933,22.62],[120.5915,22.6194],[120.5889,22.6169],[120.5864,22.6155],[120.5875,22.6153],[120.5881,22.6143],[120.5872,22.6119],[120.5855,22.612],[120.5846,22.6111],[120.5847,22.6087],[120.5835,22.6089],[120.583,22.6083],[120.5811,22.608],[120.5796,22.6062],[120.5785,22.6054],[120.5782,22.604],[120.5762,22.6013],[120.5771,22.6011],[120.5777,22.5996],[120.5765,22.5983],[120.5784,22.5971],[120.5785,22.5957],[120.5765,22.5948],[120.5746,22.5966],[120.573,22.5935],[120.573,22.5909],[120.5719,22.5882],[120.5698,22.5877],[120.5644,22.5882],[120.5636,22.587],[120.565,22.5844],[120.5671,22.5818],[120.5665,22.5805],[120.5654,22.5796],[120.5603,22.5791],[120.5579,22.58],[120.5568,22.5809]]]}},{"type":"Feature","properties":{"name":"屏東縣新埤鄉","county":"屏東縣","town":"新埤鄉"},"geometry":{"type":"Polygon","coordinates":[[[120.5766,22.4578],[120.5732,22.4604],[120.5701,22.4607],[120.5691,22.4602],[120.5667,22.4603],[120.5631,22.4615],[120.5613,22.4617],[120.5572,22.4615],[120.552,22.4608],[120.5487,22.4607],[120.5461,22.4615],[120.5446,22.4631],[120.5415,22.4631],[120.5405,22.4629],[120.5405,22.4647],[120.5401,22.4651],[120.5415,22.466],[120.5428,22.4679],[120.5443,22.4676],[120.5443,22.4689],[120.5436,22.469],[120.5436,22.4707],[120.5425,22.4707],[120.5424,22.4732],[120.5427,22.4732],[120.5425,22.4775],[120.5408,22.478],[120.5415,22.4805],[120.5426,22.4818],[120.5442,22.4829],[120.5444,22.4843],[120.5452,22.486],[120.5464,22.487],[120.5459,22.4884],[120.5463,22.4894],[120.5448,22.4896],[120.5417,22.4912],[120.5395,22.4932],[120.5379,22.4953],[120.5362,22.4952],[120.536,22.4985],[120.5307,22.4983],[120.5306,22.5017],[120.5299,22.5019],[120.5299,22.5034],[120.5325,22.5072],[120.5334,22.5079],[120.539,22.5096],[120.5402,22.5106],[120.5419,22.5105],[120.5429,22.511],[120.5463,22.5107],[120.5476,22.5093],[120.5563,22.509],[120.5584,22.5097],[120.5695,22.5119],[120.5698,22.5122],[120.5822,22.5154],[120.5816,22.5168],[120.5883,22.5189],[120.5892,22.5174],[120.5952,22.5193],[120.6021,22.5211],[120.6038,22.5211],[120.6056,22.5249],[120.6213,22.5233],[120.6248,22.5265],[120.6269,22.5255],[120.6277,22.5257],[120.6315,22.5245],[120.6336,22.5247],[120.6346,22.5248],[120.6336,22.524],[120.6322,22.5236],[120.6306,22.5225],[120.6316,22.5213],[120.6292,22.5187],[120.6243,22.5125],[120.6226,22.5096],[120.622,22.5078],[120.6211,22.5068],[120.6205,22.5051],[120.6207,22.5016],[120.6212,22.501],[120.6199,22.4987],[120.6199,22.4954],[120.6231,22.4935],[120.6227,22.492],[120.6213,22.4926],[120.6207,22.4912],[120.6206,22.4925],[120.6194,22.4921],[120.6195,22.4908],[120.6171,22.4885],[120.6151,22.4876],[120.6172,22.4869],[120.6184,22.4879],[120.6189,22.4873],[120.6189,22.4859],[120.6175,22.4851],[120.6161,22.4858],[120.6151,22.4853],[120.6164,22.485],[120.6166,22.4842],[120.6189,22.4839],[120.6201,22.4825],[120.6201,22.4817],[120.6216,22.4826],[120.6233,22.4825],[120.6215,22.4811],[120.6223,22.4805],[120.6244,22.4802],[120.6254,22.4783],[120.6221,22.4798],[120.6224,22.479],[120.6207,22.4796],[120.6202,22.4788],[120.6216,22.478],[120.6213,22.4776],[120.6191,22.4769],[120.619,22.4763],[120.6164,22.474],[120.6162,22.4702],[120.617,22.4685],[120.6157,22.4681],[120.6152,22.4666],[120.6172,22.4665],[120.6186,22.4658],[120.6186,22.4652],[120.6174,22.4651],[120.6171,22.4641],[120.6151,22.464],[120.6173,22.4628],[120.6164,22.4617],[120.6176,22.4618],[120.6187,22.4606],[120.6169,22.4608],[120.6172,22.4603],[120.616,22.4599],[120.6188,22.4591],[120.6189,22.4585],[120.6176,22.459],[120.617,22.4584],[120.6157,22.4588],[120.6153,22.4583],[120.617,22.4578],[120.6161,22.4568],[120.6176,22.4565],[120.6163,22.4559],[120.6167,22.4553],[120.6165,22.4537],[120.6185,22.4525],[120.6207,22.4531],[120.623,22.4522],[120.6254,22.4517],[120.6268,22.4527],[120.6268,22.4514],[120.6252,22.4508],[120.6233,22.451],[120.6228,22.4504],[120.6239,22.4494],[120.6216,22.4492],[120.6208,22.4499],[120.6191,22.4498],[120.6191,22.4493],[120.6175,22.4487],[120.6165,22.449],[120.6164,22.448],[120.6191,22.4465],[120.6197,22.4455],[120.6177,22.4463],[120.6159,22.4456],[120.615,22.4458],[120.6145,22.4475],[120.611,22.4489],[120.6094,22.4464],[120.6091,22.4452],[120.606,22.446],[120.6034,22.4461],[120.6008,22.4466],[120.5988,22.4476],[120.5962,22.4481],[120.5861,22.4527],[120.5812,22.4543],[120.5794,22.4551],[120.5792,22.4563],[120.5766,22.4578]]]}},{"type":"Feature","properties":{"name":"屏東縣崁頂鄉","county":"屏東縣","town":"崁頂鄉"},"geometry":{"type":"Polygon","coordinates":[[[120.5042,22.5428],[120.5059,22.5432],[120.5081,22.5447],[120.5086,22.5467],[120.5114,22.5462],[120.5169,22.5457],[120.5193,22.5464],[120.5202,22.5475],[120.5232,22.5469],[120.5237,22.5437],[120.5227,22.5419],[120.5201,22.5413],[120.5193,22.5383],[120.522,22.5358],[120.5231,22.5344],[120.5237,22.5309],[120.5237,22.5288],[120.5233,22.5274],[120.5238,22.526],[120.5253,22.5258],[120.5258,22.5237],[120.526,22.5218],[120.5248,22.5217],[120.5251,22.5187],[120.5234,22.5185],[120.5241,22.5144],[120.5255,22.5144],[120.5261,22.5129],[120.5263,22.5109],[120.5293,22.5113],[120.5294,22.5091],[120.5301,22.5064],[120.5299,22.5034],[120.5299,22.5019],[120.5277,22.5022],[120.5265,22.5035],[120.5252,22.5034],[120.5234,22.5027],[120.5231,22.5005],[120.5234,22.4994],[120.5225,22.4964],[120.522,22.4958],[120.5207,22.4958],[120.5174,22.495],[120.5165,22.4956],[120.5127,22.4961],[120.5128,22.4969],[120.5106,22.497],[120.5097,22.4964],[120.5097,22.4937],[120.5082,22.4915],[120.5069,22.4917],[120.5054,22.4926],[120.5022,22.4934],[120.4985,22.4929],[120.4957,22.4922],[120.4948,22.4916],[120.4931,22.492],[120.4916,22.4925],[120.4897,22.4953],[120.4893,22.4976],[120.4882,22.4987],[120.485,22.4993],[120.4829,22.5],[120.4798,22.5005],[120.478,22.4999],[120.4772,22.4991],[120.4771,22.4969],[120.4765,22.4952],[120.4743,22.4935],[120.4703,22.4914],[120.4686,22.4894],[120.4682,22.4927],[120.4665,22.4967],[120.4675,22.4971],[120.4673,22.4998],[120.4664,22.502],[120.4661,22.5039],[120.4655,22.5058],[120.4656,22.5067],[120.4664,22.5069],[120.4668,22.5086],[120.4678,22.5108],[120.4693,22.5127],[120.4717,22.5168],[120.4737,22.5185],[120.4771,22.5205],[120.481,22.5219],[120.4801,22.5232],[120.481,22.5245],[120.4834,22.5265],[120.4844,22.5267],[120.4852,22.5266],[120.4864,22.5249],[120.4884,22.5277],[120.4907,22.5286],[120.4918,22.5294],[120.4923,22.5305],[120.4926,22.5333],[120.4943,22.5344],[120.4961,22.5371],[120.4968,22.5391],[120.4977,22.5394],[120.4992,22.5386],[120.5006,22.5387],[120.5024,22.5397],[120.5044,22.5418],[120.5042,22.5428]]]}},{"type":"Feature","properties":{"name":"屏東縣南州鄉","county":"屏東縣","town":"南州鄉"},"geometry":{"type":"Polygon","coordinates":[[[120.5299,22.5019],[120.5306,22.5017],[120.5307,22.4983],[120.536,22.4985],[120.5362,22.4952],[120.5379,22.4953],[120.5395,22.4932],[120.5417,22.4912],[120.5448,22.4896],[120.5463,22.4894],[120.5459,22.4884],[120.5464,22.487],[120.5452,22.486],[120.5444,22.4843],[120.5442,22.4829],[120.5426,22.4818],[120.5415,22.4805],[120.5408,22.478],[120.5425,22.4775],[120.5427,22.4732],[120.5424,22.4732],[120.5425,22.4707],[120.5436,22.4707],[120.5436,22.469],[120.5443,22.4689],[120.5443,22.4676],[120.5428,22.4679],[120.5415,22.4683],[120.5362,22.4685],[120.5362,22.4671],[120.5342,22.4661],[120.5308,22.4648],[120.5291,22.4644],[120.5288,22.4637],[120.5289,22.461],[120.5265,22.4607],[120.5225,22.4606],[120.519,22.4601],[120.517,22.4596],[120.514,22.4596],[120.5137,22.4591],[120.5118,22.4588],[120.5088,22.4588],[120.5082,22.461],[120.506,22.4607],[120.5048,22.4602],[120.5024,22.46],[120.5017,22.4605],[120.5015,22.4652],[120.502,22.4654],[120.5013,22.4682],[120.5005,22.4685],[120.5005,22.4698],[120.5013,22.4717],[120.5014,22.4737],[120.499,22.4744],[120.4988,22.4758],[120.4947,22.4751],[120.4917,22.4748],[120.4913,22.4736],[120.4903,22.4727],[120.4876,22.472],[120.4875,22.4739],[120.4878,22.4754],[120.4871,22.478],[120.4872,22.4806],[120.4881,22.4817],[120.4886,22.4836],[120.4891,22.4838],[120.4895,22.4882],[120.4911,22.4883],[120.4931,22.492],[120.4948,22.4916],[120.4957,22.4922],[120.4985,22.4929],[120.5022,22.4934],[120.5054,22.4926],[120.5069,22.4917],[120.5082,22.4915],[120.5097,22.4937],[120.5097,22.4964],[120.5106,22.497],[120.5128,22.4969],[120.5127,22.4961],[120.5165,22.4956],[120.5174,22.495],[120.5207,22.4958],[120.522,22.4958],[120.5225,22.4964],[120.5234,22.4994],[120.5231,22.5005],[120.5234,22.5027],[120.5252,22.5034],[120.5265,22.5035],[120.5277,22.5022],[120.5299,22.5019]]]}},{"type":"Feature","properties":{"name":"屏東縣琉球鄉","county":"屏東縣","town":"琉球鄉"},"geometry":{"type":"Polygon","coordinates":[[[120.3796,22.356],[120.3817,22.3549],[120.3824,22.3537],[120.3851,22.3519],[120.3885,22.3507],[120.389,22.3494],[120.3884,22.3439],[120.388,22.3428],[120.387,22.3418],[120.3837,22.3399],[120.3823,22.3389],[120.381,22.3385],[120.3803,22.3377],[120.3786,22.337],[120.3768,22.3357],[120.3755,22.3336],[120.3715,22.3311],[120.3694,22.3284],[120.3674,22.3263],[120.3638,22.3243],[120.3631,22.3236],[120.3599,22.3223],[120.3574,22.3222],[120.3547,22.3233],[120.3532,22.325],[120.3536,22.3294],[120.3549,22.3309],[120.3583,22.3328],[120.3603,22.3347],[120.361,22.3375],[120.3618,22.3388],[120.3632,22.34],[120.3626,22.3434],[120.3629,22.3441],[120.3618,22.3446],[120.3609,22.3459],[120.3615,22.347],[120.3639,22.3483],[120.3656,22.3509],[120.3674,22.3521],[120.3721,22.3532],[120.377,22.3557],[120.3796,22.356]]]}},{"type":"Feature","properties":{"name":"屏東縣三地門鄉","county":"屏東縣","town":"三地門鄉"},"geometry":{"type":"Polygon","coordinates":[[[120.6291,22.7137],[120.633,22.7159],[120.6345,22.7188],[120.6346,22.7198],[120.6354,22.72],[120.6366,22.7217],[120.6367,22.7234],[120.6377,22.724],[120.6387,22.7262],[120.6386,22.7271],[120.6389,22.7305],[120.6394,22.7323],[120.6388,22.7327],[120.6393,22.7357],[120.6381,22.7361],[120.637,22.7382],[120.6362,22.7382],[120.6344,22.7413],[120.634,22.7438],[120.6343,22.7446],[120.632,22.7471],[120.6322,22.7492],[120.6313,22.7509],[120.6323,22.7539],[120.6332,22.7551],[120.6333,22.7575],[120.6345,22.7598],[120.635,22.7613],[120.6388,22.7642],[120.6404,22.7658],[120.6415,22.7661],[120.6416,22.7673],[120.6432,22.7683],[120.6453,22.7675],[120.6459,22.768],[120.6452,22.7696],[120.6441,22.7707],[120.6408,22.7714],[120.6383,22.7705],[120.6376,22.7708],[120.6379,22.7718],[120.6357,22.7742],[120.6319,22.7762],[120.6307,22.7756],[120.6295,22.7759],[120.6288,22.7766],[120.6304,22.7805],[120.6297,22.7816],[120.6309,22.7821],[120.6294,22.7855],[120.63,22.7891],[120.6301,22.7913],[120.6292,22.7921],[120.6302,22.7928],[120.6299,22.7942],[120.6303,22.801],[120.6301,22.804],[120.6291,22.8116],[120.6302,22.8122],[120.6325,22.8128],[120.6347,22.8142],[120.6355,22.8153],[120.6343,22.8163],[120.6307,22.8176],[120.6302,22.8186],[120.6287,22.8195],[120.6276,22.8194],[120.628,22.8211],[120.6281,22.8236],[120.6291,22.8243],[120.6304,22.8284],[120.632,22.8294],[120.6301,22.8303],[120.63,22.8325],[120.6292,22.8362],[120.6307,22.8381],[120.6312,22.8411],[120.6323,22.8419],[120.6323,22.843],[120.6302,22.8435],[120.6287,22.8452],[120.6279,22.8466],[120.6306,22.8474],[120.633,22.8485],[120.6351,22.849],[120.636,22.8502],[120.6391,22.8524],[120.64,22.852],[120.64,22.8539],[120.6406,22.8547],[120.64,22.8563],[120.6401,22.8575],[120.6415,22.8609],[120.6429,22.8624],[120.6431,22.8643],[120.645,22.8679],[120.6453,22.8689],[120.6478,22.8732],[120.645,22.8732],[120.6444,22.8771],[120.6445,22.878],[120.6456,22.8799],[120.6477,22.8796],[120.6479,22.8779],[120.6491,22.877],[120.651,22.8772],[120.6523,22.8795],[120.6549,22.8815],[120.6565,22.8813],[120.6581,22.8797],[120.6583,22.8785],[120.6584,22.8743],[120.6597,22.87],[120.6586,22.8661],[120.6593,22.8642],[120.6595,22.8619],[120.6609,22.8597],[120.6643,22.8588],[120.6686,22.8587],[120.6699,22.8569],[120.6721,22.8564],[120.6748,22.8567],[120.6767,22.8572],[120.6781,22.8595],[120.6789,22.8627],[120.6792,22.863],[120.684,22.8635],[120.6862,22.8646],[120.6906,22.8649],[120.692,22.8677],[120.692,22.8685],[120.6979,22.8731],[120.6989,22.8743],[120.7014,22.8765],[120.7025,22.8792],[120.7046,22.8807],[120.7083,22.8816],[120.7098,22.8811],[120.7135,22.8808],[120.7171,22.881],[120.7205,22.882],[120.7221,22.8813],[120.725,22.8808],[120.727,22.879],[120.7309,22.8763],[120.7333,22.8753],[120.7375,22.8743],[120.7411,22.8741],[120.7427,22.8736],[120.7442,22.8712],[120.7464,22.8692],[120.7466,22.8678],[120.7492,22.8657],[120.7523,22.8647],[120.7539,22.8652],[120.7553,22.8644],[120.7565,22.8622],[120.7588,22.8609],[120.7622,22.8568],[120.763,22.8546],[120.7638,22.8517],[120.764,22.8493],[120.7659,22.8487],[120.7685,22.8452],[120.7699,22.8445],[120.7715,22.8419],[120.7729,22.8411],[120.7742,22.838],[120.7731,22.8357],[120.7703,22.8341],[120.7679,22.8321],[120.7653,22.8317],[120.7633,22.832],[120.7626,22.83],[120.7621,22.8297],[120.7594,22.8296],[120.758,22.8303],[120.757,22.8295],[120.755,22.8288],[120.7525,22.827],[120.7471,22.8253],[120.744,22.8235],[120.7395,22.8221],[120.7406,22.8176],[120.7409,22.8143],[120.7398,22.8121],[120.7395,22.8107],[120.7379,22.8081],[120.7371,22.8058],[120.7359,22.8039],[120.7353,22.8014],[120.7344,22.7989],[120.7334,22.7974],[120.7333,22.7959],[120.7304,22.7947],[120.7289,22.7935],[120.7269,22.791],[120.7268,22.7895],[120.7273,22.7872],[120.7265,22.7845],[120.7247,22.7834],[120.7227,22.7832],[120.7211,22.7808],[120.718,22.7777],[120.7157,22.7765],[120.7132,22.774],[120.7111,22.7724],[120.7109,22.771],[120.7119,22.7705],[120.7126,22.7688],[120.7134,22.7682],[120.7148,22.7682],[120.7145,22.7666],[120.7159,22.7643],[120.7159,22.7631],[120.7168,22.7624],[120.7178,22.7581],[120.7187,22.7579],[120.7186,22.7538],[120.7197,22.7511],[120.7197,22.7495],[120.7187,22.749],[120.7163,22.7462],[120.7152,22.747],[120.7149,22.7482],[120.7141,22.749],[120.711,22.7491],[120.7081,22.7482],[120.7065,22.7481],[120.7031,22.7469],[120.7018,22.7459],[120.7025,22.7442],[120.7027,22.7426],[120.7025,22.7406],[120.7027,22.7388],[120.7039,22.7369],[120.7031,22.7349],[120.7034,22.7328],[120.7044,22.7305],[120.7039,22.7284],[120.7029,22.7269],[120.7055,22.7253],[120.7068,22.7242],[120.709,22.7215],[120.7112,22.721],[120.7134,22.7193],[120.7149,22.7163],[120.7146,22.7145],[120.7134,22.712],[120.7127,22.7094],[120.7132,22.708],[120.7129,22.7065],[120.7108,22.7039],[120.7096,22.7013],[120.71,22.6995],[120.7081,22.6967],[120.7071,22.6955],[120.7072,22.6947],[120.7061,22.6928],[120.7069,22.6922],[120.7067,22.6912],[120.7033,22.692],[120.7013,22.6935],[120.6995,22.6936],[120.6961,22.6934],[120.695,22.6944],[120.6943,22.6961],[120.6933,22.6972],[120.6912,22.698],[120.6887,22.6965],[120.6876,22.6966],[120.6869,22.6989],[120.6854,22.6998],[120.6828,22.6989],[120.6815,22.6993],[120.6802,22.7012],[120.6786,22.703],[120.6779,22.7061],[120.6772,22.7065],[120.6753,22.7063],[120.6732,22.7048],[120.6683,22.7081],[120.6652,22.7094],[120.6641,22.7094],[120.6627,22.7068],[120.6618,22.7066],[120.66,22.7082],[120.6611,22.7115],[120.661,22.7128],[120.6591,22.7142],[120.6577,22.714],[120.6571,22.7133],[120.6562,22.7111],[120.6552,22.7094],[120.6539,22.7095],[120.6521,22.7102],[120.6495,22.7107],[120.6461,22.7117],[120.6436,22.712],[120.6408,22.712],[120.6386,22.711],[120.6341,22.7111],[120.6291,22.7137]]]}},{"type":"Feature","properties":{"name":"屏東縣霧台鄉","county":"屏東縣","town":"霧台鄉"},"geometry":{"type":"Polygon","coordinates":[[[120.7067,22.6912],[120.7069,22.6922],[120.7061,22.6928],[120.7072,22.6947],[120.7071,22.6955],[120.7081,22.6967],[120.71,22.6995],[120.7096,22.7013],[120.7108,22.7039],[120.7129,22.7065],[120.7132,22.708],[120.7127,22.7094],[120.7134,22.712],[120.7146,22.7145],[120.7149,22.7163],[120.7134,22.7193],[120.7112,22.721],[120.709,22.7215],[120.7068,22.7242],[120.7055,22.7253],[120.7029,22.7269],[120.7039,22.7284],[120.7044,22.7305],[120.7034,22.7328],[120.7031,22.7349],[120.7039,22.7369],[120.7027,22.7388],[120.7025,22.7406],[120.7027,22.7426],[120.7025,22.7442],[120.7018,22.7459],[120.7031,22.7469],[120.7065,22.7481],[120.7081,22.7482],[120.711,22.7491],[120.7141,22.749],[120.7149,22.7482],[120.7152,22.747],[120.7163,22.7462],[120.7187,22.749],[120.7197,22.7495],[120.7197,22.7511],[120.7186,22.7538],[120.7187,22.7579],[120.7178,22.7581],[120.7168,22.7624],[120.7159,22.7631],[120.7159,22.7643],[120.7145,22.7666],[120.7148,22.7682],[120.7134,22.7682],[120.7126,22.7688],[120.7119,22.7705],[120.7109,22.771],[120.7111,22.7724],[120.7132,22.774],[120.7157,22.7765],[120.718,22.7777],[120.7211,22.7808],[120.7227,22.7832],[120.7247,22.7834],[120.7265,22.7845],[120.7273,22.7872],[120.7268,22.7895],[120.7269,22.791],[120.7289,22.7935],[120.7304,22.7947],[120.7333,22.7959],[120.7334,22.7974],[120.7344,22.7989],[120.7353,22.8014],[120.7359,22.8039],[120.7371,22.8058],[120.7379,22.8081],[120.7395,22.8107],[120.7398,22.8121],[120.7409,22.8143],[120.7406,22.8176],[120.7395,22.8221],[120.744,22.8235],[120.7471,22.8253],[120.7525,22.827],[120.755,22.8288],[120.757,22.8295],[120.758,22.8303],[120.7594,22.8296],[120.7621,22.8297],[120.7626,22.83],[120.7633,22.832],[120.7653,22.8317],[120.7679,22.8321],[120.7703,22.8341],[120.7731,22.8357],[120.7742,22.838],[120.7748,22.8373],[120.7773,22.8357],[120.7787,22.8352],[120.78,22.8354],[120.7821,22.8365],[120.7858,22.8399],[120.7902,22.8401],[120.7927,22.8411],[120.793,22.8423],[120.7921,22.8452],[120.7917,22.8484],[120.7933,22.852],[120.798,22.8517],[120.7998,22.851],[120.8011,22.851],[120.8026,22.8524],[120.8051,22.8534],[120.8071,22.8549],[120.8118,22.8571],[120.8138,22.8577],[120.8137,22.859],[120.8142,22.8604],[120.8159,22.8621],[120.8191,22.8624],[120.8201,22.8631],[120.823,22.8657],[120.8243,22.8664],[120.8261,22.8664],[120.8283,22.8658],[120.833,22.8663],[120.8349,22.8648],[120.8372,22.8642],[120.8409,22.8604],[120.8416,22.8589],[120.8412,22.8573],[120.843,22.8542],[120.8439,22.8534],[120.8472,22.852],[120.8483,22.8519],[120.849,22.8533],[120.8514,22.8556],[120.8532,22.8576],[120.8545,22.8561],[120.8562,22.8551],[120.857,22.853],[120.8599,22.8515],[120.8594,22.8495],[120.8597,22.8488],[120.8625,22.8468],[120.8636,22.8441],[120.8646,22.8431],[120.8646,22.8419],[120.864,22.8394],[120.8646,22.8371],[120.8653,22.8361],[120.8646,22.8322],[120.863,22.8297],[120.8617,22.827],[120.862,22.8261],[120.864,22.8256],[120.8651,22.8248],[120.8658,22.8232],[120.8668,22.8197],[120.8686,22.8168],[120.8717,22.8148],[120.8734,22.8153],[120.8747,22.8153],[120.8754,22.8144],[120.8773,22.8131],[120.8778,22.8137],[120.8812,22.8145],[120.883,22.8141],[120.884,22.8135],[120.8854,22.8134],[120.8879,22.8126],[120.889,22.8118],[120.8912,22.8116],[120.8925,22.8101],[120.8944,22.8085],[120.8965,22.808],[120.8993,22.8047],[120.9009,22.8043],[120.9017,22.8033],[120.9033,22.7998],[120.9036,22.7982],[120.903,22.7968],[120.9033,22.7937],[120.9024,22.7914],[120.9017,22.7876],[120.9026,22.7866],[120.9038,22.7846],[120.9042,22.7832],[120.9032,22.7804],[120.9035,22.7775],[120.9038,22.7756],[120.9032,22.7738],[120.9012,22.7721],[120.9003,22.7694],[120.8996,22.7688],[120.896,22.7679],[120.8936,22.7668],[120.892,22.7636],[120.8941,22.7633],[120.8948,22.7626],[120.895,22.7606],[120.8945,22.7591],[120.8953,22.7576],[120.8956,22.7558],[120.8942,22.7522],[120.8941,22.7511],[120.8953,22.7482],[120.8942,22.7442],[120.8941,22.7432],[120.8956,22.7418],[120.8947,22.7376],[120.8928,22.736],[120.8923,22.7352],[120.8924,22.7329],[120.8914,22.7294],[120.891,22.7287],[120.8894,22.7281],[120.8883,22.7267],[120.8873,22.7224],[120.8853,22.7192],[120.8835,22.7171],[120.8794,22.7161],[120.8755,22.7172],[120.8727,22.717],[120.8691,22.716],[120.8672,22.7169],[120.8631,22.7166],[120.8614,22.7167],[120.8602,22.7157],[120.8586,22.7136],[120.8568,22.715],[120.8551,22.7175],[120.8531,22.7169],[120.8487,22.717],[120.8479,22.7155],[120.8452,22.7123],[120.8442,22.7107],[120.8427,22.7102],[120.8425,22.7088],[120.8434,22.7076],[120.8422,22.7069],[120.8402,22.7067],[120.8397,22.704],[120.838,22.7017],[120.8383,22.6991],[120.8368,22.6971],[120.835,22.6966],[120.8312,22.6968],[120.8302,22.6976],[120.8287,22.6977],[120.8265,22.6967],[120.8259,22.6959],[120.8243,22.6955],[120.8222,22.6959],[120.8199,22.6956],[120.819,22.6948],[120.8193,22.6927],[120.8188,22.6909],[120.8163,22.6919],[120.8115,22.692],[120.8108,22.6916],[120.8093,22.6884],[120.808,22.6892],[120.8057,22.689],[120.7977,22.6891],[120.7968,22.6894],[120.7949,22.6909],[120.7923,22.6915],[120.7891,22.6933],[120.7878,22.6933],[120.7867,22.6928],[120.7877,22.6898],[120.7895,22.6865],[120.7893,22.6838],[120.7902,22.6819],[120.7913,22.6804],[120.7916,22.6792],[120.7901,22.6771],[120.7886,22.6758],[120.7875,22.6736],[120.7863,22.6722],[120.7863,22.6681],[120.7863,22.663],[120.7857,22.6612],[120.7837,22.6589],[120.7829,22.657],[120.7813,22.6545],[120.7798,22.6525],[120.7771,22.6505],[120.7738,22.6462],[120.773,22.6442],[120.7713,22.6413],[120.7686,22.6383],[120.7677,22.6362],[120.764,22.6333],[120.7631,22.6311],[120.7613,22.6298],[120.7598,22.6315],[120.7587,22.6345],[120.7551,22.64],[120.7529,22.6416],[120.7522,22.6424],[120.7515,22.6464],[120.7507,22.6491],[120.7489,22.6505],[120.7484,22.6528],[120.7469,22.6555],[120.7496,22.6588],[120.7501,22.6602],[120.7501,22.6623],[120.7509,22.6637],[120.7508,22.665],[120.75,22.6666],[120.7481,22.6686],[120.745,22.6724],[120.7449,22.6742],[120.7439,22.6767],[120.7449,22.6793],[120.745,22.6806],[120.744,22.6814],[120.7412,22.6829],[120.74,22.6829],[120.7379,22.6839],[120.7347,22.6836],[120.7315,22.6821],[120.7303,22.6827],[120.7308,22.6834],[120.7305,22.6847],[120.7288,22.685],[120.7268,22.6845],[120.7249,22.6853],[120.7244,22.6874],[120.7225,22.6883],[120.7218,22.6901],[120.7204,22.6902],[120.7175,22.6886],[120.7159,22.687],[120.7132,22.6859],[120.7124,22.6864],[120.7121,22.6882],[120.7107,22.6881],[120.7092,22.6887],[120.7067,22.6912]]]}},{"type":"Feature","properties":{"name":"屏東縣瑪家鄉","county":"屏東縣","town":"瑪家鄉"},"geometry":{"type":"Polygon","coordinates":[[[120.6316,22.6247],[120.6288,22.6266],[120.6262,22.6292],[120.6257,22.6362],[120.6263,22.6374],[120.6259,22.6395],[120.6267,22.642],[120.6282,22.6422],[120.6279,22.6429],[120.6293,22.6445],[120.6278,22.645],[120.6284,22.6471],[120.6292,22.647],[120.629,22.6483],[120.6296,22.6496],[120.6289,22.6507],[120.6298,22.6523],[120.6309,22.6529],[120.633,22.6533],[120.6326,22.6539],[120.6308,22.6546],[120.6313,22.6559],[120.631,22.6572],[120.6298,22.6583],[120.6307,22.6587],[120.6307,22.6609],[120.6327,22.6623],[120.6319,22.663],[120.6329,22.6636],[120.6328,22.6649],[120.6317,22.6666],[120.6323,22.6674],[120.6335,22.6674],[120.6337,22.6681],[120.6328,22.6683],[120.6325,22.6693],[120.6328,22.6713],[120.6335,22.6732],[120.635,22.6749],[120.6359,22.6767],[120.6349,22.6791],[120.6361,22.6808],[120.6352,22.6823],[120.6345,22.6823],[120.6349,22.684],[120.6372,22.6854],[120.6381,22.6864],[120.6383,22.6879],[120.6368,22.6896],[120.6353,22.6899],[120.6345,22.6896],[120.6346,22.6906],[120.6373,22.6904],[120.6393,22.6919],[120.6399,22.6919],[120.6427,22.6949],[120.6426,22.6954],[120.6452,22.6961],[120.6477,22.6975],[120.6486,22.6996],[120.6496,22.7004],[120.6512,22.7028],[120.6503,22.707],[120.6506,22.7082],[120.6495,22.7107],[120.6521,22.7102],[120.6539,22.7095],[120.6552,22.7094],[120.6562,22.7111],[120.6571,22.7133],[120.6577,22.714],[120.6591,22.7142],[120.661,22.7128],[120.6611,22.7115],[120.66,22.7082],[120.6618,22.7066],[120.6627,22.7068],[120.6641,22.7094],[120.6652,22.7094],[120.6683,22.7081],[120.6732,22.7048],[120.6753,22.7063],[120.6772,22.7065],[120.6779,22.7061],[120.6786,22.703],[120.6802,22.7012],[120.6815,22.6993],[120.6828,22.6989],[120.6854,22.6998],[120.6869,22.6989],[120.6876,22.6966],[120.6887,22.6965],[120.6912,22.698],[120.6933,22.6972],[120.6943,22.6961],[120.695,22.6944],[120.6961,22.6934],[120.6995,22.6936],[120.7013,22.6935],[120.7033,22.692],[120.7067,22.6912],[120.7092,22.6887],[120.7107,22.6881],[120.7121,22.6882],[120.7124,22.6864],[120.7132,22.6859],[120.7159,22.687],[120.7175,22.6886],[120.7204,22.6902],[120.7218,22.6901],[120.7225,22.6883],[120.7244,22.6874],[120.7249,22.6853],[120.7268,22.6845],[120.7288,22.685],[120.7305,22.6847],[120.7308,22.6834],[120.7303,22.6827],[120.7315,22.6821],[120.7347,22.6836],[120.7379,22.6839],[120.74,22.6829],[120.7412,22.6829],[120.744,22.6814],[120.745,22.6806],[120.7449,22.6793],[120.7439,22.6767],[120.7449,22.6742],[120.745,22.6724],[120.7481,22.6686],[120.75,22.6666],[120.7508,22.665],[120.7509,22.6637],[120.7501,22.6623],[120.7501,22.6602],[120.7496,22.6588],[120.7469,22.6555],[120.7447,22.6554],[120.7423,22.6548],[120.7395,22.6524],[120.7353,22.6509],[120.7341,22.6521],[120.731,22.6539],[120.7301,22.6537],[120.728,22.6546],[120.7262,22.6549],[120.7252,22.6556],[120.7244,22.6571],[120.7228,22.6573],[120.7211,22.6581],[120.7199,22.6567],[120.7168,22.6569],[120.7152,22.6563],[120.7127,22.6565],[120.7075,22.656],[120.7057,22.6564],[120.7041,22.6558],[120.7013,22.6556],[120.7002,22.655],[120.6978,22.6547],[120.6947,22.6546],[120.693,22.6541],[120.6941,22.6518],[120.6962,22.6496],[120.6964,22.6482],[120.6977,22.6459],[120.6979,22.6444],[120.6976,22.6425],[120.697,22.6425],[120.6931,22.6446],[120.692,22.6457],[120.6869,22.646],[120.6851,22.6472],[120.6829,22.6474],[120.6826,22.6483],[120.6776,22.6506],[120.675,22.6502],[120.6736,22.6513],[120.6726,22.6499],[120.6701,22.6495],[120.6695,22.6497],[120.668,22.6472],[120.6665,22.6472],[120.6652,22.6458],[120.6636,22.6462],[120.6631,22.6451],[120.6615,22.6455],[120.66,22.6449],[120.6608,22.6446],[120.661,22.6434],[120.6586,22.6419],[120.6566,22.6431],[120.6542,22.6455],[120.6505,22.6451],[120.6497,22.6428],[120.6472,22.6432],[120.6457,22.6419],[120.6451,22.6406],[120.6431,22.6403],[120.6429,22.6381],[120.6423,22.6363],[120.6398,22.6342],[120.6396,22.6326],[120.6377,22.6319],[120.6366,22.6298],[120.6364,22.6286],[120.6352,22.6279],[120.6332,22.628],[120.6326,22.6274],[120.6322,22.6254],[120.6316,22.6247]]]}},{"type":"Feature","properties":{"name":"屏東縣泰武鄉","county":"屏東縣","town":"泰武鄉"},"geometry":{"type":"Polygon","coordinates":[[[120.6268,22.5428],[120.6254,22.545],[120.6245,22.5452],[120.6249,22.5475],[120.6248,22.5494],[120.6256,22.5508],[120.6248,22.5529],[120.6249,22.5544],[120.6262,22.5546],[120.6255,22.5553],[120.6263,22.5565],[120.6273,22.5549],[120.6286,22.5539],[120.6299,22.5537],[120.6308,22.5548],[120.6305,22.5559],[120.6286,22.5559],[120.6294,22.5575],[120.6312,22.5567],[120.6314,22.5573],[120.6298,22.5587],[120.6314,22.5591],[120.6299,22.5594],[120.6313,22.5602],[120.6306,22.5612],[120.6289,22.561],[120.6278,22.56],[120.6274,22.5627],[120.628,22.5635],[120.628,22.5648],[120.6271,22.5647],[120.6282,22.5666],[120.6269,22.5665],[120.6264,22.5673],[120.6267,22.5682],[120.6255,22.5684],[120.6265,22.5693],[120.6267,22.5712],[120.6259,22.5721],[120.6266,22.5726],[120.6254,22.5736],[120.6247,22.5729],[120.6249,22.5753],[120.6261,22.5745],[120.6274,22.5758],[120.6281,22.575],[120.628,22.5738],[120.6297,22.5738],[120.6296,22.572],[120.63,22.5716],[120.6307,22.5729],[120.6314,22.5727],[120.6321,22.5711],[120.6326,22.5725],[120.6318,22.575],[120.633,22.5755],[120.6353,22.5749],[120.6366,22.5754],[120.6366,22.576],[120.6349,22.5764],[120.6316,22.5768],[120.6307,22.5771],[120.6318,22.5779],[120.6309,22.5791],[120.6313,22.5812],[120.6321,22.5821],[120.632,22.5864],[120.6311,22.5886],[120.6297,22.5877],[120.6298,22.5885],[120.6309,22.5889],[120.6316,22.5904],[120.6293,22.5912],[120.6285,22.5909],[120.6281,22.593],[120.6288,22.5937],[120.6271,22.5941],[120.6266,22.5938],[120.6274,22.5926],[120.6271,22.5914],[120.626,22.5916],[120.6256,22.5894],[120.626,22.5884],[120.625,22.5886],[120.6247,22.5875],[120.6257,22.5851],[120.6242,22.5855],[120.6238,22.5871],[120.6238,22.5897],[120.6249,22.5916],[120.6239,22.5961],[120.625,22.5965],[120.626,22.5983],[120.6272,22.5983],[120.6279,22.5975],[120.6292,22.5975],[120.6288,22.5982],[120.6307,22.5994],[120.6316,22.6006],[120.632,22.603],[120.6318,22.6047],[120.6321,22.6054],[120.6323,22.6082],[120.6316,22.6086],[120.63,22.6081],[120.6284,22.6086],[120.629,22.6115],[120.6303,22.6129],[120.6313,22.6116],[120.6319,22.6118],[120.632,22.6138],[120.6308,22.616],[120.634,22.6196],[120.6355,22.6205],[120.6365,22.6232],[120.6394,22.626],[120.6368,22.6262],[120.6337,22.626],[120.633,22.6244],[120.6316,22.6247],[120.6322,22.6254],[120.6326,22.6274],[120.6332,22.628],[120.6352,22.6279],[120.6364,22.6286],[120.6366,22.6298],[120.6377,22.6319],[120.6396,22.6326],[120.6398,22.6342],[120.6423,22.6363],[120.6429,22.6381],[120.6431,22.6403],[120.6451,22.6406],[120.6457,22.6419],[120.6472,22.6432],[120.6497,22.6428],[120.6505,22.6451],[120.6542,22.6455],[120.6566,22.6431],[120.6586,22.6419],[120.661,22.6434],[120.6608,22.6446],[120.66,22.6449],[120.6615,22.6455],[120.6631,22.6451],[120.6636,22.6462],[120.6652,22.6458],[120.6665,22.6472],[120.668,22.6472],[120.6695,22.6497],[120.6701,22.6495],[120.6726,22.6499],[120.6736,22.6513],[120.675,22.6502],[120.6776,22.6506],[120.6826,22.6483],[120.6829,22.6474],[120.6851,22.6472],[120.6869,22.646],[120.692,22.6457],[120.6931,22.6446],[120.697,22.6425],[120.6976,22.6425],[120.6979,22.6444],[120.6977,22.6459],[120.6964,22.6482],[120.6962,22.6496],[120.6941,22.6518],[120.693,22.6541],[120.6947,22.6546],[120.6978,22.6547],[120.7002,22.655],[120.7013,22.6556],[120.7041,22.6558],[120.7057,22.6564],[120.7075,22.656],[120.7127,22.6565],[120.7152,22.6563],[120.7168,22.6569],[120.7199,22.6567],[120.7211,22.6581],[120.7228,22.6573],[120.7244,22.6571],[120.7252,22.6556],[120.7262,22.6549],[120.728,22.6546],[120.7301,22.6537],[120.731,22.6539],[120.7341,22.6521],[120.7353,22.6509],[120.7395,22.6524],[120.7423,22.6548],[120.7447,22.6554],[120.7469,22.6555],[120.7484,22.6528],[120.7489,22.6505],[120.7507,22.6491],[120.7515,22.6464],[120.7522,22.6424],[120.7529,22.6416],[120.7551,22.64],[120.7587,22.6345],[120.7598,22.6315],[120.7613,22.6298],[120.7615,22.6275],[120.761,22.6258],[120.7587,22.6238],[120.7549,22.617],[120.7537,22.6135],[120.7529,22.6121],[120.7541,22.6085],[120.7543,22.6062],[120.7541,22.6044],[120.7548,22.6015],[120.7544,22.6003],[120.752,22.5967],[120.749,22.594],[120.7466,22.591],[120.7458,22.5895],[120.7458,22.5883],[120.7464,22.5861],[120.7467,22.584],[120.7486,22.5803],[120.7491,22.5786],[120.7492,22.5756],[120.7488,22.5723],[120.748,22.5711],[120.7442,22.5696],[120.7423,22.5693],[120.7416,22.5687],[120.7412,22.5665],[120.7396,22.5626],[120.74,22.5583],[120.7366,22.5602],[120.7355,22.5603],[120.7335,22.5614],[120.7294,22.5625],[120.7269,22.5614],[120.7242,22.5621],[120.7219,22.5616],[120.7203,22.5606],[120.7185,22.5603],[120.7178,22.5616],[120.7162,22.5625],[120.7155,22.5634],[120.7115,22.563],[120.7089,22.562],[120.7074,22.5623],[120.7051,22.5634],[120.7046,22.5624],[120.7026,22.5607],[120.701,22.5618],[120.6995,22.562],[120.6973,22.5606],[120.6967,22.5595],[120.6946,22.5579],[120.6935,22.5574],[120.6921,22.5583],[120.6914,22.5591],[120.69,22.5597],[120.6872,22.5594],[120.6853,22.5605],[120.684,22.5606],[120.6813,22.5618],[120.6791,22.5636],[120.6781,22.5634],[120.6765,22.5623],[120.6743,22.5624],[120.6722,22.5636],[120.6691,22.565],[120.6677,22.5652],[120.6658,22.5643],[120.6637,22.564],[120.6617,22.5632],[120.6601,22.5632],[120.6583,22.5636],[120.6564,22.5646],[120.6536,22.565],[120.6522,22.5658],[120.6503,22.5686],[120.6505,22.5702],[120.6499,22.5715],[120.6493,22.5702],[120.6499,22.5688],[120.6488,22.5649],[120.646,22.5621],[120.6456,22.5613],[120.646,22.559],[120.6457,22.5559],[120.6467,22.5524],[120.6467,22.5482],[120.6464,22.5472],[120.6452,22.5459],[120.6451,22.5444],[120.6442,22.5426],[120.6444,22.5402],[120.6418,22.5386],[120.6404,22.5384],[120.6392,22.5391],[120.6379,22.5409],[120.6337,22.5396],[120.6332,22.5391],[120.6309,22.5388],[120.6292,22.5403],[120.6282,22.5407],[120.6268,22.5428]]]}},{"type":"Feature","properties":{"name":"屏東縣來義鄉","county":"屏東縣","town":"來義鄉"},"geometry":{"type":"Polygon","coordinates":[[[120.6336,22.5247],[120.6333,22.5258],[120.6303,22.5264],[120.6281,22.5266],[120.6266,22.5261],[120.6261,22.5266],[120.6268,22.5275],[120.6256,22.5278],[120.626,22.5299],[120.6243,22.5294],[120.6237,22.5321],[120.6243,22.5325],[120.623,22.5345],[120.6236,22.5363],[120.6224,22.537],[120.6236,22.5374],[120.6247,22.5386],[120.6244,22.5402],[120.6268,22.5428],[120.6282,22.5407],[120.6292,22.5403],[120.6309,22.5388],[120.6332,22.5391],[120.6337,22.5396],[120.6379,22.5409],[120.6392,22.5391],[120.6404,22.5384],[120.6418,22.5386],[120.6444,22.5402],[120.6442,22.5426],[120.6451,22.5444],[120.6452,22.5459],[120.6464,22.5472],[120.6467,22.5482],[120.6467,22.5524],[120.6457,22.5559],[120.646,22.559],[120.6456,22.5613],[120.646,22.5621],[120.6488,22.5649],[120.6499,22.5688],[120.6493,22.5702],[120.6499,22.5715],[120.6505,22.5702],[120.6503,22.5686],[120.6522,22.5658],[120.6536,22.565],[120.6564,22.5646],[120.6583,22.5636],[120.6601,22.5632],[120.6617,22.5632],[120.6637,22.564],[120.6658,22.5643],[120.6677,22.5652],[120.6691,22.565],[120.6722,22.5636],[120.6743,22.5624],[120.6765,22.5623],[120.6781,22.5634],[120.6791,22.5636],[120.6813,22.5618],[120.684,22.5606],[120.6853,22.5605],[120.6872,22.5594],[120.69,22.5597],[120.6914,22.5591],[120.6921,22.5583],[120.6935,22.5574],[120.6946,22.5579],[120.6967,22.5595],[120.6973,22.5606],[120.6995,22.562],[120.701,22.5618],[120.7026,22.5607],[120.7046,22.5624],[120.7051,22.5634],[120.7074,22.5623],[120.7089,22.562],[120.7115,22.563],[120.7155,22.5634],[120.7162,22.5625],[120.7178,22.5616],[120.7185,22.5603],[120.7203,22.5606],[120.7219,22.5616],[120.7242,22.5621],[120.7269,22.5614],[120.7294,22.5625],[120.7335,22.5614],[120.7355,22.5603],[120.7366,22.5602],[120.74,22.5583],[120.739,22.5537],[120.7395,22.5515],[120.7407,22.5497],[120.7409,22.5488],[120.7433,22.5445],[120.744,22.5431],[120.7457,22.5407],[120.748,22.5384],[120.7486,22.5362],[120.75,22.534],[120.7499,22.5294],[120.7517,22.5253],[120.7513,22.522],[120.7515,22.5211],[120.7531,22.518],[120.7531,22.5166],[120.7539,22.5108],[120.7575,22.5085],[120.7585,22.5073],[120.7589,22.5059],[120.7609,22.5034],[120.7627,22.5011],[120.7643,22.4954],[120.7638,22.4911],[120.7619,22.4893],[120.7605,22.4885],[120.7586,22.4884],[120.7582,22.4845],[120.7574,22.4818],[120.7549,22.4811],[120.7515,22.4797],[120.7508,22.4792],[120.752,22.478],[120.7544,22.4724],[120.7542,22.4694],[120.753,22.4678],[120.753,22.4666],[120.7518,22.4646],[120.7518,22.4616],[120.7511,22.4599],[120.7515,22.4585],[120.7514,22.4571],[120.7497,22.4561],[120.7474,22.4563],[120.7449,22.4558],[120.7443,22.4552],[120.7425,22.4517],[120.741,22.4501],[120.7381,22.4487],[120.7373,22.4475],[120.7355,22.4463],[120.7328,22.4455],[120.7305,22.4453],[120.7298,22.4464],[120.7293,22.4511],[120.7286,22.4525],[120.7266,22.4543],[120.7258,22.4567],[120.7254,22.4596],[120.7251,22.4603],[120.7234,22.4606],[120.7237,22.462],[120.7234,22.4652],[120.7204,22.4672],[120.7199,22.4682],[120.717,22.4689],[120.7149,22.4689],[120.7131,22.4679],[120.7103,22.4671],[120.7085,22.467],[120.7068,22.4676],[120.7044,22.4692],[120.7011,22.4709],[120.6992,22.4692],[120.6988,22.4684],[120.6987,22.4659],[120.699,22.4647],[120.6981,22.4618],[120.6972,22.4605],[120.6972,22.4591],[120.6975,22.4569],[120.6961,22.454],[120.6939,22.451],[120.6918,22.4494],[120.6901,22.4491],[120.6886,22.4481],[120.6857,22.4467],[120.6832,22.4465],[120.6814,22.4459],[120.6792,22.4458],[120.6774,22.4467],[120.6743,22.4468],[120.6716,22.4454],[120.6715,22.4439],[120.6709,22.4428],[120.6698,22.4422],[120.6638,22.441],[120.6622,22.4402],[120.6592,22.4401],[120.6583,22.4417],[120.6535,22.4425],[120.6523,22.4431],[120.6503,22.4431],[120.6483,22.4424],[120.6467,22.4412],[120.6451,22.4391],[120.645,22.4369],[120.6437,22.4345],[120.6416,22.4327],[120.6377,22.4329],[120.6359,22.4336],[120.6326,22.4358],[120.6273,22.4382],[120.6231,22.4393],[120.6201,22.4396],[120.6176,22.4416],[120.6142,22.4432],[120.6132,22.444],[120.6091,22.4452],[120.6094,22.4464],[120.611,22.4489],[120.6145,22.4475],[120.615,22.4458],[120.6159,22.4456],[120.6177,22.4463],[120.6197,22.4455],[120.6191,22.4465],[120.6164,22.448],[120.6165,22.449],[120.6175,22.4487],[120.6191,22.4493],[120.6191,22.4498],[120.6208,22.4499],[120.6216,22.4492],[120.6239,22.4494],[120.6228,22.4504],[120.6233,22.451],[120.6252,22.4508],[120.6268,22.4514],[120.6268,22.4527],[120.6254,22.4517],[120.623,22.4522],[120.6207,22.4531],[120.6185,22.4525],[120.6165,22.4537],[120.6167,22.4553],[120.6163,22.4559],[120.6176,22.4565],[120.6161,22.4568],[120.617,22.4578],[120.6153,22.4583],[120.6157,22.4588],[120.617,22.4584],[120.6176,22.459],[120.6189,22.4585],[120.6188,22.4591],[120.616,22.4599],[120.6172,22.4603],[120.6169,22.4608],[120.6187,22.4606],[120.6176,22.4618],[120.6164,22.4617],[120.6173,22.4628],[120.6151,22.464],[120.6171,22.4641],[120.6174,22.4651],[120.6186,22.4652],[120.6186,22.4658],[120.6172,22.4665],[120.6152,22.4666],[120.6157,22.4681],[120.617,22.4685],[120.6162,22.4702],[120.6164,22.474],[120.619,22.4763],[120.6191,22.4769],[120.6213,22.4776],[120.6216,22.478],[120.6202,22.4788],[120.6207,22.4796],[120.6224,22.479],[120.6221,22.4798],[120.6254,22.4783],[120.6244,22.4802],[120.6223,22.4805],[120.6215,22.4811],[120.6233,22.4825],[120.6216,22.4826],[120.6201,22.4817],[120.6201,22.4825],[120.6189,22.4839],[120.6166,22.4842],[120.6164,22.485],[120.6151,22.4853],[120.6161,22.4858],[120.6175,22.4851],[120.6189,22.4859],[120.6189,22.4873],[120.6184,22.4879],[120.6172,22.4869],[120.6151,22.4876],[120.6171,22.4885],[120.6195,22.4908],[120.6194,22.4921],[120.6206,22.4925],[120.6207,22.4912],[120.6213,22.4926],[120.6227,22.492],[120.6231,22.4935],[120.6199,22.4954],[120.6199,22.4987],[120.6212,22.501],[120.6207,22.5016],[120.6205,22.5051],[120.6211,22.5068],[120.622,22.5078],[120.6226,22.5096],[120.6243,22.5125],[120.6292,22.5187],[120.6316,22.5213],[120.6306,22.5225],[120.6322,22.5236],[120.6336,22.524],[120.6346,22.5248],[120.6336,22.5247]]]}},{"type":"Feature","properties":{"name":"屏東縣春日鄉","county":"屏東縣","town":"春日鄉"},"geometry":{"type":"Polygon","coordinates":[[[120.6326,22.4358],[120.6359,22.4336],[120.6377,22.4329],[120.6416,22.4327],[120.6437,22.4345],[120.645,22.4369],[120.6451,22.4391],[120.6467,22.4412],[120.6483,22.4424],[120.6503,22.4431],[120.6523,22.4431],[120.6535,22.4425],[120.6583,22.4417],[120.6592,22.4401],[120.6622,22.4402],[120.6638,22.441],[120.6698,22.4422],[120.6709,22.4428],[120.6715,22.4439],[120.6716,22.4454],[120.6743,22.4468],[120.6774,22.4467],[120.6792,22.4458],[120.6814,22.4459],[120.6832,22.4465],[120.6857,22.4467],[120.6886,22.4481],[120.6901,22.4491],[120.6918,22.4494],[120.6939,22.451],[120.6961,22.454],[120.6975,22.4569],[120.6972,22.4591],[120.6972,22.4605],[120.6981,22.4618],[120.699,22.4647],[120.6987,22.4659],[120.6988,22.4684],[120.6992,22.4692],[120.7011,22.4709],[120.7044,22.4692],[120.7068,22.4676],[120.7085,22.467],[120.7103,22.4671],[120.7131,22.4679],[120.7149,22.4689],[120.717,22.4689],[120.7199,22.4682],[120.7204,22.4672],[120.7234,22.4652],[120.7237,22.462],[120.7234,22.4606],[120.7251,22.4603],[120.7254,22.4596],[120.7258,22.4567],[120.7266,22.4543],[120.7286,22.4525],[120.7293,22.4511],[120.7298,22.4464],[120.7305,22.4453],[120.7328,22.4455],[120.7355,22.4463],[120.7373,22.4475],[120.7381,22.4487],[120.741,22.4501],[120.7425,22.4517],[120.7443,22.4552],[120.7449,22.4558],[120.7474,22.4563],[120.7497,22.4561],[120.7514,22.4571],[120.7515,22.4585],[120.7542,22.4573],[120.7565,22.4574],[120.7582,22.4585],[120.7591,22.4573],[120.7627,22.4545],[120.7655,22.4529],[120.7687,22.4525],[120.7719,22.4519],[120.7759,22.4504],[120.7765,22.4489],[120.7758,22.4472],[120.7757,22.4457],[120.775,22.4443],[120.7752,22.4433],[120.7768,22.44],[120.7787,22.4386],[120.7803,22.4371],[120.7828,22.4333],[120.7839,22.4303],[120.7847,22.4292],[120.7848,22.4281],[120.7869,22.4252],[120.7871,22.4231],[120.788,22.4209],[120.7881,22.4199],[120.7896,22.4176],[120.7886,22.4173],[120.7867,22.4159],[120.7865,22.4149],[120.7846,22.4129],[120.7834,22.4126],[120.783,22.4113],[120.7803,22.4095],[120.7773,22.4089],[120.7761,22.4097],[120.7748,22.409],[120.7734,22.4069],[120.7706,22.4069],[120.7683,22.4086],[120.7662,22.4091],[120.765,22.4089],[120.7632,22.4072],[120.7603,22.4062],[120.7581,22.4049],[120.7563,22.4047],[120.7534,22.4051],[120.7555,22.403],[120.7561,22.401],[120.7576,22.3981],[120.7538,22.3964],[120.7523,22.3939],[120.7524,22.3921],[120.7565,22.3884],[120.7546,22.3867],[120.7524,22.3858],[120.7505,22.3841],[120.7486,22.3804],[120.7491,22.3757],[120.7488,22.3733],[120.7475,22.3714],[120.7449,22.3702],[120.7442,22.3695],[120.7435,22.3673],[120.7405,22.3673],[120.7396,22.3668],[120.736,22.3668],[120.7338,22.367],[120.7323,22.3648],[120.7299,22.3629],[120.7292,22.3613],[120.7263,22.3587],[120.7237,22.3578],[120.7204,22.3558],[120.7194,22.3548],[120.718,22.3546],[120.7147,22.3555],[120.7134,22.3555],[120.7091,22.3534],[120.708,22.3535],[120.7047,22.3504],[120.7041,22.3503],[120.7024,22.3485],[120.7017,22.3492],[120.7007,22.3482],[120.6986,22.3476],[120.6975,22.3483],[120.6952,22.348],[120.6937,22.3483],[120.6939,22.3473],[120.6917,22.3463],[120.6895,22.3458],[120.689,22.3439],[120.6892,22.3428],[120.6884,22.3417],[120.6871,22.3413],[120.6839,22.3438],[120.6812,22.3443],[120.6768,22.3443],[120.6746,22.3436],[120.6736,22.3444],[120.6717,22.3442],[120.6703,22.3446],[120.6689,22.3443],[120.6688,22.3456],[120.6672,22.3456],[120.6664,22.344],[120.6656,22.3443],[120.6652,22.3454],[120.6641,22.3458],[120.6628,22.3469],[120.6609,22.3458],[120.6604,22.3446],[120.661,22.3434],[120.6594,22.3412],[120.6584,22.3413],[120.6562,22.3429],[120.6547,22.345],[120.6527,22.346],[120.6507,22.3464],[120.6501,22.3477],[120.6489,22.349],[120.6476,22.349],[120.6459,22.3484],[120.6446,22.3486],[120.6432,22.3496],[120.6414,22.3519],[120.6408,22.353],[120.6413,22.3553],[120.6402,22.3552],[120.6391,22.3565],[120.6395,22.3567],[120.6392,22.3589],[120.6355,22.3594],[120.6336,22.3592],[120.6296,22.3579],[120.6269,22.3592],[120.6256,22.3605],[120.6258,22.3618],[120.6248,22.3624],[120.6218,22.3617],[120.6205,22.3612],[120.6223,22.3628],[120.6202,22.3634],[120.6201,22.3652],[120.6205,22.3667],[120.6189,22.3683],[120.6179,22.3705],[120.6189,22.3703],[120.6207,22.369],[120.6217,22.3696],[120.6227,22.369],[120.6238,22.3705],[120.6252,22.3703],[120.625,22.3712],[120.6216,22.3714],[120.621,22.3729],[120.6202,22.3734],[120.6194,22.375],[120.6195,22.3766],[120.6182,22.3767],[120.618,22.3805],[120.6182,22.383],[120.6175,22.3835],[120.6175,22.3845],[120.6184,22.3848],[120.6175,22.3859],[120.6161,22.3866],[120.6161,22.3876],[120.6176,22.3883],[120.6169,22.3897],[120.6189,22.3914],[120.6231,22.3912],[120.6233,22.3928],[120.6242,22.3929],[120.6244,22.3939],[120.6273,22.3942],[120.6304,22.3954],[120.6309,22.3953],[120.633,22.393],[120.6358,22.3935],[120.6369,22.3941],[120.6356,22.3943],[120.6355,22.396],[120.6346,22.3959],[120.6331,22.3969],[120.633,22.3991],[120.6316,22.3986],[120.6309,22.3992],[120.6297,22.3986],[120.629,22.3997],[120.6304,22.4001],[120.631,22.4013],[120.6304,22.4017],[120.6288,22.4011],[120.6296,22.4023],[120.6273,22.4026],[120.6257,22.4032],[120.6254,22.4043],[120.6236,22.4056],[120.6253,22.4057],[120.6259,22.4062],[120.625,22.4073],[120.6258,22.4083],[120.6275,22.4088],[120.6274,22.4096],[120.6285,22.4098],[120.6304,22.4124],[120.6311,22.4116],[120.6325,22.4118],[120.6314,22.4128],[120.6321,22.414],[120.6312,22.4152],[120.63,22.4157],[120.6274,22.4156],[120.6283,22.4178],[120.628,22.42],[120.6292,22.4218],[120.6307,22.4228],[120.6295,22.4232],[120.6265,22.4219],[120.6233,22.4215],[120.6234,22.4244],[120.6241,22.4255],[120.6252,22.4262],[120.6269,22.4265],[120.6299,22.4279],[120.6295,22.4283],[120.6303,22.4297],[120.6309,22.4317],[120.6326,22.4331],[120.633,22.4343],[120.6326,22.4358]]]}},{"type":"Feature","properties":{"name":"屏東縣獅子鄉","county":"屏東縣","town":"獅子鄉"},"geometry":{"type":"Polygon","coordinates":[[[120.6414,22.3519],[120.6432,22.3496],[120.6446,22.3486],[120.6459,22.3484],[120.6476,22.349],[120.6489,22.349],[120.6501,22.3477],[120.6507,22.3464],[120.6527,22.346],[120.6547,22.345],[120.6562,22.3429],[120.6584,22.3413],[120.6594,22.3412],[120.661,22.3434],[120.6604,22.3446],[120.6609,22.3458],[120.6628,22.3469],[120.6641,22.3458],[120.6652,22.3454],[120.6656,22.3443],[120.6664,22.344],[120.6672,22.3456],[120.6688,22.3456],[120.6689,22.3443],[120.6703,22.3446],[120.6717,22.3442],[120.6736,22.3444],[120.6746,22.3436],[120.6768,22.3443],[120.6812,22.3443],[120.6839,22.3438],[120.6871,22.3413],[120.6884,22.3417],[120.6892,22.3428],[120.689,22.3439],[120.6895,22.3458],[120.6917,22.3463],[120.6939,22.3473],[120.6937,22.3483],[120.6952,22.348],[120.6975,22.3483],[120.6986,22.3476],[120.7007,22.3482],[120.7017,22.3492],[120.7024,22.3485],[120.7041,22.3503],[120.7047,22.3504],[120.708,22.3535],[120.7091,22.3534],[120.7134,22.3555],[120.7147,22.3555],[120.718,22.3546],[120.7194,22.3548],[120.7204,22.3558],[120.7237,22.3578],[120.7263,22.3587],[120.7292,22.3613],[120.7299,22.3629],[120.7323,22.3648],[120.7338,22.367],[120.736,22.3668],[120.7396,22.3668],[120.7405,22.3673],[120.7435,22.3673],[120.7474,22.3641],[120.7518,22.3614],[120.7524,22.3605],[120.7539,22.3602],[120.7558,22.3603],[120.7584,22.3595],[120.7598,22.3603],[120.761,22.3604],[120.7632,22.359],[120.7628,22.3567],[120.7631,22.3539],[120.7636,22.3523],[120.7652,22.3495],[120.7668,22.348],[120.768,22.3474],[120.7703,22.3478],[120.7717,22.3486],[120.7741,22.3485],[120.775,22.3493],[120.7758,22.3487],[120.7791,22.3479],[120.7811,22.3464],[120.7833,22.3462],[120.7851,22.3455],[120.7851,22.3445],[120.7865,22.3421],[120.7885,22.3416],[120.7893,22.3384],[120.7904,22.337],[120.7925,22.3356],[120.7928,22.3333],[120.7924,22.3308],[120.7929,22.3263],[120.7933,22.3254],[120.7934,22.3237],[120.7948,22.323],[120.7955,22.3207],[120.7964,22.3199],[120.7968,22.3183],[120.7959,22.3162],[120.7942,22.3147],[120.793,22.3124],[120.7905,22.3113],[120.7871,22.3092],[120.7832,22.3095],[120.7819,22.3091],[120.7782,22.3085],[120.7778,22.3054],[120.7768,22.3026],[120.7778,22.298],[120.7786,22.2969],[120.7815,22.2946],[120.7886,22.294],[120.7899,22.2933],[120.7911,22.2906],[120.7911,22.2881],[120.7926,22.287],[120.7934,22.2857],[120.796,22.2851],[120.799,22.2854],[120.8007,22.2842],[120.8035,22.2843],[120.8057,22.2838],[120.8061,22.2823],[120.8058,22.2813],[120.8072,22.2803],[120.8068,22.2772],[120.8049,22.2768],[120.8043,22.2774],[120.8031,22.277],[120.8001,22.2773],[120.7982,22.2764],[120.7981,22.2746],[120.7976,22.2724],[120.7963,22.2699],[120.7962,22.2679],[120.7973,22.2665],[120.7985,22.266],[120.7996,22.265],[120.7986,22.2636],[120.799,22.2621],[120.7988,22.26],[120.7979,22.258],[120.7997,22.2572],[120.8067,22.2598],[120.808,22.2594],[120.8094,22.2607],[120.8126,22.2621],[120.8139,22.2619],[120.8152,22.2633],[120.8177,22.2614],[120.8186,22.2612],[120.8212,22.2587],[120.8229,22.2577],[120.8259,22.2566],[120.8276,22.2549],[120.8294,22.2522],[120.8302,22.2518],[120.8315,22.2501],[120.8325,22.2472],[120.8346,22.2454],[120.8359,22.2455],[120.8381,22.244],[120.8398,22.2437],[120.8413,22.2446],[120.8424,22.2435],[120.8449,22.2428],[120.8464,22.2435],[120.8508,22.2437],[120.8532,22.2425],[120.8542,22.2424],[120.8554,22.2415],[120.8587,22.2408],[120.8587,22.2392],[120.8592,22.2385],[120.8616,22.2375],[120.8635,22.2356],[120.8643,22.2343],[120.8641,22.2334],[120.8623,22.2313],[120.8639,22.2312],[120.8664,22.2298],[120.867,22.2283],[120.8672,22.2265],[120.8677,22.2262],[120.8667,22.2251],[120.8669,22.2234],[120.8674,22.2231],[120.8678,22.2209],[120.8674,22.2203],[120.8662,22.2202],[120.8652,22.218],[120.8669,22.2167],[120.8671,22.2156],[120.8665,22.214],[120.8669,22.2127],[120.8662,22.2113],[120.8636,22.2112],[120.8637,22.2105],[120.8608,22.2097],[120.858,22.2113],[120.8563,22.2106],[120.853,22.2109],[120.8497,22.2119],[120.8485,22.2132],[120.8467,22.213],[120.8441,22.2132],[120.8434,22.2136],[120.838,22.2135],[120.838,22.2124],[120.8347,22.212],[120.8336,22.211],[120.8325,22.2114],[120.8309,22.2099],[120.8283,22.2089],[120.8268,22.2092],[120.8244,22.2076],[120.8241,22.2069],[120.8229,22.2069],[120.8218,22.2076],[120.8199,22.2072],[120.8186,22.2078],[120.8181,22.2073],[120.8163,22.2082],[120.8151,22.2079],[120.8151,22.2065],[120.8135,22.2047],[120.8113,22.2037],[120.8096,22.2037],[120.8077,22.2041],[120.8068,22.2037],[120.8047,22.2038],[120.804,22.2046],[120.8028,22.2048],[120.8018,22.2044],[120.8018,22.203],[120.8005,22.2016],[120.7991,22.2007],[120.7989,22.1996],[120.797,22.1978],[120.7956,22.1976],[120.7929,22.1977],[120.7916,22.1971],[120.7902,22.1958],[120.7885,22.1956],[120.7871,22.1961],[120.7841,22.1955],[120.7816,22.1939],[120.7807,22.1943],[120.7794,22.1938],[120.7786,22.1923],[120.7773,22.1913],[120.7734,22.1896],[120.7716,22.188],[120.7694,22.1869],[120.7674,22.1843],[120.7661,22.1839],[120.7653,22.183],[120.7614,22.1808],[120.7589,22.1783],[120.7579,22.1782],[120.7556,22.1766],[120.7521,22.1773],[120.7505,22.178],[120.7449,22.1772],[120.744,22.1762],[120.7395,22.175],[120.7383,22.1751],[120.7367,22.1763],[120.7344,22.1758],[120.7326,22.1743],[120.734,22.1697],[120.735,22.1686],[120.735,22.1677],[120.7337,22.1645],[120.7329,22.1637],[120.7341,22.1617],[120.7344,22.1593],[120.7365,22.1577],[120.7374,22.1564],[120.7371,22.1544],[120.7372,22.1523],[120.738,22.1514],[120.7382,22.1481],[120.7372,22.1471],[120.7374,22.1452],[120.7363,22.1419],[120.7374,22.1399],[120.7364,22.1378],[120.7355,22.1349],[120.7354,22.1314],[120.735,22.1297],[120.7354,22.1275],[120.7353,22.1258],[120.7359,22.125],[120.7366,22.1206],[120.736,22.1183],[120.7337,22.1179],[120.7322,22.1181],[120.7305,22.1168],[120.7284,22.1161],[120.7259,22.1158],[120.7242,22.1159],[120.7224,22.115],[120.7214,22.113],[120.72,22.113],[120.7186,22.1119],[120.7158,22.1114],[120.7154,22.1126],[120.7175,22.1158],[120.7182,22.119],[120.7184,22.1216],[120.7178,22.1232],[120.7151,22.1248],[120.7107,22.13],[120.7086,22.1323],[120.707,22.1352],[120.7049,22.1398],[120.7038,22.1428],[120.7024,22.1424],[120.7003,22.1426],[120.7001,22.1437],[120.7014,22.1461],[120.7011,22.1498],[120.7019,22.1505],[120.7008,22.1511],[120.7008,22.1532],[120.6999,22.1544],[120.6994,22.1564],[120.7001,22.1574],[120.6989,22.1585],[120.6982,22.1626],[120.6977,22.1629],[120.6971,22.1665],[120.6965,22.1669],[120.6965,22.1683],[120.6947,22.1711],[120.6954,22.1734],[120.6954,22.1749],[120.6948,22.176],[120.6942,22.1786],[120.6928,22.1814],[120.6946,22.1835],[120.6946,22.1845],[120.6939,22.1862],[120.695,22.1884],[120.6962,22.1896],[120.6967,22.1908],[120.696,22.1921],[120.6952,22.1925],[120.6971,22.1936],[120.697,22.1942],[120.6951,22.1959],[120.6956,22.1966],[120.6953,22.1977],[120.6995,22.2022],[120.7009,22.2014],[120.7006,22.2],[120.7026,22.1991],[120.7043,22.1994],[120.7054,22.2009],[120.7034,22.2021],[120.7023,22.2041],[120.7039,22.2038],[120.7063,22.2051],[120.7066,22.2062],[120.7088,22.2064],[120.7096,22.207],[120.7123,22.2074],[120.7133,22.2071],[120.7143,22.2076],[120.7171,22.2074],[120.7149,22.2094],[120.7141,22.2098],[120.7128,22.2113],[120.7099,22.2129],[120.707,22.2132],[120.7055,22.2118],[120.7024,22.2109],[120.7016,22.211],[120.6974,22.21],[120.6961,22.21],[120.6946,22.2087],[120.6936,22.2071],[120.6927,22.2067],[120.6907,22.207],[120.6894,22.2078],[120.6885,22.2095],[120.6873,22.211],[120.6847,22.2132],[120.6828,22.2159],[120.6818,22.2162],[120.6789,22.2192],[120.6777,22.2221],[120.6783,22.2244],[120.6762,22.2257],[120.6757,22.227],[120.6768,22.2281],[120.6788,22.228],[120.6772,22.2291],[120.6758,22.2292],[120.6746,22.2302],[120.6726,22.2344],[120.67,22.2378],[120.6712,22.2396],[120.6705,22.2421],[120.6705,22.244],[120.6696,22.2443],[120.6684,22.2456],[120.6684,22.2463],[120.6654,22.2504],[120.6654,22.2516],[120.6639,22.2537],[120.663,22.2557],[120.661,22.258],[120.662,22.259],[120.6637,22.2589],[120.6686,22.2616],[120.6698,22.2617],[120.6724,22.2605],[120.674,22.2607],[120.6733,22.2621],[120.6721,22.2635],[120.6704,22.2641],[120.6684,22.264],[120.6659,22.2644],[120.6643,22.2631],[120.6619,22.2628],[120.6623,22.266],[120.6597,22.2667],[120.6571,22.2653],[120.6566,22.2658],[120.6533,22.266],[120.6531,22.2683],[120.6508,22.2725],[120.6498,22.2758],[120.6492,22.279],[120.6484,22.2813],[120.6468,22.2845],[120.6459,22.2855],[120.6448,22.2893],[120.6454,22.2895],[120.6455,22.2909],[120.6453,22.2949],[120.6459,22.2956],[120.6457,22.2976],[120.6453,22.298],[120.6451,22.3023],[120.6454,22.3032],[120.6447,22.3049],[120.6456,22.3054],[120.6465,22.3067],[120.6465,22.3077],[120.648,22.3082],[120.6484,22.3096],[120.648,22.3102],[120.6458,22.3107],[120.6435,22.3102],[120.642,22.3091],[120.6413,22.3092],[120.6394,22.3119],[120.6392,22.3128],[120.6379,22.3143],[120.6376,22.3154],[120.6362,22.3179],[120.6367,22.3195],[120.6364,22.3213],[120.6352,22.3235],[120.6337,22.3253],[120.6334,22.3288],[120.6326,22.33],[120.6325,22.3317],[120.6319,22.3316],[120.6304,22.335],[120.629,22.34],[120.6303,22.3409],[120.6292,22.3425],[120.628,22.3417],[120.6272,22.3426],[120.6276,22.3435],[120.6252,22.3437],[120.6246,22.3444],[120.625,22.3456],[120.6285,22.3477],[120.6305,22.3482],[120.6344,22.351],[120.635,22.3517],[120.6364,22.3514],[120.6391,22.3515],[120.6405,22.3512],[120.6414,22.3519]]]}},{"type":"Feature","properties":{"name":"鹽埕區","county":"高雄市","town":"鹽埕區"},"geometry":{"type":"Polygon","coordinates":[[[120.286,22.6318],[120.2875,22.6283],[120.2886,22.6266],[120.2899,22.6232],[120.2903,22.6206],[120.2904,22.6181],[120.2902,22.615],[120.283,22.6182],[120.2788,22.6203],[120.2792,22.6209],[120.2774,22.6222],[120.2771,22.6232],[120.2789,22.6266],[120.2834,22.6333],[120.2852,22.6347],[120.286,22.6318]]]}},{"type":"Feature","properties":{"name":"新興區","county":"高雄市","town":"新興區"},"geometry":{"type":"Polygon","coordinates":[[[120.3167,22.6343],[120.3167,22.6335],[120.3179,22.6303],[120.3133,22.6306],[120.3133,22.6298],[120.3142,22.6275],[120.3109,22.6264],[120.3121,22.6232],[120.3022,22.6199],[120.301,22.6232],[120.3015,22.6274],[120.2981,22.6263],[120.2976,22.6278],[120.3,22.6287],[120.2971,22.6361],[120.2995,22.6369],[120.3068,22.6364],[120.3096,22.6368],[120.3138,22.6366],[120.3167,22.6343]]]}},{"type":"Feature","properties":{"name":"前金區","county":"高雄市","town":"前金區"},"geometry":{"type":"Polygon","coordinates":[[[120.2903,22.6206],[120.2899,22.6232],[120.2886,22.6266],[120.2875,22.6283],[120.286,22.6318],[120.2884,22.6332],[120.2971,22.6361],[120.3,22.6287],[120.2976,22.6278],[120.2981,22.6263],[120.3015,22.6274],[120.301,22.6232],[120.3022,22.6199],[120.2962,22.618],[120.295,22.621],[120.2937,22.6206],[120.2903,22.6206]]]}},{"type":"Feature","properties":{"name":"前鎮區","county":"高雄市","town":"前鎮區"},"geometry":{"type":"Polygon","coordinates":[[[120.3393,22.5845],[120.3393,22.5841],[120.3393,22.5817],[120.3393,22.5812],[120.3392,22.5807],[120.3389,22.5801],[120.3385,22.579],[120.3382,22.578],[120.3379,22.5771],[120.3374,22.5746],[120.3372,22.5742],[120.3342,22.5736],[120.3337,22.5735],[120.3334,22.5734],[120.3329,22.5733],[120.3328,22.5732],[120.3308,22.5721],[120.3317,22.571],[120.3311,22.5705],[120.3306,22.5701],[120.3302,22.5699],[120.33,22.5697],[120.329,22.5692],[120.3285,22.569],[120.3284,22.5689],[120.3262,22.5686],[120.3258,22.5684],[120.3242,22.567],[120.324,22.5669],[120.3238,22.5651],[120.3227,22.5647],[120.322,22.5643],[120.3218,22.5642],[120.3203,22.5631],[120.3182,22.5616],[120.318,22.5612],[120.3171,22.5591],[120.316,22.5604],[120.3148,22.5617],[120.3138,22.5629],[120.3129,22.5639],[120.3119,22.565],[120.3112,22.5657],[120.3109,22.5661],[120.3098,22.5673],[120.3078,22.5696],[120.307,22.5703],[120.3061,22.5712],[120.3053,22.5721],[120.3049,22.5727],[120.3042,22.5738],[120.3037,22.5746],[120.3026,22.5761],[120.3023,22.5766],[120.3019,22.5771],[120.3017,22.5773],[120.3016,22.5775],[120.3011,22.578],[120.2985,22.5808],[120.2977,22.5817],[120.2976,22.5818],[120.297,22.5826],[120.2961,22.5838],[120.2956,22.5847],[120.2942,22.5867],[120.2935,22.5879],[120.293,22.5886],[120.2923,22.5897],[120.2907,22.5922],[120.2902,22.5932],[120.2864,22.5993],[120.2859,22.6],[120.2836,22.6037],[120.2832,22.6043],[120.2828,22.605],[120.2821,22.6063],[120.2819,22.6067],[120.2814,22.6074],[120.2812,22.6077],[120.2807,22.6083],[120.2799,22.6091],[120.2794,22.6095],[120.2776,22.6111],[120.2813,22.6144],[120.283,22.6134],[120.2888,22.611],[120.2959,22.6077],[120.2966,22.6095],[120.2978,22.61],[120.3051,22.6125],[120.3052,22.6141],[120.3177,22.6183],[120.3183,22.6168],[120.3182,22.6154],[120.3226,22.6156],[120.3236,22.6154],[120.3237,22.6145],[120.3252,22.615],[120.3251,22.6119],[120.3267,22.6117],[120.327,22.6124],[120.3326,22.6127],[120.3328,22.61],[120.3367,22.6099],[120.3374,22.6102],[120.3379,22.6068],[120.3391,22.6063],[120.3383,22.6055],[120.3304,22.6003],[120.3298,22.601],[120.3229,22.5964],[120.3223,22.592],[120.3205,22.5911],[120.3218,22.5905],[120.3232,22.5891],[120.3247,22.5862],[120.323,22.5861],[120.3241,22.585],[120.3257,22.5851],[120.3265,22.5857],[120.328,22.5856],[120.33,22.5867],[120.3312,22.5859],[120.3343,22.5864],[120.3346,22.5873],[120.3341,22.5895],[120.3352,22.5906],[120.3372,22.5889],[120.3385,22.5869],[120.3393,22.5845]]]}},{"type":"Feature","properties":{"name":"嘉義縣布袋鎮","county":"嘉義縣","town":"布袋鎮"},"geometry":{"type":"Polygon","coordinates":[[[120.16,23.4054],[120.1623,23.4043],[120.1642,23.4041],[120.1656,23.4046],[120.1712,23.4078],[120.1699,23.4092],[120.1712,23.4115],[120.1726,23.4115],[120.1729,23.4105],[120.1738,23.4106],[120.1753,23.4146],[120.1757,23.4162],[120.1767,23.4175],[120.1794,23.4195],[120.1816,23.4208],[120.185,23.4207],[120.1861,23.4212],[120.1864,23.4222],[120.1865,23.4241],[120.1881,23.4233],[120.1884,23.4224],[120.1893,23.418],[120.1903,23.4156],[120.1924,23.4183],[120.193,23.4196],[120.1927,23.4213],[120.1938,23.4218],[120.1962,23.4203],[120.1997,23.4185],[120.2005,23.4186],[120.201,23.4207],[120.2038,23.4207],[120.2043,23.4221],[120.2065,23.4233],[120.2072,23.4242],[120.2063,23.4271],[120.2073,23.4306],[120.2076,23.4324],[120.2066,23.4356],[120.205,23.4374],[120.207,23.4397],[120.2063,23.4419],[120.2049,23.4428],[120.2015,23.4438],[120.1995,23.4452],[120.1976,23.4468],[120.1944,23.4482],[120.1962,23.4492],[120.2062,23.4529],[120.2076,23.4512],[120.208,23.4495],[120.2093,23.4487],[120.2082,23.4483],[120.2095,23.4462],[120.2116,23.4458],[120.2129,23.4435],[120.2147,23.4421],[120.218,23.4406],[120.2192,23.4418],[120.2204,23.4418],[120.2208,23.4387],[120.2201,23.4372],[120.221,23.4364],[120.2208,23.4352],[120.2196,23.4342],[120.2198,23.4331],[120.2191,23.4311],[120.2196,23.4287],[120.2183,23.4288],[120.2185,23.4276],[120.218,23.4267],[120.2187,23.4257],[120.2183,23.4241],[120.2189,23.423],[120.221,23.422],[120.2218,23.4209],[120.2231,23.4201],[120.2239,23.4217],[120.2247,23.422],[120.227,23.4205],[120.2281,23.4188],[120.2307,23.4199],[120.2328,23.4197],[120.2338,23.4204],[120.2313,23.4212],[120.2315,23.4218],[120.233,23.4218],[120.2341,23.4228],[120.2351,23.4228],[120.2355,23.4241],[120.2368,23.4241],[120.2373,23.4236],[120.2366,23.4213],[120.2374,23.4198],[120.2358,23.4177],[120.2376,23.4164],[120.2359,23.4119],[120.2338,23.4092],[120.2358,23.4076],[120.2347,23.4066],[120.2326,23.4057],[120.2309,23.4038],[120.2317,23.4033],[120.2344,23.403],[120.2361,23.4022],[120.236,23.4016],[120.2341,23.4006],[120.232,23.4002],[120.2301,23.3989],[120.23,23.3979],[120.2291,23.3963],[120.2272,23.3941],[120.2275,23.3933],[120.2267,23.3894],[120.2309,23.3867],[120.2269,23.3815],[120.2252,23.3821],[120.2228,23.3814],[120.2213,23.3806],[120.2194,23.3778],[120.2171,23.3793],[120.2116,23.3811],[120.2073,23.3798],[120.2054,23.3764],[120.203,23.375],[120.1999,23.3715],[120.202,23.3706],[120.2013,23.3698],[120.1993,23.3694],[120.1966,23.3652],[120.1954,23.3644],[120.1906,23.3627],[120.1895,23.3618],[120.1864,23.3556],[120.1835,23.3504],[120.1818,23.3476],[120.1762,23.3418],[120.1763,23.3409],[120.1776,23.3402],[120.179,23.3387],[120.1797,23.337],[120.1802,23.3343],[120.1785,23.3299],[120.1807,23.3258],[120.1806,23.3231],[120.1791,23.3208],[120.1766,23.3187],[120.1728,23.3172],[120.1718,23.316],[120.1714,23.3149],[120.1712,23.3122],[120.1699,23.3108],[120.1672,23.3099],[120.1634,23.3111],[120.1627,23.31],[120.1603,23.3106],[120.1568,23.31],[120.1555,23.3105],[120.1543,23.313],[120.153,23.3133],[120.15,23.3131],[120.1486,23.3144],[120.1482,23.3166],[120.1485,23.3197],[120.1455,23.3223],[120.1415,23.3247],[120.1366,23.3281],[120.1323,23.3298],[120.1181,23.3402],[120.119,23.3431],[120.1184,23.3436],[120.1198,23.3478],[120.1219,23.3516],[120.123,23.3548],[120.1255,23.3594],[120.1266,23.3607],[120.128,23.3636],[120.1294,23.3688],[120.1309,23.3705],[120.1319,23.3762],[120.1319,23.3823],[120.1316,23.3848],[120.1376,23.3847],[120.1395,23.3853],[120.1483,23.3856],[120.1507,23.3883],[120.1521,23.3886],[120.1552,23.3847],[120.1559,23.3847],[120.1564,23.3798],[120.1584,23.3812],[120.1579,23.3832],[120.1582,23.3848],[120.1573,23.385],[120.154,23.3881],[120.1578,23.3858],[120.1593,23.3877],[120.1557,23.3901],[120.155,23.3892],[120.1541,23.3892],[120.1555,23.3909],[120.1571,23.3899],[120.1607,23.3888],[120.1635,23.3929],[120.1637,23.3934],[120.1618,23.3944],[120.1616,23.3979],[120.1605,23.4016],[120.16,23.4054]]]}},{"type":"Feature","properties":{"name":"屏東縣東港鎮","county":"屏東縣","town":"東港鎮"},"geometry":{"type":"Polygon","coordinates":[[[120.4686,22.4894],[120.4703,22.4914],[120.4743,22.4935],[120.4765,22.4952],[120.4771,22.4969],[120.4772,22.4991],[120.478,22.4999],[120.4798,22.5005],[120.4829,22.5],[120.485,22.4993],[120.4882,22.4987],[120.4893,22.4976],[120.4897,22.4953],[120.4916,22.4925],[120.4931,22.492],[120.4911,22.4883],[120.4895,22.4882],[120.4891,22.4838],[120.4886,22.4836],[120.4881,22.4817],[120.4872,22.4806],[120.4871,22.478],[120.4878,22.4754],[120.4875,22.4739],[120.4876,22.472],[120.4903,22.4727],[120.4913,22.4736],[120.4917,22.4748],[120.4947,22.4751],[120.4988,22.4758],[120.499,22.4744],[120.5014,22.4737],[120.5013,22.4717],[120.5005,22.4698],[120.5005,22.4685],[120.5013,22.4682],[120.502,22.4654],[120.5015,22.4652],[120.5017,22.4605],[120.4995,22.4602],[120.4971,22.4557],[120.499,22.4559],[120.4996,22.4553],[120.4995,22.453],[120.4998,22.4515],[120.5012,22.4508],[120.5018,22.4497],[120.5036,22.4497],[120.5034,22.4483],[120.5016,22.4482],[120.4983,22.4439],[120.4976,22.4416],[120.4962,22.4362],[120.4931,22.4351],[120.4921,22.4352],[120.4916,22.4342],[120.4892,22.4354],[120.4871,22.436],[120.4847,22.434],[120.4838,22.433],[120.4833,22.4313],[120.4828,22.431],[120.4806,22.4269],[120.4764,22.4289],[120.4759,22.4296],[120.4727,22.4312],[120.4684,22.4337],[120.4585,22.4393],[120.4545,22.4431],[120.4524,22.4447],[120.4471,22.4493],[120.4446,22.4522],[120.4397,22.4568],[120.4385,22.4593],[120.436,22.4595],[120.4347,22.4638],[120.435,22.4646],[120.438,22.4658],[120.4405,22.4673],[120.444,22.4685],[120.445,22.4695],[120.4459,22.4715],[120.4508,22.4727],[120.4548,22.4748],[120.4619,22.4794],[120.4658,22.4842],[120.4679,22.4886],[120.4686,22.4894]]]}},{"type":"Feature","properties":{"name":"屏東縣枋寮鄉","county":"屏東縣","town":"枋寮鄉"},"geometry":{"type":"Polygon","coordinates":[[[120.5402,22.3972],[120.546,22.3974],[120.5457,22.3981],[120.547,22.3976],[120.5498,22.397],[120.5505,22.3962],[120.5516,22.3972],[120.5523,22.3992],[120.5533,22.4008],[120.5565,22.4011],[120.5577,22.4019],[120.558,22.4013],[120.56,22.4012],[120.5617,22.4005],[120.562,22.3993],[120.5637,22.3989],[120.5643,22.4004],[120.5657,22.4017],[120.5658,22.405],[120.5656,22.4073],[120.5648,22.4092],[120.5633,22.4101],[120.5672,22.4109],[120.5716,22.4124],[120.5754,22.414],[120.5762,22.4145],[120.5714,22.4222],[120.5679,22.4275],[120.567,22.4297],[120.5691,22.4335],[120.569,22.4382],[120.5707,22.4407],[120.57,22.4432],[120.5712,22.4465],[120.5716,22.4485],[120.5729,22.4483],[120.5735,22.4502],[120.5738,22.4528],[120.575,22.4559],[120.5766,22.4578],[120.5792,22.4563],[120.5794,22.4551],[120.5812,22.4543],[120.5861,22.4527],[120.5962,22.4481],[120.5988,22.4476],[120.6008,22.4466],[120.6034,22.4461],[120.606,22.446],[120.6091,22.4452],[120.6132,22.444],[120.6142,22.4432],[120.6176,22.4416],[120.6201,22.4396],[120.6231,22.4393],[120.6273,22.4382],[120.6326,22.4358],[120.633,22.4343],[120.6326,22.4331],[120.6309,22.4317],[120.6303,22.4297],[120.6295,22.4283],[120.6299,22.4279],[120.6269,22.4265],[120.6252,22.4262],[120.6241,22.4255],[120.6234,22.4244],[120.6233,22.4215],[120.6265,22.4219],[120.6295,22.4232],[120.6307,22.4228],[120.6292,22.4218],[120.628,22.42],[120.6283,22.4178],[120.6274,22.4156],[120.63,22.4157],[120.6312,22.4152],[120.6321,22.414],[120.6314,22.4128],[120.6325,22.4118],[120.6311,22.4116],[120.6304,22.4124],[120.6285,22.4098],[120.6274,22.4096],[120.6275,22.4088],[120.6258,22.4083],[120.625,22.4073],[120.6259,22.4062],[120.6253,22.4057],[120.6236,22.4056],[120.6254,22.4043],[120.6257,22.4032],[120.6273,22.4026],[120.6296,22.4023],[120.6288,22.4011],[120.6304,22.4017],[120.631,22.4013],[120.6304,22.4001],[120.629,22.3997],[120.6297,22.3986],[120.6309,22.3992],[120.6316,22.3986],[120.633,22.3991],[120.6331,22.3969],[120.6346,22.3959],[120.6355,22.396],[120.6356,22.3943],[120.6369,22.3941],[120.6358,22.3935],[120.633,22.393],[120.6309,22.3953],[120.6304,22.3954],[120.6273,22.3942],[120.6244,22.3939],[120.6242,22.3929],[120.6233,22.3928],[120.6231,22.3912],[120.6189,22.3914],[120.6169,22.3897],[120.6176,22.3883],[120.6161,22.3876],[120.6161,22.3866],[120.6175,22.3859],[120.6184,22.3848],[120.6175,22.3845],[120.6175,22.3835],[120.6182,22.383],[120.618,22.3805],[120.6182,22.3767],[120.6195,22.3766],[120.6194,22.375],[120.6202,22.3734],[120.621,22.3729],[120.6216,22.3714],[120.625,22.3712],[120.6252,22.3703],[120.6238,22.3705],[120.6227,22.369],[120.6217,22.3696],[120.6207,22.369],[120.6189,22.3703],[120.6179,22.3705],[120.6189,22.3683],[120.6205,22.3667],[120.6201,22.3652],[120.6202,22.3634],[120.6223,22.3628],[120.6205,22.3612],[120.6218,22.3617],[120.6248,22.3624],[120.6258,22.3618],[120.6256,22.3605],[120.6269,22.3592],[120.6296,22.3579],[120.6336,22.3592],[120.6355,22.3594],[120.6392,22.3589],[120.6395,22.3567],[120.6391,22.3565],[120.6402,22.3552],[120.6361,22.3561],[120.6351,22.3566],[120.6341,22.3559],[120.6311,22.3545],[120.6296,22.3544],[120.6251,22.3536],[120.6236,22.3522],[120.6204,22.3515],[120.6182,22.3506],[120.6179,22.3494],[120.6153,22.3484],[120.6121,22.3458],[120.6107,22.3428],[120.6085,22.342],[120.6064,22.3406],[120.6054,22.3407],[120.6051,22.3426],[120.6021,22.3489],[120.5998,22.3532],[120.5989,22.3558],[120.5974,22.3575],[120.5963,22.3582],[120.5947,22.36],[120.5943,22.3598],[120.5922,22.3621],[120.5902,22.3633],[120.5913,22.3643],[120.5893,22.3664],[120.5856,22.3694],[120.5832,22.3705],[120.5801,22.3723],[120.5792,22.3732],[120.5764,22.3752],[120.5742,22.376],[120.5712,22.378],[120.5707,22.3794],[120.5685,22.381],[120.5637,22.3838],[120.5604,22.3861],[120.5496,22.3924],[120.5402,22.3972]]]}},{"type":"Feature","properties":{"name":"屏東縣新園鄉","county":"屏東縣","town":"新園鄉"},"geometry":{"type":"Polygon","coordinates":[[[120.4407,22.5576],[120.4474,22.5574],[120.4535,22.558],[120.455,22.5588],[120.456,22.5588],[120.4583,22.5596],[120.4613,22.5597],[120.4611,22.559],[120.4631,22.5593],[120.4649,22.56],[120.4712,22.5603],[120.4698,22.558],[120.4767,22.5603],[120.4781,22.562],[120.4777,22.5563],[120.4812,22.5559],[120.4789,22.54],[120.4799,22.5397],[120.4795,22.5366],[120.473,22.536],[120.4731,22.5352],[120.4743,22.5339],[120.4739,22.5336],[120.4744,22.5311],[120.4755,22.5314],[120.4759,22.5347],[120.4785,22.5349],[120.4781,22.5311],[120.4791,22.5302],[120.4831,22.5272],[120.4844,22.5267],[120.4834,22.5265],[120.481,22.5245],[120.4801,22.5232],[120.481,22.5219],[120.4771,22.5205],[120.4737,22.5185],[120.4717,22.5168],[120.4693,22.5127],[120.4678,22.5108],[120.4668,22.5086],[120.4664,22.5069],[120.4656,22.5067],[120.4655,22.5058],[120.4661,22.5039],[120.4664,22.502],[120.4673,22.4998],[120.4675,22.4971],[120.4665,22.4967],[120.4682,22.4927],[120.4686,22.4894],[120.4679,22.4886],[120.4658,22.4842],[120.4619,22.4794],[120.4548,22.4748],[120.4508,22.4727],[120.4459,22.4715],[120.445,22.4695],[120.444,22.4685],[120.4405,22.4673],[120.438,22.4658],[120.435,22.4646],[120.4331,22.4684],[120.4244,22.4687],[120.4239,22.48],[120.4251,22.4911],[120.4252,22.4941],[120.4257,22.4982],[120.4248,22.5015],[120.4236,22.5065],[120.423,22.511],[120.4228,22.5149],[120.4229,22.5185],[120.4246,22.5244],[120.4251,22.5285],[120.4275,22.5343],[120.4292,22.5386],[120.4307,22.5435],[120.4313,22.5447],[120.4331,22.5459],[120.4351,22.5466],[120.4366,22.5476],[120.4378,22.552],[120.439,22.555],[120.4407,22.5576]]]}},{"type":"Feature","properties":{"name":"屏東縣林邊鄉","county":"屏東縣","town":"林邊鄉"},"geometry":{"type":"Polygon","coordinates":[[[120.5415,22.4631],[120.5396,22.4616],[120.5386,22.4588],[120.5349,22.4519],[120.533,22.4496],[120.5273,22.4496],[120.5258,22.4489],[120.5243,22.4449],[120.5253,22.4441],[120.5272,22.4435],[120.5259,22.441],[120.525,22.43],[120.5235,22.4276],[120.5215,22.4254],[120.5173,22.4219],[120.5133,22.4188],[120.5103,22.4119],[120.5085,22.4121],[120.5054,22.4144],[120.4993,22.4178],[120.4921,22.4216],[120.4901,22.4222],[120.4888,22.423],[120.4806,22.4269],[120.4828,22.431],[120.4833,22.4313],[120.4838,22.433],[120.4847,22.434],[120.4871,22.436],[120.4892,22.4354],[120.4916,22.4342],[120.4921,22.4352],[120.4931,22.4351],[120.4962,22.4362],[120.4976,22.4416],[120.4983,22.4439],[120.5016,22.4482],[120.5034,22.4483],[120.5036,22.4497],[120.5018,22.4497],[120.5012,22.4508],[120.4998,22.4515],[120.4995,22.453],[120.4996,22.4553],[120.499,22.4559],[120.4971,22.4557],[120.4995,22.4602],[120.5017,22.4605],[120.5024,22.46],[120.5048,22.4602],[120.506,22.4607],[120.5082,22.461],[120.5088,22.4588],[120.5118,22.4588],[120.5137,22.4591],[120.514,22.4596],[120.517,22.4596],[120.519,22.4601],[120.5225,22.4606],[120.5265,22.4607],[120.5289,22.461],[120.5288,22.4637],[120.5291,22.4644],[120.5308,22.4648],[120.5342,22.4661],[120.5362,22.4671],[120.5362,22.4685],[120.5415,22.4683],[120.5428,22.4679],[120.5415,22.466],[120.5401,22.4651],[120.5405,22.4647],[120.5405,22.4629],[120.5415,22.4631]]]}},{"type":"Feature","properties":{"name":"屏東縣車城鄉","county":"屏東縣","town":"車城鄉"},"geometry":{"type":"Polygon","coordinates":[[[120.7003,22.1426],[120.7024,22.1424],[120.7038,22.1428],[120.7049,22.1398],[120.707,22.1352],[120.7086,22.1323],[120.7107,22.13],[120.7151,22.1248],[120.7178,22.1232],[120.7184,22.1216],[120.7182,22.119],[120.7175,22.1158],[120.7154,22.1126],[120.7158,22.1114],[120.7186,22.1119],[120.72,22.113],[120.7214,22.113],[120.7224,22.115],[120.7242,22.1159],[120.7259,22.1158],[120.7284,22.1161],[120.7305,22.1168],[120.7322,22.1181],[120.7337,22.1179],[120.736,22.1183],[120.7367,22.1152],[120.7383,22.1116],[120.7381,22.1079],[120.7373,22.1063],[120.7374,22.1048],[120.7368,22.1039],[120.7385,22.1009],[120.7394,22.0996],[120.7411,22.0995],[120.7427,22.0989],[120.7453,22.0969],[120.7453,22.0974],[120.747,22.0985],[120.7486,22.098],[120.7482,22.0991],[120.7489,22.1018],[120.7508,22.1035],[120.7509,22.1049],[120.7523,22.1067],[120.7539,22.108],[120.755,22.1101],[120.7543,22.1126],[120.7559,22.1128],[120.7601,22.1121],[120.7636,22.1108],[120.765,22.1099],[120.7689,22.1086],[120.7708,22.1088],[120.774,22.1076],[120.7762,22.1062],[120.7786,22.1057],[120.7797,22.1058],[120.7805,22.1037],[120.7814,22.104],[120.7834,22.1034],[120.7859,22.1032],[120.7884,22.1018],[120.7901,22.1015],[120.791,22.0999],[120.7929,22.1001],[120.7931,22.0967],[120.7936,22.096],[120.793,22.0932],[120.793,22.0919],[120.7938,22.0905],[120.7936,22.0894],[120.7957,22.0863],[120.7936,22.0845],[120.7939,22.0816],[120.7948,22.0799],[120.7946,22.0784],[120.7948,22.0761],[120.7941,22.0751],[120.7944,22.0728],[120.7955,22.0698],[120.7947,22.0681],[120.794,22.0669],[120.7907,22.0628],[120.7902,22.0612],[120.788,22.0589],[120.7872,22.0575],[120.7859,22.054],[120.7861,22.0527],[120.7845,22.0504],[120.7805,22.0527],[120.7775,22.0532],[120.7765,22.055],[120.7728,22.0549],[120.7711,22.0556],[120.7703,22.0567],[120.7711,22.058],[120.7733,22.0604],[120.7719,22.0605],[120.7699,22.0597],[120.7671,22.0605],[120.7662,22.0612],[120.7643,22.0619],[120.7626,22.0611],[120.76,22.0609],[120.7534,22.0627],[120.7531,22.0606],[120.7527,22.0598],[120.7506,22.0586],[120.7501,22.0575],[120.7504,22.0545],[120.7485,22.0523],[120.7476,22.0503],[120.7464,22.0493],[120.7439,22.0499],[120.7432,22.0496],[120.7437,22.0482],[120.7401,22.0483],[120.7383,22.0477],[120.737,22.0493],[120.7355,22.0505],[120.7343,22.0521],[120.7333,22.0525],[120.7303,22.0514],[120.7274,22.0524],[120.7277,22.0533],[120.7268,22.0538],[120.7246,22.0529],[120.7234,22.0531],[120.7221,22.0542],[120.7201,22.0541],[120.7177,22.0545],[120.7176,22.0535],[120.7187,22.0533],[120.7197,22.0525],[120.7197,22.0513],[120.7188,22.0501],[120.7167,22.0499],[120.7159,22.0506],[120.7144,22.0496],[120.7125,22.0494],[120.7116,22.0475],[120.7096,22.0459],[120.7079,22.0455],[120.7058,22.0443],[120.7057,22.0409],[120.7035,22.0395],[120.7024,22.0378],[120.7015,22.0352],[120.6995,22.0337],[120.6977,22.0336],[120.6947,22.0342],[120.6939,22.0355],[120.6928,22.0358],[120.6927,22.0345],[120.691,22.0322],[120.6906,22.0295],[120.6913,22.0273],[120.6908,22.0257],[120.6923,22.0232],[120.6932,22.0199],[120.6953,22.0164],[120.697,22.0141],[120.6982,22.0117],[120.6984,22.01],[120.6972,22.0098],[120.6944,22.0102],[120.6924,22.0096],[120.6909,22.0129],[120.6889,22.0156],[120.6852,22.0239],[120.6851,22.0254],[120.6863,22.0305],[120.6871,22.0328],[120.6895,22.036],[120.6918,22.0378],[120.6935,22.0398],[120.6938,22.0415],[120.6945,22.0412],[120.6954,22.0419],[120.6962,22.0406],[120.6969,22.041],[120.697,22.0423],[120.6964,22.0431],[120.6949,22.0429],[120.6955,22.0445],[120.6954,22.046],[120.6944,22.0483],[120.6952,22.0506],[120.6976,22.055],[120.6997,22.0561],[120.7022,22.0555],[120.7045,22.056],[120.7053,22.0575],[120.7052,22.0584],[120.706,22.0599],[120.7054,22.0649],[120.7048,22.0679],[120.7057,22.0707],[120.7033,22.0783],[120.7006,22.0801],[120.6993,22.0828],[120.6998,22.0841],[120.7013,22.0861],[120.7027,22.0867],[120.7057,22.0871],[120.7077,22.088],[120.7099,22.0894],[120.7127,22.0908],[120.7145,22.0908],[120.7168,22.0932],[120.7164,22.0952],[120.7156,22.0969],[120.7156,22.0988],[120.7161,22.1004],[120.7154,22.1022],[120.7159,22.1048],[120.7152,22.1065],[120.7125,22.1083],[120.7125,22.1094],[120.7131,22.1115],[120.7118,22.1146],[120.7114,22.1144],[120.7097,22.1159],[120.7106,22.1173],[120.7095,22.1194],[120.7095,22.1215],[120.709,22.1228],[120.7066,22.126],[120.7044,22.1273],[120.7023,22.1298],[120.7019,22.1321],[120.7021,22.1333],[120.7015,22.1341],[120.6985,22.1368],[120.6976,22.1405],[120.698,22.1424],[120.6994,22.142],[120.7003,22.1426]]]}},{"type":"Feature","properties":{"name":"屏東縣滿州鄉","county":"屏東縣","town":"滿州鄉"},"geometry":{"type":"Polygon","coordinates":[[[120.7845,22.0504],[120.7861,22.0527],[120.7859,22.054],[120.7872,22.0575],[120.788,22.0589],[120.7902,22.0612],[120.7907,22.0628],[120.794,22.0669],[120.7947,22.0681],[120.7972,22.0643],[120.7986,22.0634],[120.8001,22.0617],[120.8018,22.0607],[120.8037,22.0609],[120.8048,22.0598],[120.8066,22.0593],[120.8097,22.06],[120.8108,22.0606],[120.8118,22.0619],[120.812,22.0631],[120.8132,22.0633],[120.8144,22.0643],[120.8149,22.0665],[120.8159,22.0687],[120.8169,22.0689],[120.8179,22.0705],[120.8177,22.075],[120.8189,22.0764],[120.8202,22.0755],[120.8218,22.0758],[120.8222,22.0765],[120.8209,22.0796],[120.8206,22.0816],[120.817,22.0851],[120.8166,22.0871],[120.8177,22.0894],[120.8192,22.0899],[120.8207,22.0898],[120.8234,22.0901],[120.8244,22.0922],[120.826,22.0943],[120.8269,22.0966],[120.8273,22.0998],[120.8285,22.1034],[120.8303,22.1049],[120.8319,22.1055],[120.833,22.107],[120.8379,22.1086],[120.8399,22.1097],[120.8419,22.1119],[120.8428,22.114],[120.8454,22.1154],[120.8477,22.1157],[120.8488,22.1162],[120.8496,22.1173],[120.8505,22.1178],[120.8534,22.1204],[120.8552,22.1232],[120.8541,22.1251],[120.8542,22.1258],[120.8558,22.1274],[120.8559,22.1293],[120.8566,22.1303],[120.8551,22.1318],[120.855,22.1341],[120.8546,22.135],[120.8535,22.1356],[120.8531,22.1375],[120.8509,22.1393],[120.8488,22.1419],[120.8488,22.143],[120.8502,22.1445],[120.8518,22.1453],[120.8524,22.1447],[120.8539,22.1452],[120.8579,22.1446],[120.8586,22.1436],[120.8599,22.143],[120.8642,22.1422],[120.8661,22.1406],[120.8692,22.1408],[120.8698,22.1428],[120.8691,22.144],[120.87,22.1449],[120.872,22.1449],[120.8732,22.1444],[120.8738,22.1416],[120.8763,22.142],[120.8783,22.1403],[120.8804,22.1401],[120.8812,22.1394],[120.8823,22.1397],[120.8842,22.1386],[120.8864,22.1399],[120.887,22.1411],[120.8884,22.141],[120.891,22.1418],[120.893,22.1417],[120.8944,22.1423],[120.897,22.1441],[120.8965,22.1408],[120.8915,22.1355],[120.8911,22.1346],[120.8892,22.1336],[120.8879,22.1333],[120.8867,22.1297],[120.8866,22.1286],[120.8872,22.1255],[120.8875,22.1227],[120.8884,22.1222],[120.8881,22.1206],[120.8886,22.119],[120.8907,22.1149],[120.8908,22.1134],[120.8917,22.1129],[120.8919,22.1111],[120.8925,22.1098],[120.8981,22.1068],[120.9007,22.1059],[120.901,22.105],[120.9019,22.1056],[120.9019,22.1043],[120.9,22.1035],[120.8988,22.101],[120.8982,22.0981],[120.8986,22.0941],[120.8941,22.0886],[120.8937,22.0834],[120.8941,22.0809],[120.8936,22.0798],[120.8936,22.0759],[120.8932,22.0748],[120.8933,22.0726],[120.893,22.068],[120.8939,22.0615],[120.8942,22.056],[120.8937,22.0539],[120.8937,22.0497],[120.8939,22.0483],[120.8951,22.0468],[120.8964,22.0431],[120.8993,22.0369],[120.9012,22.0344],[120.9011,22.0333],[120.9002,22.0326],[120.8966,22.0309],[120.8927,22.0284],[120.8892,22.0258],[120.8884,22.0226],[120.8872,22.0204],[120.8873,22.0177],[120.8871,22.0165],[120.8837,22.0132],[120.8788,22.0113],[120.8782,22.0107],[120.8792,22.0072],[120.879,22.0045],[120.8775,22.0015],[120.8758,21.9988],[120.8704,21.9962],[120.8694,21.996],[120.8673,21.995],[120.8649,21.993],[120.8637,21.9924],[120.8616,21.9908],[120.8596,21.9905],[120.8588,21.9899],[120.8566,21.9895],[120.8558,21.989],[120.8516,21.9891],[120.8485,21.9882],[120.8467,21.9871],[120.8461,21.9862],[120.8442,21.9802],[120.8442,21.9793],[120.843,21.9782],[120.8423,21.9783],[120.8391,21.9752],[120.8383,21.9753],[120.8361,21.9732],[120.8344,21.9708],[120.833,21.9706],[120.8307,21.9711],[120.8286,21.9704],[120.8276,21.9706],[120.8256,21.9725],[120.8244,21.9749],[120.8237,21.9749],[120.8212,21.974],[120.8186,21.9739],[120.8175,21.9764],[120.8164,21.9776],[120.8153,21.9781],[120.8147,21.9805],[120.8137,21.9802],[120.8115,21.9813],[120.8101,21.9807],[120.8091,21.9808],[120.8049,21.98],[120.803,21.9806],[120.8016,21.9803],[120.7977,21.9815],[120.7932,21.9822],[120.7912,21.981],[120.7903,21.9797],[120.7879,21.9808],[120.7856,21.9804],[120.7844,21.9799],[120.7813,21.9803],[120.7779,21.9796],[120.7764,21.9799],[120.7757,21.9792],[120.7707,21.9794],[120.7702,21.9808],[120.7703,21.9842],[120.7707,21.9858],[120.7734,21.9863],[120.775,21.9882],[120.7753,21.9893],[120.7763,21.99],[120.7796,21.99],[120.7809,21.9919],[120.7809,21.9934],[120.7822,21.9943],[120.7825,21.9961],[120.7837,21.9972],[120.7867,21.9984],[120.7855,22.0006],[120.7856,22.0036],[120.7853,22.0044],[120.7859,22.0052],[120.7853,22.0095],[120.7845,22.0106],[120.783,22.0115],[120.7826,22.0127],[120.7813,22.0144],[120.7794,22.0148],[120.7776,22.0141],[120.7768,22.017],[120.7737,22.0201],[120.7726,22.0231],[120.7727,22.024],[120.7746,22.025],[120.776,22.0246],[120.7769,22.0238],[120.7784,22.025],[120.7803,22.0251],[120.7816,22.0256],[120.7825,22.0248],[120.7839,22.0245],[120.7854,22.0255],[120.7858,22.028],[120.7855,22.0292],[120.7862,22.0306],[120.7885,22.0313],[120.7924,22.0359],[120.7934,22.0377],[120.7919,22.039],[120.7921,22.0416],[120.7907,22.0443],[120.7892,22.0459],[120.7871,22.0467],[120.7862,22.0466],[120.7841,22.0481],[120.7845,22.0504]]]}},{"type":"Feature","properties":{"name":"屏東縣枋山鄉","county":"屏東縣","town":"枋山鄉"},"geometry":{"type":"Polygon","coordinates":[[[120.6402,22.3552],[120.6413,22.3553],[120.6408,22.353],[120.6414,22.3519],[120.6405,22.3512],[120.6391,22.3515],[120.6364,22.3514],[120.635,22.3517],[120.6344,22.351],[120.6305,22.3482],[120.6285,22.3477],[120.625,22.3456],[120.6246,22.3444],[120.6252,22.3437],[120.6276,22.3435],[120.6272,22.3426],[120.628,22.3417],[120.6292,22.3425],[120.6303,22.3409],[120.629,22.34],[120.6304,22.335],[120.6319,22.3316],[120.6325,22.3317],[120.6326,22.33],[120.6334,22.3288],[120.6337,22.3253],[120.6352,22.3235],[120.6364,22.3213],[120.6367,22.3195],[120.6362,22.3179],[120.6376,22.3154],[120.6379,22.3143],[120.6392,22.3128],[120.6394,22.3119],[120.6413,22.3092],[120.642,22.3091],[120.6435,22.3102],[120.6458,22.3107],[120.648,22.3102],[120.6484,22.3096],[120.648,22.3082],[120.6465,22.3077],[120.6465,22.3067],[120.6456,22.3054],[120.6447,22.3049],[120.6454,22.3032],[120.6451,22.3023],[120.6453,22.298],[120.6457,22.2976],[120.6459,22.2956],[120.6453,22.2949],[120.6455,22.2909],[120.6454,22.2895],[120.6448,22.2893],[120.6459,22.2855],[120.6468,22.2845],[120.6484,22.2813],[120.6492,22.279],[120.6498,22.2758],[120.6508,22.2725],[120.6531,22.2683],[120.6533,22.266],[120.6566,22.2658],[120.6571,22.2653],[120.6597,22.2667],[120.6623,22.266],[120.6619,22.2628],[120.6643,22.2631],[120.6659,22.2644],[120.6684,22.264],[120.6704,22.2641],[120.6721,22.2635],[120.6733,22.2621],[120.674,22.2607],[120.6724,22.2605],[120.6698,22.2617],[120.6686,22.2616],[120.6637,22.2589],[120.662,22.259],[120.661,22.258],[120.663,22.2557],[120.6639,22.2537],[120.6654,22.2516],[120.6654,22.2504],[120.6684,22.2463],[120.6684,22.2456],[120.6696,22.2443],[120.6705,22.244],[120.6705,22.2421],[120.6712,22.2396],[120.67,22.2378],[120.6726,22.2344],[120.6746,22.2302],[120.6758,22.2292],[120.6772,22.2291],[120.6788,22.228],[120.6768,22.2281],[120.6757,22.227],[120.6762,22.2257],[120.6783,22.2244],[120.6777,22.2221],[120.6789,22.2192],[120.6818,22.2162],[120.6828,22.2159],[120.6847,22.2132],[120.6873,22.211],[120.6885,22.2095],[120.6894,22.2078],[120.6907,22.207],[120.6927,22.2067],[120.6936,22.2071],[120.6946,22.2087],[120.6961,22.21],[120.6974,22.21],[120.7016,22.211],[120.7024,22.2109],[120.7055,22.2118],[120.707,22.2132],[120.7099,22.2129],[120.7128,22.2113],[120.7141,22.2098],[120.7149,22.2094],[120.7171,22.2074],[120.7143,22.2076],[120.7133,22.2071],[120.7123,22.2074],[120.7096,22.207],[120.7088,22.2064],[120.7066,22.2062],[120.7063,22.2051],[120.7039,22.2038],[120.7023,22.2041],[120.7034,22.2021],[120.7054,22.2009],[120.7043,22.1994],[120.7026,22.1991],[120.7006,22.2],[120.7009,22.2014],[120.6995,22.2022],[120.6953,22.1977],[120.6956,22.1966],[120.6951,22.1959],[120.697,22.1942],[120.6971,22.1936],[120.6952,22.1925],[120.696,22.1921],[120.6967,22.1908],[120.6962,22.1896],[120.695,22.1884],[120.6939,22.1862],[120.6946,22.1845],[120.6946,22.1835],[120.6928,22.1814],[120.6942,22.1786],[120.6948,22.176],[120.6954,22.1749],[120.6954,22.1734],[120.6947,22.1711],[120.6965,22.1683],[120.6965,22.1669],[120.6971,22.1665],[120.6977,22.1629],[120.6982,22.1626],[120.6989,22.1585],[120.7001,22.1574],[120.6994,22.1564],[120.6999,22.1544],[120.7008,22.1532],[120.7008,22.1511],[120.7019,22.1505],[120.7011,22.1498],[120.7014,22.1461],[120.7001,22.1437],[120.7003,22.1426],[120.6994,22.142],[120.698,22.1424],[120.6981,22.1441],[120.6998,22.1469],[120.7,22.1483],[120.6995,22.1501],[120.6982,22.1524],[120.6961,22.1542],[120.6957,22.1556],[120.6946,22.1574],[120.6947,22.1585],[120.696,22.1597],[120.6955,22.1665],[120.6939,22.1674],[120.6937,22.1686],[120.6942,22.1693],[120.6938,22.1725],[120.6932,22.1736],[120.6911,22.1751],[120.6911,22.1765],[120.6916,22.1776],[120.6911,22.1814],[120.69,22.1836],[120.69,22.1853],[120.689,22.188],[120.6856,22.1925],[120.6846,22.1949],[120.6838,22.1984],[120.6843,22.2004],[120.6858,22.2032],[120.6854,22.2081],[120.6849,22.2103],[120.6822,22.2144],[120.6804,22.2153],[120.6804,22.2168],[120.6785,22.2185],[120.6767,22.2223],[120.6755,22.2232],[120.674,22.2232],[120.6725,22.2253],[120.6722,22.2269],[120.6731,22.2289],[120.6738,22.2292],[120.6729,22.2303],[120.672,22.2332],[120.6705,22.2344],[120.6699,22.2355],[120.6676,22.2366],[120.6673,22.2376],[120.6653,22.2395],[120.664,22.2393],[120.6606,22.2416],[120.6579,22.2429],[120.6579,22.2471],[120.6528,22.251],[120.651,22.2513],[120.6504,22.2518],[120.6493,22.2557],[120.6496,22.2582],[120.6506,22.2623],[120.6521,22.2657],[120.6521,22.2682],[120.6489,22.2755],[120.648,22.2801],[120.6441,22.2876],[120.6439,22.29],[120.6427,22.2911],[120.6431,22.2942],[120.6428,22.2984],[120.6427,22.3016],[120.6404,22.3058],[120.6375,22.309],[120.6362,22.3128],[120.6305,22.3191],[120.6255,22.3239],[120.6203,22.3285],[120.6166,22.3315],[120.6104,22.3361],[120.6073,22.3393],[120.6066,22.3394],[120.6054,22.3407],[120.6064,22.3406],[120.6085,22.342],[120.6107,22.3428],[120.6121,22.3458],[120.6153,22.3484],[120.6179,22.3494],[120.6182,22.3506],[120.6204,22.3515],[120.6236,22.3522],[120.6251,22.3536],[120.6296,22.3544],[120.6311,22.3545],[120.6341,22.3559],[120.6351,22.3566],[120.6361,22.3561],[120.6402,22.3552]]]}},{"type":"Feature","properties":{"name":"屏東縣牡丹鄉","county":"屏東縣","town":"牡丹鄉"},"geometry":{"type":"Polygon","coordinates":[[[120.736,22.1183],[120.7366,22.1206],[120.7359,22.125],[120.7353,22.1258],[120.7354,22.1275],[120.735,22.1297],[120.7354,22.1314],[120.7355,22.1349],[120.7364,22.1378],[120.7374,22.1399],[120.7363,22.1419],[120.7374,22.1452],[120.7372,22.1471],[120.7382,22.1481],[120.738,22.1514],[120.7372,22.1523],[120.7371,22.1544],[120.7374,22.1564],[120.7365,22.1577],[120.7344,22.1593],[120.7341,22.1617],[120.7329,22.1637],[120.7337,22.1645],[120.735,22.1677],[120.735,22.1686],[120.734,22.1697],[120.7326,22.1743],[120.7344,22.1758],[120.7367,22.1763],[120.7383,22.1751],[120.7395,22.175],[120.744,22.1762],[120.7449,22.1772],[120.7505,22.178],[120.7521,22.1773],[120.7556,22.1766],[120.7579,22.1782],[120.7589,22.1783],[120.7614,22.1808],[120.7653,22.183],[120.7661,22.1839],[120.7674,22.1843],[120.7694,22.1869],[120.7716,22.188],[120.7734,22.1896],[120.7773,22.1913],[120.7786,22.1923],[120.7794,22.1938],[120.7807,22.1943],[120.7816,22.1939],[120.7841,22.1955],[120.7871,22.1961],[120.7885,22.1956],[120.7902,22.1958],[120.7916,22.1971],[120.7929,22.1977],[120.7956,22.1976],[120.797,22.1978],[120.7989,22.1996],[120.7991,22.2007],[120.8005,22.2016],[120.8018,22.203],[120.8018,22.2044],[120.8028,22.2048],[120.804,22.2046],[120.8047,22.2038],[120.8068,22.2037],[120.8077,22.2041],[120.8096,22.2037],[120.8113,22.2037],[120.8135,22.2047],[120.8151,22.2065],[120.8151,22.2079],[120.8163,22.2082],[120.8181,22.2073],[120.8186,22.2078],[120.8199,22.2072],[120.8218,22.2076],[120.8229,22.2069],[120.8241,22.2069],[120.8244,22.2076],[120.8268,22.2092],[120.8283,22.2089],[120.8309,22.2099],[120.8325,22.2114],[120.8336,22.211],[120.8347,22.212],[120.838,22.2124],[120.838,22.2135],[120.8434,22.2136],[120.8441,22.2132],[120.8467,22.213],[120.8485,22.2132],[120.8497,22.2119],[120.853,22.2109],[120.8563,22.2106],[120.858,22.2113],[120.8608,22.2097],[120.8637,22.2105],[120.8636,22.2112],[120.8662,22.2113],[120.8669,22.2127],[120.8665,22.214],[120.8671,22.2156],[120.8669,22.2167],[120.8652,22.218],[120.8662,22.2202],[120.8674,22.2203],[120.8678,22.2209],[120.8674,22.2231],[120.8669,22.2234],[120.8667,22.2251],[120.8677,22.2262],[120.8672,22.2265],[120.867,22.2283],[120.8664,22.2298],[120.8675,22.23],[120.8686,22.2313],[120.8708,22.2314],[120.8715,22.2319],[120.8715,22.2329],[120.874,22.2336],[120.8747,22.2342],[120.8759,22.2342],[120.8765,22.2348],[120.8795,22.2352],[120.8809,22.235],[120.8825,22.2374],[120.8829,22.239],[120.884,22.2406],[120.8859,22.242],[120.8876,22.2424],[120.8887,22.2433],[120.8914,22.2443],[120.8923,22.2455],[120.8963,22.2465],[120.897,22.2416],[120.8978,22.2387],[120.8983,22.2379],[120.8988,22.2347],[120.8992,22.2339],[120.8986,22.2328],[120.8989,22.2298],[120.8965,22.2285],[120.8947,22.2237],[120.8948,22.2218],[120.8942,22.2206],[120.8944,22.2171],[120.8942,22.2165],[120.8951,22.2121],[120.8961,22.2056],[120.8965,22.205],[120.8964,22.2035],[120.8956,22.2024],[120.895,22.2003],[120.8936,22.1984],[120.8937,22.1979],[120.8918,22.197],[120.8907,22.1953],[120.8908,22.1935],[120.8916,22.1873],[120.8924,22.1854],[120.892,22.1841],[120.8923,22.1815],[120.893,22.1792],[120.8939,22.1774],[120.8936,22.1769],[120.8938,22.174],[120.8942,22.1726],[120.8941,22.1708],[120.8936,22.17],[120.8938,22.1686],[120.8923,22.164],[120.8921,22.1624],[120.8934,22.1604],[120.894,22.1558],[120.8935,22.1534],[120.8926,22.1503],[120.8937,22.1488],[120.8951,22.1462],[120.897,22.1441],[120.8944,22.1423],[120.893,22.1417],[120.891,22.1418],[120.8884,22.141],[120.887,22.1411],[120.8864,22.1399],[120.8842,22.1386],[120.8823,22.1397],[120.8812,22.1394],[120.8804,22.1401],[120.8783,22.1403],[120.8763,22.142],[120.8738,22.1416],[120.8732,22.1444],[120.872,22.1449],[120.87,22.1449],[120.8691,22.144],[120.8698,22.1428],[120.8692,22.1408],[120.8661,22.1406],[120.8642,22.1422],[120.8599,22.143],[120.8586,22.1436],[120.8579,22.1446],[120.8539,22.1452],[120.8524,22.1447],[120.8518,22.1453],[120.8502,22.1445],[120.8488,22.143],[120.8488,22.1419],[120.8509,22.1393],[120.8531,22.1375],[120.8535,22.1356],[120.8546,22.135],[120.855,22.1341],[120.8551,22.1318],[120.8566,22.1303],[120.8559,22.1293],[120.8558,22.1274],[120.8542,22.1258],[120.8541,22.1251],[120.8552,22.1232],[120.8534,22.1204],[120.8505,22.1178],[120.8496,22.1173],[120.8488,22.1162],[120.8477,22.1157],[120.8454,22.1154],[120.8428,22.114],[120.8419,22.1119],[120.8399,22.1097],[120.8379,22.1086],[120.833,22.107],[120.8319,22.1055],[120.8303,22.1049],[120.8285,22.1034],[120.8273,22.0998],[120.8269,22.0966],[120.826,22.0943],[120.8244,22.0922],[120.8234,22.0901],[120.8207,22.0898],[120.8192,22.0899],[120.8177,22.0894],[120.8166,22.0871],[120.817,22.0851],[120.8206,22.0816],[120.8209,22.0796],[120.8222,22.0765],[120.8218,22.0758],[120.8202,22.0755],[120.8189,22.0764],[120.8177,22.075],[120.8179,22.0705],[120.8169,22.0689],[120.8159,22.0687],[120.8149,22.0665],[120.8144,22.0643],[120.8132,22.0633],[120.812,22.0631],[120.8118,22.0619],[120.8108,22.0606],[120.8097,22.06],[120.8066,22.0593],[120.8048,22.0598],[120.8037,22.0609],[120.8018,22.0607],[120.8001,22.0617],[120.7986,22.0634],[120.7972,22.0643],[120.7947,22.0681],[120.7955,22.0698],[120.7944,22.0728],[120.7941,22.0751],[120.7948,22.0761],[120.7946,22.0784],[120.7948,22.0799],[120.7939,22.0816],[120.7936,22.0845],[120.7957,22.0863],[120.7936,22.0894],[120.7938,22.0905],[120.793,22.0919],[120.793,22.0932],[120.7936,22.096],[120.7931,22.0967],[120.7929,22.1001],[120.791,22.0999],[120.7901,22.1015],[120.7884,22.1018],[120.7859,22.1032],[120.7834,22.1034],[120.7814,22.104],[120.7805,22.1037],[120.7797,22.1058],[120.7786,22.1057],[120.7762,22.1062],[120.774,22.1076],[120.7708,22.1088],[120.7689,22.1086],[120.765,22.1099],[120.7636,22.1108],[120.7601,22.1121],[120.7559,22.1128],[120.7543,22.1126],[120.755,22.1101],[120.7539,22.108],[120.7523,22.1067],[120.7509,22.1049],[120.7508,22.1035],[120.7489,22.1018],[120.7482,22.0991],[120.7486,22.098],[120.747,22.0985],[120.7453,22.0974],[120.7453,22.0969],[120.7427,22.0989],[120.7411,22.0995],[120.7394,22.0996],[120.7385,22.1009],[120.7368,22.1039],[120.7374,22.1048],[120.7373,22.1063],[120.7381,22.1079],[120.7383,22.1116],[120.7367,22.1152],[120.736,22.1183]]]}},{"type":"Feature","properties":{"name":"楠梓區","county":"高雄市","town":"楠梓區"},"geometry":{"type":"Polygon","coordinates":[[[120.3311,22.7551],[120.3318,22.753],[120.3329,22.752],[120.3344,22.7524],[120.3348,22.7495],[120.3361,22.7491],[120.3357,22.7458],[120.3381,22.7452],[120.3385,22.7444],[120.3407,22.7438],[120.3372,22.7401],[120.3375,22.7389],[120.3402,22.7384],[120.3396,22.7355],[120.3392,22.7356],[120.3386,22.7337],[120.3394,22.7331],[120.3402,22.7319],[120.3404,22.7302],[120.3363,22.7276],[120.3355,22.7276],[120.3344,22.7256],[120.3341,22.7239],[120.3376,22.7212],[120.3359,22.7221],[120.3345,22.7225],[120.332,22.7215],[120.3331,22.72],[120.3301,22.7181],[120.3287,22.7193],[120.3243,22.7177],[120.3258,22.7168],[120.3279,22.7141],[120.3295,22.7111],[120.3289,22.7093],[120.3264,22.7098],[120.3258,22.7084],[120.3276,22.7061],[120.3296,22.7046],[120.3286,22.704],[120.3235,22.7056],[120.3219,22.7025],[120.321,22.7014],[120.3172,22.6982],[120.3149,22.6959],[120.3119,22.6994],[120.3081,22.6952],[120.3041,22.6975],[120.3044,22.698],[120.3026,22.699],[120.3025,22.7008],[120.2977,22.7007],[120.2963,22.7041],[120.2948,22.7053],[120.2999,22.707],[120.2999,22.7078],[120.2978,22.7087],[120.2968,22.7095],[120.2935,22.7064],[120.2928,22.7065],[120.2925,22.7052],[120.2821,22.7049],[120.2713,22.7049],[120.2688,22.7055],[120.2684,22.7069],[120.2676,22.7067],[120.2678,22.7052],[120.2664,22.7062],[120.2657,22.7036],[120.2645,22.7027],[120.2633,22.7005],[120.263,22.6987],[120.2634,22.6967],[120.2602,22.6947],[120.2581,22.6936],[120.2581,22.6956],[120.2601,22.6965],[120.261,22.6963],[120.2622,22.6982],[120.2616,22.7015],[120.2587,22.7088],[120.2568,22.7124],[120.2571,22.7143],[120.2558,22.7141],[120.2568,22.7149],[120.2563,22.7185],[120.2569,22.7196],[120.2598,22.7231],[120.262,22.7255],[120.2635,22.7279],[120.266,22.7299],[120.267,22.7297],[120.2694,22.7317],[120.2709,22.7305],[120.2715,22.7308],[120.2752,22.7317],[120.2749,22.7336],[120.2762,22.7338],[120.2776,22.7379],[120.285,22.7358],[120.2857,22.7377],[120.2898,22.7367],[120.2913,22.7372],[120.2928,22.7363],[120.2923,22.7353],[120.2938,22.7346],[120.2935,22.7337],[120.295,22.7328],[120.2959,22.7306],[120.2952,22.7294],[120.2965,22.7284],[120.2974,22.73],[120.2992,22.7321],[120.3,22.7316],[120.3001,22.7297],[120.3016,22.7291],[120.3038,22.7304],[120.3053,22.7293],[120.3077,22.7299],[120.3102,22.7298],[120.3113,22.7307],[120.3112,22.7318],[120.3099,22.7331],[120.3099,22.7343],[120.3082,22.7362],[120.3126,22.7355],[120.3149,22.7367],[120.316,22.7369],[120.3173,22.7354],[120.3201,22.7346],[120.3222,22.7346],[120.3223,22.7339],[120.3247,22.7362],[120.3257,22.7359],[120.323,22.7396],[120.3258,22.7417],[120.3231,22.7444],[120.3247,22.7464],[120.3266,22.7482],[120.3252,22.7496],[120.3261,22.7523],[120.3248,22.7536],[120.325,22.756],[120.3268,22.756],[120.3273,22.7549],[120.3306,22.7553],[120.3311,22.7551]]]}},{"type":"Feature","properties":{"name":"鳳山區","county":"高雄市","town":"鳳山區"},"geometry":{"type":"Polygon","coordinates":[[[120.3702,22.5879],[120.3702,22.5877],[120.3697,22.5871],[120.3692,22.5869],[120.3688,22.5868],[120.3685,22.5868],[120.3681,22.5869],[120.3657,22.5865],[120.3653,22.5865],[120.3648,22.5866],[120.3646,22.5864],[120.3643,22.5861],[120.3639,22.586],[120.3634,22.5852],[120.3632,22.5851],[120.3628,22.5851],[120.3613,22.5849],[120.358,22.585],[120.3569,22.585],[120.3546,22.585],[120.3528,22.5853],[120.3517,22.5854],[120.35,22.5855],[120.3492,22.585],[120.3488,22.5848],[120.3484,22.5847],[120.3476,22.5846],[120.3471,22.5845],[120.3467,22.5843],[120.3463,22.5842],[120.3459,22.5841],[120.3454,22.584],[120.3446,22.584],[120.3442,22.584],[120.3427,22.5835],[120.3406,22.5841],[120.34,22.5845],[120.3393,22.5845],[120.3385,22.5869],[120.3372,22.5889],[120.3352,22.5906],[120.3341,22.5895],[120.3346,22.5873],[120.3343,22.5864],[120.3312,22.5859],[120.33,22.5867],[120.328,22.5856],[120.3265,22.5857],[120.3257,22.5851],[120.3241,22.585],[120.323,22.5861],[120.3247,22.5862],[120.3232,22.5891],[120.3218,22.5905],[120.3205,22.5911],[120.3223,22.592],[120.3229,22.5964],[120.3298,22.601],[120.3304,22.6003],[120.3383,22.6055],[120.3391,22.6063],[120.3379,22.6068],[120.3374,22.6102],[120.3367,22.6099],[120.3328,22.61],[120.3326,22.6127],[120.327,22.6124],[120.3274,22.6142],[120.3268,22.6166],[120.328,22.6166],[120.3279,22.6177],[120.3345,22.6185],[120.3349,22.6161],[120.3372,22.6163],[120.339,22.618],[120.3395,22.6177],[120.3407,22.6191],[120.3382,22.6206],[120.3396,22.6225],[120.34,22.6242],[120.3448,22.625],[120.3455,22.6266],[120.344,22.6273],[120.3443,22.628],[120.3431,22.6281],[120.3399,22.6291],[120.3393,22.6295],[120.3417,22.6299],[120.3419,22.6309],[120.3431,22.6309],[120.3435,22.6331],[120.3452,22.6332],[120.3447,22.6338],[120.345,22.6368],[120.3459,22.6375],[120.3502,22.6388],[120.3497,22.6397],[120.3459,22.6417],[120.3485,22.6466],[120.3472,22.6473],[120.3479,22.6477],[120.3501,22.6478],[120.3513,22.6466],[120.3527,22.6474],[120.3548,22.6459],[120.3568,22.6437],[120.3581,22.642],[120.359,22.646],[120.3584,22.647],[120.3591,22.6475],[120.3619,22.6464],[120.3623,22.6457],[120.3649,22.6442],[120.3653,22.6453],[120.3671,22.6454],[120.3691,22.6466],[120.3686,22.648],[120.371,22.6487],[120.3721,22.6466],[120.3746,22.6475],[120.3759,22.6444],[120.3751,22.6437],[120.3778,22.6377],[120.3786,22.636],[120.3808,22.6317],[120.382,22.6299],[120.3839,22.6287],[120.3861,22.6295],[120.3876,22.6265],[120.3875,22.6261],[120.3845,22.6247],[120.3813,22.6238],[120.3807,22.6228],[120.3784,22.6227],[120.3782,22.6212],[120.3788,22.619],[120.3796,22.6185],[120.3797,22.6172],[120.3785,22.6149],[120.3785,22.6135],[120.3776,22.6109],[120.3773,22.6081],[120.3768,22.6073],[120.375,22.6063],[120.3737,22.6067],[120.3728,22.6058],[120.3712,22.6024],[120.3718,22.5998],[120.3716,22.598],[120.3708,22.5971],[120.3705,22.5956],[120.37,22.5957],[120.3684,22.5938],[120.3702,22.591],[120.3691,22.589],[120.3702,22.5879]]]}},{"type":"Feature","properties":{"name":"大寮區","county":"高雄市","town":"大寮區"},"geometry":{"type":"Polygon","coordinates":[[[120.4353,22.6288],[120.4337,22.6246],[120.4335,22.6209],[120.4337,22.6176],[120.4346,22.6134],[120.4366,22.6089],[120.4375,22.6073],[120.439,22.6058],[120.4406,22.605],[120.4427,22.6033],[120.4449,22.6007],[120.4458,22.5988],[120.4466,22.5945],[120.447,22.5895],[120.447,22.5862],[120.4456,22.5792],[120.4449,22.5732],[120.4441,22.5688],[120.4434,22.5671],[120.4427,22.5623],[120.442,22.5601],[120.4407,22.5576],[120.439,22.555],[120.4378,22.552],[120.4366,22.5476],[120.4351,22.5466],[120.4331,22.5459],[120.4313,22.5447],[120.4307,22.5435],[120.4292,22.5386],[120.4275,22.5343],[120.4182,22.5339],[120.4169,22.5331],[120.4141,22.5333],[120.4136,22.5325],[120.4097,22.5328],[120.4071,22.5338],[120.4068,22.5336],[120.4033,22.5338],[120.4033,22.5355],[120.4012,22.5364],[120.4014,22.5368],[120.3995,22.5376],[120.3985,22.5372],[120.3969,22.5379],[120.3952,22.5374],[120.394,22.5365],[120.3925,22.5374],[120.3925,22.5375],[120.3925,22.5377],[120.3925,22.5381],[120.3925,22.5384],[120.3932,22.5391],[120.3941,22.5402],[120.3943,22.5407],[120.3943,22.5409],[120.3944,22.5416],[120.3945,22.542],[120.3947,22.5423],[120.3957,22.5428],[120.396,22.5431],[120.3973,22.5456],[120.3975,22.5459],[120.3976,22.5464],[120.3976,22.5466],[120.3977,22.547],[120.3983,22.5482],[120.3985,22.5484],[120.3987,22.5488],[120.3989,22.5491],[120.3987,22.5494],[120.3985,22.5499],[120.3984,22.5501],[120.3982,22.5504],[120.3979,22.5505],[120.3974,22.5508],[120.3972,22.5513],[120.3972,22.5515],[120.3971,22.552],[120.3972,22.5525],[120.3974,22.5527],[120.3973,22.5529],[120.397,22.5531],[120.3968,22.5532],[120.3966,22.5534],[120.3964,22.5545],[120.396,22.555],[120.3958,22.5558],[120.3948,22.5556],[120.3945,22.5555],[120.3943,22.5557],[120.3943,22.5562],[120.3946,22.5564],[120.395,22.5561],[120.3953,22.5565],[120.3952,22.5567],[120.3949,22.5569],[120.3946,22.5572],[120.3943,22.5586],[120.3941,22.559],[120.3941,22.559],[120.394,22.5592],[120.3939,22.5594],[120.3941,22.5602],[120.3945,22.5602],[120.3949,22.56],[120.3955,22.5605],[120.3951,22.5608],[120.3948,22.561],[120.3946,22.5614],[120.3946,22.5619],[120.3949,22.563],[120.3951,22.5635],[120.3939,22.5639],[120.3937,22.5641],[120.3936,22.5642],[120.3935,22.5645],[120.3937,22.5652],[120.394,22.5655],[120.3938,22.5667],[120.3936,22.5669],[120.3932,22.5664],[120.3929,22.5664],[120.3927,22.5665],[120.3924,22.5667],[120.3922,22.5669],[120.3922,22.5673],[120.3918,22.5674],[120.3917,22.5671],[120.3917,22.5671],[120.3914,22.5671],[120.391,22.5668],[120.3911,22.5666],[120.3915,22.5667],[120.3917,22.5668],[120.392,22.5664],[120.3919,22.5663],[120.3927,22.5658],[120.3928,22.5659],[120.393,22.566],[120.3926,22.5652],[120.3921,22.5653],[120.3919,22.5652],[120.3919,22.5651],[120.3917,22.565],[120.3914,22.5651],[120.3913,22.5652],[120.3899,22.5665],[120.3899,22.5667],[120.3901,22.5672],[120.39,22.5673],[120.3899,22.5672],[120.3898,22.5668],[120.3894,22.5669],[120.3893,22.5671],[120.3893,22.5675],[120.389,22.5686],[120.3881,22.5687],[120.3879,22.5687],[120.3875,22.5684],[120.3871,22.5684],[120.3867,22.5688],[120.3862,22.5691],[120.386,22.5694],[120.3857,22.5698],[120.3851,22.5715],[120.3855,22.572],[120.3856,22.5723],[120.3862,22.5727],[120.3863,22.573],[120.3863,22.5736],[120.3861,22.5744],[120.3861,22.5747],[120.386,22.575],[120.3858,22.5753],[120.3858,22.5756],[120.3858,22.5759],[120.3858,22.5764],[120.3856,22.5771],[120.3856,22.5772],[120.3855,22.5774],[120.3853,22.5775],[120.385,22.5774],[120.3845,22.5776],[120.3825,22.5789],[120.3814,22.5802],[120.3814,22.5804],[120.3806,22.5816],[120.3804,22.5819],[120.3801,22.5824],[120.3789,22.5824],[120.3785,22.5822],[120.3778,22.5817],[120.3774,22.5818],[120.3767,22.5819],[120.3753,22.5826],[120.3749,22.5824],[120.3748,22.5823],[120.3744,22.5821],[120.3733,22.5828],[120.373,22.5831],[120.3732,22.5837],[120.3735,22.5854],[120.3727,22.5859],[120.3725,22.5862],[120.3707,22.587],[120.3707,22.5875],[120.371,22.5876],[120.3707,22.5877],[120.3705,22.5878],[120.3702,22.5879],[120.3702,22.5879],[120.3691,22.589],[120.3702,22.591],[120.3684,22.5938],[120.37,22.5957],[120.3705,22.5956],[120.3708,22.5971],[120.3716,22.598],[120.3718,22.5998],[120.3712,22.6024],[120.3728,22.6058],[120.3737,22.6067],[120.375,22.6063],[120.3768,22.6073],[120.3773,22.6081],[120.3776,22.6109],[120.3785,22.6135],[120.3785,22.6149],[120.3797,22.6172],[120.3796,22.6185],[120.3788,22.619],[120.3782,22.6212],[120.3784,22.6227],[120.3807,22.6228],[120.3813,22.6238],[120.3845,22.6247],[120.3875,22.6261],[120.3876,22.6265],[120.3861,22.6295],[120.3839,22.6287],[120.382,22.6299],[120.3808,22.6317],[120.3786,22.636],[120.3778,22.6377],[120.3782,22.6386],[120.3813,22.6393],[120.3845,22.642],[120.3853,22.6415],[120.3864,22.6421],[120.3883,22.6422],[120.3901,22.6436],[120.3924,22.6432],[120.3934,22.6439],[120.3949,22.644],[120.3958,22.6446],[120.3984,22.6445],[120.4014,22.643],[120.4048,22.6433],[120.4069,22.644],[120.4104,22.6432],[120.4121,22.643],[120.416,22.6431],[120.4186,22.6451],[120.4204,22.6453],[120.4218,22.646],[120.4234,22.6476],[120.4244,22.6478],[120.426,22.6492],[120.4301,22.6495],[120.4361,22.6517],[120.4362,22.6481],[120.4353,22.6403],[120.4354,22.6338],[120.4359,22.6317],[120.4353,22.6288]]]}},{"type":"Feature","properties":{"name":"大樹區","county":"高雄市","town":"大樹區"},"geometry":{"type":"Polygon","coordinates":[[[120.4481,22.6894],[120.4475,22.6883],[120.4448,22.6864],[120.4426,22.6846],[120.4397,22.6786],[120.4402,22.6746],[120.44,22.673],[120.4379,22.6671],[120.4366,22.665],[120.4361,22.6613],[120.4359,22.656],[120.4361,22.6517],[120.4301,22.6495],[120.426,22.6492],[120.4244,22.6478],[120.4234,22.6476],[120.4218,22.646],[120.4204,22.6453],[120.4186,22.6451],[120.416,22.6431],[120.4121,22.643],[120.4104,22.6432],[120.4069,22.644],[120.4048,22.6433],[120.4014,22.643],[120.4018,22.6442],[120.4001,22.6453],[120.4014,22.6465],[120.4017,22.6476],[120.4012,22.6496],[120.3998,22.6504],[120.3996,22.6522],[120.4016,22.6554],[120.4016,22.658],[120.4028,22.6598],[120.4024,22.6601],[120.4026,22.664],[120.4026,22.6662],[120.4006,22.6681],[120.3991,22.6711],[120.3982,22.6717],[120.3984,22.6734],[120.3971,22.6754],[120.3972,22.6771],[120.3961,22.6774],[120.3955,22.6788],[120.3959,22.68],[120.3977,22.6808],[120.3956,22.6822],[120.3944,22.6825],[120.3937,22.6839],[120.3922,22.6838],[120.3917,22.6849],[120.3898,22.6854],[120.3899,22.6872],[120.3908,22.6888],[120.3918,22.6894],[120.3934,22.692],[120.3923,22.6942],[120.3925,22.6947],[120.394,22.696],[120.3943,22.6972],[120.3954,22.6977],[120.3969,22.7006],[120.3961,22.7024],[120.395,22.7031],[120.3935,22.7031],[120.3946,22.705],[120.3977,22.7079],[120.3985,22.7092],[120.3982,22.7107],[120.4001,22.7125],[120.3992,22.7134],[120.3994,22.7149],[120.4015,22.7194],[120.4033,22.7248],[120.4014,22.7259],[120.4002,22.7254],[120.4,22.7262],[120.4008,22.7275],[120.4002,22.7287],[120.4016,22.7333],[120.4008,22.7347],[120.3998,22.7356],[120.3983,22.7348],[120.3972,22.7353],[120.3984,22.7363],[120.4,22.739],[120.4009,22.7381],[120.4055,22.739],[120.4066,22.7409],[120.408,22.7422],[120.4089,22.7423],[120.4106,22.7441],[120.4104,22.7457],[120.4117,22.7472],[120.4105,22.7488],[120.4116,22.751],[120.4118,22.7526],[120.4114,22.7544],[120.4119,22.7563],[120.4114,22.757],[120.4119,22.758],[120.4129,22.759],[120.4138,22.7611],[120.4143,22.7613],[120.4158,22.7633],[120.4173,22.7643],[120.4174,22.7659],[120.4163,22.7665],[120.4161,22.7683],[120.4166,22.7698],[120.4177,22.7706],[120.4186,22.7725],[120.4185,22.7735],[120.4191,22.7747],[120.4208,22.774],[120.4222,22.7749],[120.4245,22.7748],[120.4261,22.7759],[120.4266,22.7773],[120.4285,22.7778],[120.4293,22.7764],[120.4311,22.7742],[120.432,22.7743],[120.4355,22.7736],[120.4366,22.7736],[120.4386,22.7729],[120.4421,22.7733],[120.444,22.7726],[120.4465,22.7724],[120.4475,22.7729],[120.4506,22.7728],[120.4534,22.7718],[120.4543,22.7718],[120.4538,22.7696],[120.4538,22.7675],[120.4544,22.7642],[120.4538,22.7615],[120.454,22.7579],[120.4537,22.7566],[120.4542,22.7536],[120.4543,22.7488],[120.4546,22.7477],[120.4549,22.7396],[120.4557,22.7341],[120.456,22.7306],[120.456,22.723],[120.4557,22.7185],[120.4549,22.714],[120.453,22.7066],[120.4528,22.7042],[120.4513,22.7001],[120.4511,22.698],[120.4489,22.6912],[120.4481,22.6894]]]}},{"type":"Feature","properties":{"name":"大社區","county":"高雄市","town":"大社區"},"geometry":{"type":"Polygon","coordinates":[[[120.3376,22.7212],[120.3341,22.7239],[120.3344,22.7256],[120.3355,22.7276],[120.3363,22.7276],[120.3404,22.7302],[120.3402,22.7319],[120.3394,22.7331],[120.3386,22.7337],[120.3392,22.7356],[120.3396,22.7355],[120.3402,22.7384],[120.3375,22.7389],[120.3372,22.7401],[120.3407,22.7438],[120.3385,22.7444],[120.3381,22.7452],[120.3357,22.7458],[120.3361,22.7491],[120.3372,22.7492],[120.3391,22.7474],[120.3402,22.7491],[120.3412,22.7497],[120.3412,22.7508],[120.3405,22.7526],[120.3417,22.7539],[120.3434,22.753],[120.3443,22.7534],[120.3433,22.7551],[120.3445,22.7558],[120.3455,22.7549],[120.3467,22.7529],[120.3477,22.7526],[120.3483,22.7516],[120.3514,22.7525],[120.353,22.7524],[120.3546,22.7529],[120.3572,22.7518],[120.3631,22.7511],[120.3639,22.7514],[120.3667,22.7515],[120.368,22.7499],[120.37,22.7521],[120.3695,22.7532],[120.372,22.7534],[120.3732,22.7514],[120.374,22.7515],[120.3744,22.755],[120.3756,22.7558],[120.3782,22.7561],[120.3784,22.7571],[120.3803,22.7569],[120.3804,22.7587],[120.3821,22.7592],[120.3834,22.7605],[120.3839,22.7634],[120.3869,22.7632],[120.3884,22.7621],[120.3898,22.7629],[120.3908,22.7647],[120.3934,22.7619],[120.3942,22.7623],[120.3961,22.7616],[120.3967,22.7604],[120.3979,22.7616],[120.399,22.7617],[120.3989,22.7635],[120.4017,22.7661],[120.4037,22.7658],[120.4052,22.7664],[120.4064,22.7646],[120.4077,22.763],[120.4073,22.7612],[120.408,22.7608],[120.4092,22.7614],[120.4101,22.7588],[120.4119,22.758],[120.4114,22.757],[120.4119,22.7563],[120.4114,22.7544],[120.4118,22.7526],[120.4116,22.751],[120.4105,22.7488],[120.4117,22.7472],[120.4104,22.7457],[120.4106,22.7441],[120.4089,22.7423],[120.408,22.7422],[120.4066,22.7409],[120.4055,22.739],[120.4009,22.7381],[120.4,22.739],[120.3984,22.7363],[120.3972,22.7353],[120.3957,22.7349],[120.3928,22.7358],[120.3934,22.738],[120.3924,22.74],[120.3912,22.7402],[120.3909,22.7418],[120.3884,22.7419],[120.387,22.74],[120.3858,22.7398],[120.3855,22.7379],[120.3827,22.7364],[120.3808,22.736],[120.3805,22.7352],[120.3795,22.7346],[120.3783,22.733],[120.3778,22.7318],[120.3785,22.7289],[120.3781,22.7282],[120.3765,22.7285],[120.375,22.7269],[120.3738,22.727],[120.3728,22.7263],[120.3727,22.7251],[120.3733,22.7242],[120.3737,22.7214],[120.3732,22.7196],[120.372,22.7171],[120.3723,22.7154],[120.3714,22.7145],[120.3696,22.7142],[120.37,22.713],[120.3682,22.7114],[120.3667,22.7114],[120.3659,22.7098],[120.3642,22.7094],[120.3634,22.711],[120.3607,22.7137],[120.3602,22.7145],[120.3578,22.7158],[120.356,22.7165],[120.3532,22.7167],[120.3512,22.7178],[120.3494,22.7156],[120.349,22.7165],[120.3472,22.7165],[120.3465,22.7159],[120.346,22.7172],[120.3414,22.7164],[120.339,22.7176],[120.3381,22.7212],[120.3376,22.7212]]]}},{"type":"Feature","properties":{"name":"仁武區","county":"高雄市","town":"仁武區"},"geometry":{"type":"Polygon","coordinates":[[[120.3149,22.6959],[120.3172,22.6982],[120.321,22.7014],[120.3219,22.7025],[120.3235,22.7056],[120.3286,22.704],[120.3296,22.7046],[120.3276,22.7061],[120.3258,22.7084],[120.3264,22.7098],[120.3289,22.7093],[120.3295,22.7111],[120.3279,22.7141],[120.3258,22.7168],[120.3243,22.7177],[120.3287,22.7193],[120.3301,22.7181],[120.3331,22.72],[120.332,22.7215],[120.3345,22.7225],[120.3359,22.7221],[120.3376,22.7212],[120.3381,22.7212],[120.339,22.7176],[120.3414,22.7164],[120.346,22.7172],[120.3465,22.7159],[120.3472,22.7165],[120.349,22.7165],[120.3494,22.7156],[120.3512,22.7178],[120.3532,22.7167],[120.356,22.7165],[120.3578,22.7158],[120.3602,22.7145],[120.3607,22.7137],[120.3634,22.711],[120.3642,22.7094],[120.3659,22.7098],[120.3667,22.7114],[120.3682,22.7114],[120.37,22.713],[120.3696,22.7142],[120.3714,22.7145],[120.3723,22.7154],[120.372,22.7171],[120.3732,22.7196],[120.3737,22.7214],[120.3733,22.7242],[120.3727,22.7251],[120.3728,22.7263],[120.3738,22.727],[120.375,22.7269],[120.3765,22.7285],[120.3781,22.7282],[120.3785,22.7289],[120.3778,22.7318],[120.3783,22.733],[120.3795,22.7346],[120.3805,22.7352],[120.3808,22.736],[120.3827,22.7364],[120.3855,22.7379],[120.3858,22.7398],[120.387,22.74],[120.3884,22.7419],[120.3909,22.7418],[120.3912,22.7402],[120.3924,22.74],[120.3934,22.738],[120.3928,22.7358],[120.3957,22.7349],[120.3972,22.7353],[120.3983,22.7348],[120.3998,22.7356],[120.4008,22.7347],[120.4016,22.7333],[120.4002,22.7287],[120.4008,22.7275],[120.4,22.7262],[120.4002,22.7254],[120.4014,22.7259],[120.4033,22.7248],[120.4015,22.7194],[120.3994,22.7149],[120.3992,22.7134],[120.4001,22.7125],[120.3982,22.7107],[120.3985,22.7092],[120.3977,22.7079],[120.3946,22.705],[120.3935,22.7031],[120.395,22.7031],[120.3961,22.7024],[120.3969,22.7006],[120.3954,22.6977],[120.3943,22.6972],[120.394,22.696],[120.3925,22.6947],[120.3902,22.6965],[120.3897,22.6966],[120.388,22.6951],[120.3864,22.6931],[120.3851,22.6923],[120.3812,22.6892],[120.3793,22.689],[120.3797,22.6876],[120.3794,22.6863],[120.3775,22.6852],[120.3764,22.6849],[120.3748,22.6839],[120.3738,22.6817],[120.3717,22.6801],[120.3701,22.6776],[120.3701,22.677],[120.3687,22.6761],[120.3672,22.676],[120.3669,22.6742],[120.3654,22.6717],[120.3638,22.6709],[120.3628,22.6697],[120.3602,22.6689],[120.3598,22.6696],[120.3572,22.6693],[120.3563,22.6714],[120.3545,22.6731],[120.353,22.673],[120.3511,22.6711],[120.3491,22.6706],[120.3485,22.6701],[120.346,22.6703],[120.3451,22.671],[120.341,22.673],[120.3395,22.6721],[120.3377,22.6735],[120.337,22.673],[120.3325,22.6722],[120.3302,22.6724],[120.328,22.6716],[120.327,22.6723],[120.3268,22.6739],[120.3277,22.6748],[120.3303,22.6759],[120.3292,22.6759],[120.3266,22.6749],[120.3263,22.6755],[120.3279,22.676],[120.3268,22.6787],[120.3266,22.6798],[120.3264,22.6804],[120.3234,22.6803],[120.3221,22.6816],[120.3242,22.6838],[120.3247,22.6852],[120.3237,22.6851],[120.3236,22.6863],[120.3229,22.6879],[120.3212,22.6902],[120.3204,22.6899],[120.3162,22.6935],[120.3168,22.6942],[120.3149,22.6959]]]}},{"type":"Feature","properties":{"name":"鳥松區","county":"高雄市","town":"鳥松區"},"geometry":{"type":"Polygon","coordinates":[[[120.3778,22.6377],[120.3751,22.6437],[120.3759,22.6444],[120.3746,22.6475],[120.3721,22.6466],[120.371,22.6487],[120.3686,22.648],[120.3691,22.6466],[120.3671,22.6454],[120.3653,22.6453],[120.3649,22.6442],[120.3623,22.6457],[120.3619,22.6464],[120.3591,22.6475],[120.3584,22.647],[120.359,22.646],[120.3581,22.642],[120.3568,22.6437],[120.3548,22.6459],[120.3527,22.6474],[120.3513,22.6466],[120.3501,22.6478],[120.3479,22.6477],[120.3472,22.6473],[120.3464,22.6472],[120.3455,22.6462],[120.337,22.6525],[120.3374,22.6531],[120.3349,22.655],[120.3332,22.6574],[120.3315,22.6585],[120.3307,22.6601],[120.3325,22.6606],[120.3331,22.66],[120.3351,22.6596],[120.3366,22.66],[120.3352,22.6615],[120.3343,22.6641],[120.3333,22.6654],[120.3337,22.6662],[120.3374,22.6693],[120.3375,22.6699],[120.3395,22.671],[120.3395,22.6721],[120.341,22.673],[120.3451,22.671],[120.346,22.6703],[120.3485,22.6701],[120.3491,22.6706],[120.3511,22.6711],[120.353,22.673],[120.3545,22.6731],[120.3563,22.6714],[120.3572,22.6693],[120.3598,22.6696],[120.3602,22.6689],[120.3628,22.6697],[120.3638,22.6709],[120.3654,22.6717],[120.3669,22.6742],[120.3672,22.676],[120.3687,22.6761],[120.3701,22.677],[120.3701,22.6776],[120.3717,22.6801],[120.3738,22.6817],[120.3748,22.6839],[120.3764,22.6849],[120.3775,22.6852],[120.3794,22.6863],[120.3797,22.6876],[120.3793,22.689],[120.3812,22.6892],[120.3851,22.6923],[120.3864,22.6931],[120.388,22.6951],[120.3897,22.6966],[120.3902,22.6965],[120.3925,22.6947],[120.3923,22.6942],[120.3934,22.692],[120.3918,22.6894],[120.3908,22.6888],[120.3899,22.6872],[120.3898,22.6854],[120.3917,22.6849],[120.3922,22.6838],[120.3937,22.6839],[120.3944,22.6825],[120.3956,22.6822],[120.3977,22.6808],[120.3959,22.68],[120.3955,22.6788],[120.3961,22.6774],[120.3972,22.6771],[120.3971,22.6754],[120.3984,22.6734],[120.3982,22.6717],[120.3991,22.6711],[120.4006,22.6681],[120.4026,22.6662],[120.4026,22.664],[120.4024,22.6601],[120.4028,22.6598],[120.4016,22.658],[120.4016,22.6554],[120.3996,22.6522],[120.3998,22.6504],[120.4012,22.6496],[120.4017,22.6476],[120.4014,22.6465],[120.4001,22.6453],[120.4018,22.6442],[120.4014,22.643],[120.3984,22.6445],[120.3958,22.6446],[120.3949,22.644],[120.3934,22.6439],[120.3924,22.6432],[120.3901,22.6436],[120.3883,22.6422],[120.3864,22.6421],[120.3853,22.6415],[120.3845,22.642],[120.3813,22.6393],[120.3782,22.6386],[120.3778,22.6377]]]}},{"type":"Feature","properties":{"name":"岡山區","county":"高雄市","town":"岡山區"},"geometry":{"type":"Polygon","coordinates":[[[120.3509,22.8254],[120.3502,22.8247],[120.3488,22.8248],[120.3484,22.8238],[120.3469,22.8232],[120.3477,22.8224],[120.3472,22.8219],[120.3483,22.82],[120.3485,22.8186],[120.3501,22.8173],[120.3496,22.816],[120.3504,22.8154],[120.3499,22.814],[120.3487,22.8127],[120.3478,22.8131],[120.3476,22.8115],[120.3459,22.8118],[120.3448,22.8127],[120.3436,22.8112],[120.344,22.8107],[120.3444,22.8086],[120.3422,22.8089],[120.3407,22.8102],[120.3391,22.8088],[120.3381,22.8094],[120.3367,22.8091],[120.3361,22.8083],[120.3344,22.8077],[120.3331,22.8058],[120.3315,22.8046],[120.33,22.8051],[120.3287,22.8043],[120.328,22.8027],[120.3282,22.801],[120.3291,22.8008],[120.3272,22.8004],[120.3262,22.8024],[120.3251,22.8034],[120.3263,22.8041],[120.3259,22.8052],[120.3239,22.8051],[120.3242,22.8027],[120.3219,22.8003],[120.3203,22.8012],[120.3197,22.8003],[120.3196,22.7982],[120.3189,22.7963],[120.3177,22.7949],[120.315,22.795],[120.3136,22.7924],[120.3135,22.7912],[120.3144,22.7895],[120.3142,22.789],[120.3152,22.7876],[120.3168,22.7879],[120.3164,22.7858],[120.3166,22.7819],[120.3171,22.7803],[120.3158,22.7799],[120.3158,22.7788],[120.3151,22.7781],[120.3164,22.7772],[120.3174,22.7753],[120.3171,22.7747],[120.3152,22.774],[120.3149,22.7709],[120.3136,22.7708],[120.311,22.7734],[120.3093,22.7744],[120.3063,22.7728],[120.3049,22.7741],[120.3039,22.7768],[120.3027,22.7768],[120.3002,22.7777],[120.3002,22.7769],[120.2986,22.776],[120.2959,22.776],[120.2946,22.7707],[120.2935,22.7725],[120.2919,22.7729],[120.2899,22.7703],[120.2883,22.7702],[120.2873,22.7711],[120.2855,22.7712],[120.2849,22.7707],[120.2857,22.7695],[120.2852,22.7688],[120.2834,22.7694],[120.2826,22.7691],[120.2825,22.7671],[120.2807,22.7659],[120.2797,22.7661],[120.2795,22.7669],[120.2768,22.7681],[120.2748,22.7671],[120.2747,22.7686],[120.2734,22.7698],[120.2715,22.77],[120.2696,22.7708],[120.2691,22.7677],[120.2671,22.7676],[120.2669,22.7708],[120.2663,22.7708],[120.2634,22.7689],[120.2631,22.7701],[120.2588,22.7702],[120.2584,22.7725],[120.2593,22.7735],[120.2621,22.7757],[120.2595,22.7789],[120.2582,22.7784],[120.2577,22.779],[120.2551,22.7788],[120.2548,22.7801],[120.2557,22.7803],[120.255,22.7818],[120.255,22.7833],[120.2539,22.7865],[120.2533,22.7869],[120.2523,22.7894],[120.2524,22.7908],[120.2543,22.7912],[120.2545,22.7935],[120.2565,22.794],[120.2565,22.7954],[120.2579,22.7956],[120.2615,22.797],[120.2609,22.7995],[120.262,22.8003],[120.2614,22.8023],[120.2629,22.8028],[120.2609,22.8055],[120.2607,22.807],[120.259,22.8092],[120.2575,22.8079],[120.2548,22.8066],[120.2541,22.8074],[120.2539,22.8087],[120.2532,22.8087],[120.253,22.8099],[120.2538,22.8101],[120.2552,22.8113],[120.2565,22.814],[120.2551,22.8173],[120.2532,22.8181],[120.2535,22.8206],[120.2533,22.821],[120.2555,22.8238],[120.2547,22.825],[120.2581,22.8244],[120.2581,22.824],[120.2641,22.8232],[120.2682,22.8225],[120.267,22.8215],[120.2669,22.8203],[120.2692,22.8202],[120.2703,22.8205],[120.2723,22.8191],[120.2747,22.8166],[120.279,22.8168],[120.2801,22.8173],[120.2805,22.8185],[120.2834,22.8188],[120.2839,22.8209],[120.2842,22.8236],[120.285,22.8242],[120.2868,22.824],[120.2882,22.825],[120.2898,22.8254],[120.2911,22.8266],[120.2929,22.8269],[120.2941,22.8276],[120.2952,22.829],[120.2945,22.8303],[120.2936,22.8308],[120.2928,22.8323],[120.2915,22.833],[120.2923,22.8368],[120.2933,22.8373],[120.294,22.8396],[120.2944,22.8401],[120.2968,22.8399],[120.2997,22.8388],[120.3004,22.8371],[120.3031,22.8371],[120.3054,22.8355],[120.3075,22.8346],[120.3086,22.837],[120.3129,22.837],[120.3131,22.8362],[120.3174,22.8363],[120.3195,22.8412],[120.3214,22.8395],[120.3222,22.8399],[120.323,22.8392],[120.3249,22.8387],[120.326,22.8393],[120.3275,22.8385],[120.3277,22.8377],[120.3294,22.8368],[120.33,22.8353],[120.3326,22.8355],[120.3348,22.8353],[120.3365,22.8366],[120.3393,22.8363],[120.341,22.837],[120.3414,22.8382],[120.3441,22.8422],[120.345,22.8402],[120.3464,22.839],[120.347,22.8363],[120.3472,22.833],[120.3478,22.8314],[120.3458,22.8299],[120.3434,22.8298],[120.3421,22.8286],[120.3428,22.8277],[120.3445,22.828],[120.3469,22.8275],[120.3478,22.828],[120.3494,22.826],[120.3509,22.8254]]]}},{"type":"Feature","properties":{"name":"橋頭區","county":"高雄市","town":"橋頭區"},"geometry":{"type":"Polygon","coordinates":[[[120.3311,22.7551],[120.3306,22.7553],[120.3273,22.7549],[120.3268,22.756],[120.325,22.756],[120.3248,22.7536],[120.3261,22.7523],[120.3252,22.7496],[120.3266,22.7482],[120.3247,22.7464],[120.3231,22.7444],[120.3258,22.7417],[120.323,22.7396],[120.3257,22.7359],[120.3247,22.7362],[120.3223,22.7339],[120.3222,22.7346],[120.3201,22.7346],[120.3173,22.7354],[120.316,22.7369],[120.3149,22.7367],[120.3126,22.7355],[120.3082,22.7362],[120.3099,22.7343],[120.3099,22.7331],[120.3112,22.7318],[120.3113,22.7307],[120.3102,22.7298],[120.3077,22.7299],[120.3053,22.7293],[120.3038,22.7304],[120.3016,22.7291],[120.3001,22.7297],[120.3,22.7316],[120.2992,22.7321],[120.2974,22.73],[120.2965,22.7284],[120.2952,22.7294],[120.2959,22.7306],[120.295,22.7328],[120.2935,22.7337],[120.2938,22.7346],[120.2923,22.7353],[120.2928,22.7363],[120.2913,22.7372],[120.2898,22.7367],[120.2857,22.7377],[120.285,22.7358],[120.2776,22.7379],[120.2762,22.7338],[120.2749,22.7336],[120.2752,22.7317],[120.2715,22.7308],[120.2709,22.7305],[120.2694,22.7317],[120.267,22.7297],[120.266,22.7299],[120.2665,22.731],[120.2655,22.7328],[120.2657,22.7342],[120.2651,22.7348],[120.2634,22.7351],[120.263,22.7356],[120.2638,22.7365],[120.2655,22.7374],[120.2663,22.7386],[120.2646,22.741],[120.266,22.7419],[120.2677,22.7419],[120.2693,22.7407],[120.2694,22.7423],[120.2711,22.7447],[120.272,22.7471],[120.2715,22.7486],[120.2725,22.7496],[120.2739,22.7503],[120.2743,22.7512],[120.2739,22.7535],[120.2756,22.7548],[120.276,22.7558],[120.2762,22.7585],[120.2759,22.7612],[120.2743,22.7636],[120.2753,22.7653],[120.2746,22.7661],[120.2748,22.7671],[120.2768,22.7681],[120.2795,22.7669],[120.2797,22.7661],[120.2807,22.7659],[120.2825,22.7671],[120.2826,22.7691],[120.2834,22.7694],[120.2852,22.7688],[120.2857,22.7695],[120.2849,22.7707],[120.2855,22.7712],[120.2873,22.7711],[120.2883,22.7702],[120.2899,22.7703],[120.2919,22.7729],[120.2935,22.7725],[120.2946,22.7707],[120.2959,22.776],[120.2986,22.776],[120.3002,22.7769],[120.3002,22.7777],[120.3027,22.7768],[120.3039,22.7768],[120.3049,22.7741],[120.3063,22.7728],[120.3093,22.7744],[120.311,22.7734],[120.3136,22.7708],[120.3149,22.7709],[120.3151,22.77],[120.3176,22.7686],[120.3193,22.7693],[120.3233,22.7686],[120.3297,22.7746],[120.331,22.7727],[120.3327,22.7683],[120.3326,22.7666],[120.3337,22.7644],[120.3339,22.763],[120.3347,22.7628],[120.335,22.7603],[120.3376,22.7577],[120.3364,22.7568],[120.3347,22.7572],[120.3336,22.7566],[120.3321,22.7571],[120.3313,22.7565],[120.3311,22.7551]]]}},{"type":"Feature","properties":{"name":"燕巢區","county":"高雄市","town":"燕巢區"},"geometry":{"type":"Polygon","coordinates":[[[120.3361,22.7491],[120.3348,22.7495],[120.3344,22.7524],[120.3329,22.752],[120.3318,22.753],[120.3311,22.7551],[120.3313,22.7565],[120.3321,22.7571],[120.3336,22.7566],[120.3347,22.7572],[120.3364,22.7568],[120.3376,22.7577],[120.335,22.7603],[120.3347,22.7628],[120.3339,22.763],[120.3337,22.7644],[120.3326,22.7666],[120.3327,22.7683],[120.331,22.7727],[120.3297,22.7746],[120.3233,22.7686],[120.3193,22.7693],[120.3176,22.7686],[120.3151,22.77],[120.3149,22.7709],[120.3152,22.774],[120.3171,22.7747],[120.3174,22.7753],[120.3164,22.7772],[120.3151,22.7781],[120.3158,22.7788],[120.3158,22.7799],[120.3171,22.7803],[120.3166,22.7819],[120.3164,22.7858],[120.3168,22.7879],[120.3152,22.7876],[120.3142,22.789],[120.3144,22.7895],[120.3135,22.7912],[120.3136,22.7924],[120.315,22.795],[120.3177,22.7949],[120.3189,22.7963],[120.3196,22.7982],[120.3197,22.8003],[120.3203,22.8012],[120.3219,22.8003],[120.3242,22.8027],[120.3239,22.8051],[120.3259,22.8052],[120.3263,22.8041],[120.3251,22.8034],[120.3262,22.8024],[120.3272,22.8004],[120.3291,22.8008],[120.3282,22.801],[120.328,22.8027],[120.3287,22.8043],[120.33,22.8051],[120.3315,22.8046],[120.3331,22.8058],[120.3344,22.8077],[120.3361,22.8083],[120.3367,22.8091],[120.3381,22.8094],[120.3391,22.8088],[120.3407,22.8102],[120.3422,22.8089],[120.3444,22.8086],[120.344,22.8107],[120.3436,22.8112],[120.3448,22.8127],[120.3459,22.8118],[120.3476,22.8115],[120.3478,22.8131],[120.3487,22.8127],[120.3499,22.814],[120.3504,22.8154],[120.3496,22.816],[120.3501,22.8173],[120.3485,22.8186],[120.3483,22.82],[120.3472,22.8219],[120.3477,22.8224],[120.3469,22.8232],[120.3484,22.8238],[120.3488,22.8248],[120.3502,22.8247],[120.3509,22.8254],[120.3503,22.8269],[120.3539,22.8303],[120.3563,22.8303],[120.3581,22.8312],[120.3586,22.8308],[120.3602,22.8271],[120.3614,22.8265],[120.3616,22.8256],[120.3625,22.8253],[120.3634,22.8268],[120.365,22.8283],[120.3658,22.8277],[120.3665,22.8262],[120.3684,22.8261],[120.3688,22.8252],[120.3702,22.8255],[120.3712,22.8245],[120.3761,22.826],[120.3758,22.825],[120.378,22.8249],[120.3779,22.8242],[120.3801,22.8218],[120.3811,22.8197],[120.382,22.8198],[120.3831,22.8187],[120.3839,22.8204],[120.3846,22.8207],[120.3866,22.8194],[120.388,22.8178],[120.389,22.8187],[120.3906,22.8186],[120.3921,22.8175],[120.393,22.8178],[120.3943,22.8172],[120.3957,22.8173],[120.3959,22.8141],[120.3967,22.814],[120.3981,22.8159],[120.3999,22.8166],[120.4013,22.8165],[120.4042,22.8153],[120.4094,22.8157],[120.4102,22.815],[120.4099,22.8131],[120.4129,22.8107],[120.416,22.8107],[120.4172,22.8089],[120.418,22.8085],[120.4165,22.8075],[120.4154,22.8063],[120.4164,22.805],[120.4198,22.803],[120.4196,22.8024],[120.4205,22.8012],[120.4203,22.8],[120.4215,22.7992],[120.423,22.7966],[120.4222,22.796],[120.4218,22.7939],[120.4229,22.7933],[120.4237,22.7922],[120.4252,22.7919],[120.4253,22.7912],[120.4265,22.7914],[120.4291,22.7891],[120.4291,22.788],[120.43,22.787],[120.4316,22.7865],[120.4303,22.782],[120.4294,22.7812],[120.428,22.7787],[120.4285,22.7778],[120.4266,22.7773],[120.4261,22.7759],[120.4245,22.7748],[120.4222,22.7749],[120.4208,22.774],[120.4191,22.7747],[120.4185,22.7735],[120.4186,22.7725],[120.4177,22.7706],[120.4166,22.7698],[120.4161,22.7683],[120.4163,22.7665],[120.4174,22.7659],[120.4173,22.7643],[120.4158,22.7633],[120.4143,22.7613],[120.4138,22.7611],[120.4129,22.759],[120.4119,22.758],[120.4101,22.7588],[120.4092,22.7614],[120.408,22.7608],[120.4073,22.7612],[120.4077,22.763],[120.4064,22.7646],[120.4052,22.7664],[120.4037,22.7658],[120.4017,22.7661],[120.3989,22.7635],[120.399,22.7617],[120.3979,22.7616],[120.3967,22.7604],[120.3961,22.7616],[120.3942,22.7623],[120.3934,22.7619],[120.3908,22.7647],[120.3898,22.7629],[120.3884,22.7621],[120.3869,22.7632],[120.3839,22.7634],[120.3834,22.7605],[120.3821,22.7592],[120.3804,22.7587],[120.3803,22.7569],[120.3784,22.7571],[120.3782,22.7561],[120.3756,22.7558],[120.3744,22.755],[120.374,22.7515],[120.3732,22.7514],[120.372,22.7534],[120.3695,22.7532],[120.37,22.7521],[120.368,22.7499],[120.3667,22.7515],[120.3639,22.7514],[120.3631,22.7511],[120.3572,22.7518],[120.3546,22.7529],[120.353,22.7524],[120.3514,22.7525],[120.3483,22.7516],[120.3477,22.7526],[120.3467,22.7529],[120.3455,22.7549],[120.3445,22.7558],[120.3433,22.7551],[120.3443,22.7534],[120.3434,22.753],[120.3417,22.7539],[120.3405,22.7526],[120.3412,22.7508],[120.3412,22.7497],[120.3402,22.7491],[120.3391,22.7474],[120.3372,22.7492],[120.3361,22.7491]]]}},{"type":"Feature","properties":{"name":"田寮區","county":"高雄市","town":"田寮區"},"geometry":{"type":"Polygon","coordinates":[[[120.3509,22.8254],[120.3494,22.826],[120.3478,22.828],[120.3469,22.8275],[120.3445,22.828],[120.3428,22.8277],[120.3421,22.8286],[120.3434,22.8298],[120.3458,22.8299],[120.3478,22.8314],[120.3472,22.833],[120.347,22.8363],[120.3464,22.839],[120.345,22.8402],[120.3441,22.8422],[120.3446,22.8468],[120.3441,22.8509],[120.3455,22.8538],[120.3453,22.8552],[120.3466,22.8572],[120.3466,22.8582],[120.3484,22.8601],[120.3481,22.8613],[120.3487,22.8629],[120.3496,22.8641],[120.3501,22.8665],[120.3518,22.8676],[120.3523,22.8693],[120.3548,22.871],[120.3556,22.8719],[120.3569,22.8747],[120.3564,22.8764],[120.355,22.8778],[120.3549,22.8795],[120.3555,22.8802],[120.3575,22.8805],[120.3579,22.8819],[120.3561,22.883],[120.3569,22.8861],[120.3563,22.8867],[120.355,22.8865],[120.353,22.887],[120.3522,22.8858],[120.3539,22.884],[120.3528,22.8829],[120.3514,22.8822],[120.3496,22.8829],[120.349,22.8841],[120.3493,22.8858],[120.3504,22.8877],[120.3511,22.8882],[120.3521,22.8877],[120.3516,22.889],[120.3521,22.8894],[120.3545,22.89],[120.3546,22.891],[120.3534,22.8911],[120.3534,22.8924],[120.3552,22.8918],[120.3546,22.8925],[120.3551,22.8938],[120.3564,22.8927],[120.3577,22.8946],[120.358,22.8959],[120.361,22.8979],[120.3615,22.8989],[120.3614,22.9007],[120.3605,22.8996],[120.3592,22.9002],[120.3595,22.9014],[120.3609,22.9015],[120.362,22.9009],[120.3625,22.902],[120.3634,22.9023],[120.3642,22.9018],[120.366,22.9022],[120.3657,22.9045],[120.3673,22.9052],[120.3682,22.904],[120.369,22.9057],[120.3711,22.9072],[120.3716,22.9064],[120.3725,22.9067],[120.3724,22.908],[120.3731,22.9093],[120.3717,22.9108],[120.3712,22.9123],[120.3717,22.9128],[120.3729,22.9124],[120.3738,22.9141],[120.3768,22.9149],[120.3765,22.9161],[120.3771,22.9167],[120.3776,22.9182],[120.3804,22.9186],[120.3805,22.9201],[120.3818,22.9199],[120.3819,22.9211],[120.3832,22.9199],[120.3851,22.9189],[120.3869,22.9183],[120.3887,22.9206],[120.3892,22.9203],[120.3907,22.9217],[120.3922,22.9223],[120.3939,22.9221],[120.3959,22.9228],[120.399,22.9223],[120.3999,22.9214],[120.4004,22.919],[120.4019,22.9182],[120.4053,22.9182],[120.4059,22.9166],[120.4057,22.9158],[120.4063,22.9146],[120.4087,22.9123],[120.4077,22.9107],[120.4081,22.9098],[120.4099,22.9097],[120.4112,22.9088],[120.4136,22.9077],[120.4141,22.9091],[120.4149,22.9098],[120.4161,22.91],[120.4173,22.9084],[120.4166,22.9069],[120.417,22.9061],[120.4165,22.9052],[120.4181,22.9049],[120.4189,22.9057],[120.4194,22.9053],[120.4192,22.9041],[120.4202,22.9032],[120.4206,22.9038],[120.4218,22.9033],[120.4213,22.9028],[120.4219,22.9019],[120.4213,22.9009],[120.4217,22.8994],[120.4229,22.9003],[120.4238,22.8995],[120.4238,22.8966],[120.4228,22.8961],[120.4221,22.8935],[120.4232,22.8939],[120.4246,22.8928],[120.4257,22.8937],[120.4266,22.8934],[120.4278,22.894],[120.4282,22.8952],[120.4298,22.8958],[120.43,22.8945],[120.4312,22.8926],[120.432,22.8922],[120.4327,22.891],[120.4328,22.8869],[120.4339,22.8868],[120.4356,22.886],[120.4389,22.8855],[120.4414,22.8867],[120.443,22.8856],[120.4431,22.8839],[120.4426,22.8823],[120.4431,22.881],[120.4429,22.8792],[120.4449,22.8781],[120.4459,22.876],[120.4468,22.875],[120.4485,22.8742],[120.4469,22.8722],[120.4451,22.8711],[120.4444,22.8701],[120.4435,22.8699],[120.443,22.8685],[120.4442,22.8678],[120.4447,22.8667],[120.4462,22.8663],[120.444,22.8647],[120.443,22.8626],[120.4432,22.8606],[120.4445,22.8596],[120.4442,22.8587],[120.4451,22.8572],[120.4447,22.8564],[120.4452,22.8546],[120.446,22.8531],[120.4469,22.8506],[120.4481,22.8501],[120.4496,22.8478],[120.4473,22.8459],[120.4468,22.8437],[120.4446,22.8425],[120.4437,22.8397],[120.4428,22.839],[120.4417,22.8388],[120.4398,22.8378],[120.4391,22.8365],[120.4381,22.8362],[120.4365,22.8349],[120.4358,22.8336],[120.4338,22.8319],[120.4329,22.832],[120.433,22.8303],[120.432,22.8283],[120.4311,22.8274],[120.4305,22.8259],[120.4268,22.8244],[120.4275,22.8218],[120.4264,22.8192],[120.4253,22.8186],[120.4239,22.8191],[120.4227,22.8169],[120.4218,22.8163],[120.4216,22.8127],[120.4212,22.8116],[120.418,22.8085],[120.4172,22.8089],[120.416,22.8107],[120.4129,22.8107],[120.4099,22.8131],[120.4102,22.815],[120.4094,22.8157],[120.4042,22.8153],[120.4013,22.8165],[120.3999,22.8166],[120.3981,22.8159],[120.3967,22.814],[120.3959,22.8141],[120.3957,22.8173],[120.3943,22.8172],[120.393,22.8178],[120.3921,22.8175],[120.3906,22.8186],[120.389,22.8187],[120.388,22.8178],[120.3866,22.8194],[120.3846,22.8207],[120.3839,22.8204],[120.3831,22.8187],[120.382,22.8198],[120.3811,22.8197],[120.3801,22.8218],[120.3779,22.8242],[120.378,22.8249],[120.3758,22.825],[120.3761,22.826],[120.3712,22.8245],[120.3702,22.8255],[120.3688,22.8252],[120.3684,22.8261],[120.3665,22.8262],[120.3658,22.8277],[120.365,22.8283],[120.3634,22.8268],[120.3625,22.8253],[120.3616,22.8256],[120.3614,22.8265],[120.3602,22.8271],[120.3586,22.8308],[120.3581,22.8312],[120.3563,22.8303],[120.3539,22.8303],[120.3503,22.8269],[120.3509,22.8254]]]}},{"type":"Feature","properties":{"name":"阿蓮區","county":"高雄市","town":"阿蓮區"},"geometry":{"type":"Polygon","coordinates":[[[120.3441,22.8422],[120.3414,22.8382],[120.341,22.837],[120.3393,22.8363],[120.3365,22.8366],[120.3348,22.8353],[120.3326,22.8355],[120.33,22.8353],[120.3294,22.8368],[120.3277,22.8377],[120.3275,22.8385],[120.326,22.8393],[120.3249,22.8387],[120.323,22.8392],[120.3222,22.8399],[120.3214,22.8395],[120.3195,22.8412],[120.3174,22.8363],[120.3131,22.8362],[120.3129,22.837],[120.3086,22.837],[120.3075,22.8346],[120.3054,22.8355],[120.3031,22.8371],[120.3004,22.8371],[120.2997,22.8388],[120.2968,22.8399],[120.2944,22.8401],[120.294,22.8396],[120.2934,22.8414],[120.2937,22.8422],[120.2959,22.8428],[120.2973,22.8436],[120.2973,22.8448],[120.2988,22.8489],[120.3017,22.8506],[120.3042,22.8518],[120.3053,22.8516],[120.3061,22.8529],[120.306,22.8543],[120.3047,22.8572],[120.3066,22.8607],[120.3068,22.8621],[120.3062,22.8635],[120.306,22.8652],[120.3042,22.8662],[120.3042,22.8684],[120.3045,22.8715],[120.3037,22.8725],[120.3052,22.874],[120.3049,22.8764],[120.3041,22.878],[120.3045,22.8812],[120.3039,22.8817],[120.3019,22.8821],[120.3018,22.8834],[120.3001,22.8837],[120.2999,22.8817],[120.2923,22.8822],[120.2925,22.8861],[120.2909,22.8865],[120.2893,22.8854],[120.2888,22.8864],[120.2893,22.8879],[120.2882,22.8898],[120.2881,22.8918],[120.2865,22.8933],[120.2831,22.8932],[120.279,22.8944],[120.2781,22.8953],[120.2782,22.8962],[120.2795,22.8963],[120.2793,22.8984],[120.278,22.9013],[120.2777,22.9036],[120.278,22.9044],[120.2799,22.9049],[120.2845,22.9047],[120.2933,22.9029],[120.2991,22.9011],[120.3034,22.9004],[120.3091,22.9006],[120.3135,22.8999],[120.3157,22.8991],[120.3165,22.8985],[120.3183,22.896],[120.3201,22.895],[120.3209,22.8956],[120.324,22.9002],[120.3249,22.9005],[120.327,22.8985],[120.3286,22.8947],[120.3308,22.8907],[120.3325,22.8893],[120.335,22.8895],[120.3413,22.8893],[120.3428,22.8897],[120.3451,22.8895],[120.3489,22.8906],[120.3497,22.8904],[120.351,22.8892],[120.3511,22.8882],[120.3504,22.8877],[120.3493,22.8858],[120.349,22.8841],[120.3496,22.8829],[120.3514,22.8822],[120.3528,22.8829],[120.3539,22.884],[120.3522,22.8858],[120.353,22.887],[120.355,22.8865],[120.3563,22.8867],[120.3569,22.8861],[120.3561,22.883],[120.3579,22.8819],[120.3575,22.8805],[120.3555,22.8802],[120.3549,22.8795],[120.355,22.8778],[120.3564,22.8764],[120.3569,22.8747],[120.3556,22.8719],[120.3548,22.871],[120.3523,22.8693],[120.3518,22.8676],[120.3501,22.8665],[120.3496,22.8641],[120.3487,22.8629],[120.3481,22.8613],[120.3484,22.8601],[120.3466,22.8582],[120.3466,22.8572],[120.3453,22.8552],[120.3455,22.8538],[120.3441,22.8509],[120.3446,22.8468],[120.3441,22.8422]]]}},{"type":"Feature","properties":{"name":"路竹區","county":"高雄市","town":"路竹區"},"geometry":{"type":"Polygon","coordinates":[[[120.294,22.8396],[120.2933,22.8373],[120.2923,22.8368],[120.2915,22.833],[120.2928,22.8323],[120.2936,22.8308],[120.2945,22.8303],[120.2952,22.829],[120.2941,22.8276],[120.2929,22.8269],[120.2911,22.8266],[120.2898,22.8254],[120.2882,22.825],[120.2868,22.824],[120.285,22.8242],[120.2842,22.8236],[120.2839,22.8209],[120.2834,22.8188],[120.2805,22.8185],[120.2801,22.8173],[120.279,22.8168],[120.2747,22.8166],[120.2723,22.8191],[120.2703,22.8205],[120.2692,22.8202],[120.2669,22.8203],[120.267,22.8215],[120.2682,22.8225],[120.2641,22.8232],[120.2581,22.824],[120.2581,22.8244],[120.2547,22.825],[120.2539,22.8267],[120.2569,22.8283],[120.255,22.8315],[120.2502,22.829],[120.2496,22.83],[120.2471,22.8293],[120.2453,22.8295],[120.2435,22.8292],[120.2427,22.8317],[120.241,22.8322],[120.2402,22.8343],[120.2401,22.8357],[120.2393,22.8353],[120.2389,22.8381],[120.2363,22.84],[120.2318,22.839],[120.2292,22.8422],[120.2288,22.8421],[120.2295,22.8403],[120.2267,22.8392],[120.2238,22.8454],[120.22,22.8468],[120.218,22.8484],[120.2134,22.8512],[120.2186,22.8571],[120.2194,22.8624],[120.2206,22.8646],[120.2174,22.8658],[120.2176,22.8667],[120.2168,22.8671],[120.2185,22.8705],[120.2199,22.8706],[120.2212,22.8708],[120.2227,22.8722],[120.2251,22.8728],[120.2276,22.8726],[120.2288,22.8707],[120.2308,22.8684],[120.2324,22.8689],[120.2331,22.8683],[120.2351,22.8699],[120.2369,22.8707],[120.2379,22.8692],[120.2398,22.869],[120.2404,22.8683],[120.2417,22.8688],[120.2417,22.8696],[120.2438,22.8706],[120.2436,22.8716],[120.2448,22.8719],[120.2472,22.8713],[120.2489,22.872],[120.2509,22.8722],[120.2526,22.8737],[120.2539,22.8739],[120.2526,22.8771],[120.2529,22.8784],[120.2524,22.8821],[120.2529,22.8821],[120.2526,22.8845],[120.2551,22.8845],[120.2564,22.885],[120.2595,22.8854],[120.2597,22.8874],[120.2607,22.8892],[120.2609,22.8908],[120.2596,22.8931],[120.2588,22.8954],[120.2586,22.8972],[120.2569,22.899],[120.2569,22.9001],[120.2579,22.9016],[120.2605,22.9017],[120.2637,22.8999],[120.2667,22.8987],[120.2698,22.8967],[120.2727,22.8955],[120.2743,22.8952],[120.2766,22.8955],[120.2764,22.8961],[120.2782,22.8962],[120.2781,22.8953],[120.279,22.8944],[120.2831,22.8932],[120.2865,22.8933],[120.2881,22.8918],[120.2882,22.8898],[120.2893,22.8879],[120.2888,22.8864],[120.2893,22.8854],[120.2909,22.8865],[120.2925,22.8861],[120.2923,22.8822],[120.2999,22.8817],[120.3001,22.8837],[120.3018,22.8834],[120.3019,22.8821],[120.3039,22.8817],[120.3045,22.8812],[120.3041,22.878],[120.3049,22.8764],[120.3052,22.874],[120.3037,22.8725],[120.3045,22.8715],[120.3042,22.8684],[120.3042,22.8662],[120.306,22.8652],[120.3062,22.8635],[120.3068,22.8621],[120.3066,22.8607],[120.3047,22.8572],[120.306,22.8543],[120.3061,22.8529],[120.3053,22.8516],[120.3042,22.8518],[120.3017,22.8506],[120.2988,22.8489],[120.2973,22.8448],[120.2973,22.8436],[120.2959,22.8428],[120.2937,22.8422],[120.2934,22.8414],[120.294,22.8396]]]}},{"type":"Feature","properties":{"name":"湖內區","county":"高雄市","town":"湖內區"},"geometry":{"type":"Polygon","coordinates":[[[120.2588,22.8954],[120.2596,22.8931],[120.2609,22.8908],[120.2607,22.8892],[120.2597,22.8874],[120.2595,22.8854],[120.2564,22.885],[120.2551,22.8845],[120.2526,22.8845],[120.2529,22.8821],[120.2524,22.8821],[120.2529,22.8784],[120.2526,22.8771],[120.2539,22.8739],[120.2526,22.8737],[120.2509,22.8722],[120.2489,22.872],[120.2472,22.8713],[120.2448,22.8719],[120.2436,22.8716],[120.2438,22.8706],[120.2417,22.8696],[120.2417,22.8688],[120.2404,22.8683],[120.2398,22.869],[120.2379,22.8692],[120.2369,22.8707],[120.2351,22.8699],[120.2331,22.8683],[120.2324,22.8689],[120.2308,22.8684],[120.2288,22.8707],[120.2276,22.8726],[120.2251,22.8728],[120.2227,22.8722],[120.2212,22.8708],[120.2199,22.8706],[120.22,22.8712],[120.2186,22.8716],[120.2183,22.8813],[120.2149,22.882],[120.2132,22.8821],[120.2112,22.8826],[120.2097,22.8823],[120.2069,22.8838],[120.206,22.8839],[120.2038,22.8823],[120.2048,22.8842],[120.2073,22.8846],[120.2095,22.8855],[120.2103,22.8863],[120.2107,22.8885],[120.2098,22.8908],[120.2087,22.8924],[120.2071,22.8935],[120.2049,22.8932],[120.2042,22.8925],[120.2033,22.8878],[120.2024,22.8873],[120.2006,22.8885],[120.199,22.8905],[120.1978,22.8938],[120.1969,22.8984],[120.1976,22.9001],[120.1966,22.9024],[120.1974,22.9027],[120.1976,22.9008],[120.1998,22.9011],[120.1991,22.9066],[120.2,22.9068],[120.1981,22.9082],[120.1924,22.9108],[120.1905,22.9134],[120.19,22.9178],[120.1877,22.9202],[120.1892,22.9207],[120.191,22.9205],[120.192,22.9212],[120.1959,22.9196],[120.2018,22.9157],[120.2039,22.9149],[120.206,22.9147],[120.2081,22.9152],[120.2111,22.9125],[120.2144,22.9105],[120.2181,22.9096],[120.2201,22.9096],[120.2225,22.9114],[120.2267,22.9163],[120.2287,22.917],[120.2304,22.9167],[120.2317,22.9154],[120.2314,22.9123],[120.2316,22.9087],[120.2321,22.9067],[120.2332,22.9054],[120.2362,22.9051],[120.2401,22.9043],[120.2429,22.9035],[120.2453,22.9013],[120.2476,22.8982],[120.2496,22.8966],[120.2526,22.8949],[120.2541,22.8943],[120.2565,22.894],[120.2588,22.8954]]]}},{"type":"Feature","properties":{"name":"旗山區","county":"高雄市","town":"旗山區"},"geometry":{"type":"Polygon","coordinates":[[[120.5053,22.8315],[120.5034,22.8317],[120.5,22.8313],[120.4977,22.8317],[120.4964,22.8325],[120.494,22.8368],[120.4927,22.8373],[120.4914,22.8369],[120.4928,22.8357],[120.4908,22.8353],[120.4883,22.8358],[120.4854,22.8355],[120.4823,22.836],[120.4817,22.8373],[120.4804,22.8377],[120.4791,22.8368],[120.4773,22.838],[120.4763,22.8382],[120.4742,22.8369],[120.4722,22.834],[120.47,22.8315],[120.4688,22.8307],[120.4692,22.825],[120.4675,22.8224],[120.4673,22.8184],[120.4674,22.8155],[120.4655,22.8128],[120.4651,22.8075],[120.4644,22.8042],[120.464,22.8003],[120.4626,22.7966],[120.4614,22.7945],[120.46,22.7905],[120.4575,22.7855],[120.456,22.7802],[120.4557,22.7751],[120.4554,22.7737],[120.4543,22.7718],[120.4534,22.7718],[120.4506,22.7728],[120.4475,22.7729],[120.4465,22.7724],[120.444,22.7726],[120.4421,22.7733],[120.4386,22.7729],[120.4366,22.7736],[120.4355,22.7736],[120.432,22.7743],[120.4311,22.7742],[120.4293,22.7764],[120.4285,22.7778],[120.428,22.7787],[120.4294,22.7812],[120.4303,22.782],[120.4316,22.7865],[120.43,22.787],[120.4291,22.788],[120.4291,22.7891],[120.4265,22.7914],[120.4253,22.7912],[120.4252,22.7919],[120.4237,22.7922],[120.4229,22.7933],[120.4218,22.7939],[120.4222,22.796],[120.423,22.7966],[120.4215,22.7992],[120.4203,22.8],[120.4205,22.8012],[120.4196,22.8024],[120.4198,22.803],[120.4164,22.805],[120.4154,22.8063],[120.4165,22.8075],[120.418,22.8085],[120.4212,22.8116],[120.4216,22.8127],[120.4218,22.8163],[120.4227,22.8169],[120.4239,22.8191],[120.4253,22.8186],[120.4264,22.8192],[120.4275,22.8218],[120.4268,22.8244],[120.4305,22.8259],[120.4311,22.8274],[120.432,22.8283],[120.433,22.8303],[120.4329,22.832],[120.4338,22.8319],[120.4358,22.8336],[120.4365,22.8349],[120.4381,22.8362],[120.4391,22.8365],[120.4398,22.8378],[120.4417,22.8388],[120.4428,22.839],[120.4437,22.8397],[120.4446,22.8425],[120.4468,22.8437],[120.4473,22.8459],[120.4496,22.8478],[120.4481,22.8501],[120.4469,22.8506],[120.446,22.8531],[120.4452,22.8546],[120.4447,22.8564],[120.4451,22.8572],[120.4442,22.8587],[120.4445,22.8596],[120.4432,22.8606],[120.443,22.8626],[120.444,22.8647],[120.4462,22.8663],[120.4447,22.8667],[120.4442,22.8678],[120.443,22.8685],[120.4435,22.8699],[120.4444,22.8701],[120.4451,22.8711],[120.4469,22.8722],[120.4485,22.8742],[120.4468,22.875],[120.4459,22.876],[120.4449,22.8781],[120.4429,22.8792],[120.4431,22.881],[120.4426,22.8823],[120.4431,22.8839],[120.443,22.8856],[120.4441,22.8865],[120.4463,22.8873],[120.4479,22.887],[120.4491,22.8874],[120.4498,22.8869],[120.4519,22.8868],[120.4535,22.8881],[120.4557,22.8885],[120.4581,22.8887],[120.4586,22.8883],[120.4604,22.8904],[120.4627,22.8917],[120.4633,22.893],[120.4643,22.8935],[120.4647,22.8928],[120.4674,22.8914],[120.4685,22.8922],[120.4699,22.8942],[120.4697,22.8963],[120.4691,22.8971],[120.4692,22.8987],[120.4706,22.9017],[120.4717,22.9029],[120.4715,22.9035],[120.4739,22.9073],[120.4751,22.9085],[120.4748,22.9095],[120.4769,22.9115],[120.4769,22.9127],[120.4783,22.9139],[120.4799,22.9146],[120.4799,22.9169],[120.4812,22.9176],[120.4812,22.9185],[120.482,22.9201],[120.4813,22.9223],[120.4799,22.9232],[120.4799,22.924],[120.4818,22.9247],[120.4829,22.9257],[120.4833,22.928],[120.4829,22.9289],[120.4815,22.9302],[120.4812,22.9326],[120.4817,22.9344],[120.4816,22.9356],[120.4831,22.9386],[120.4831,22.9399],[120.4837,22.9397],[120.4846,22.9382],[120.4846,22.9374],[120.4871,22.9333],[120.4886,22.9326],[120.4908,22.933],[120.491,22.932],[120.4942,22.9318],[120.4951,22.9332],[120.4958,22.9332],[120.4961,22.9347],[120.4978,22.9369],[120.4979,22.9404],[120.4995,22.9421],[120.4992,22.9435],[120.4993,22.9466],[120.4984,22.9482],[120.4991,22.9491],[120.5008,22.9501],[120.5005,22.9506],[120.5022,22.9517],[120.5035,22.9516],[120.5063,22.9549],[120.5085,22.9566],[120.5099,22.9568],[120.5108,22.9583],[120.5094,22.9608],[120.5099,22.962],[120.5085,22.9646],[120.5095,22.9655],[120.5102,22.9674],[120.5094,22.9683],[120.5101,22.9723],[120.5108,22.9731],[120.5112,22.975],[120.5118,22.9758],[120.5132,22.9762],[120.5148,22.9772],[120.5154,22.9769],[120.5166,22.9778],[120.5179,22.9776],[120.5192,22.9781],[120.5197,22.9801],[120.5203,22.9801],[120.5209,22.979],[120.5222,22.978],[120.5246,22.9787],[120.5271,22.9775],[120.5287,22.976],[120.5292,22.9736],[120.5276,22.9697],[120.5267,22.9683],[120.5247,22.9669],[120.5237,22.965],[120.5222,22.9606],[120.5242,22.9526],[120.5236,22.9516],[120.5213,22.9514],[120.5196,22.9499],[120.5191,22.9477],[120.5191,22.9457],[120.5207,22.9434],[120.521,22.9415],[120.5206,22.9403],[120.5192,22.9393],[120.5194,22.9367],[120.5206,22.9353],[120.5227,22.9321],[120.5239,22.9297],[120.5239,22.9289],[120.523,22.9274],[120.5205,22.9248],[120.5195,22.923],[120.5191,22.9211],[120.5169,22.9184],[120.5162,22.9165],[120.5145,22.9158],[120.516,22.9141],[120.5166,22.9128],[120.5165,22.9113],[120.5154,22.9096],[120.5127,22.9088],[120.5106,22.9072],[120.5097,22.9054],[120.5076,22.9039],[120.5056,22.9013],[120.5053,22.8985],[120.5067,22.8976],[120.5072,22.896],[120.5078,22.8962],[120.5086,22.8949],[120.5072,22.891],[120.5077,22.887],[120.5056,22.886],[120.5051,22.8831],[120.5041,22.8822],[120.5031,22.88],[120.5034,22.8781],[120.503,22.8775],[120.5019,22.8777],[120.5036,22.8747],[120.5028,22.8731],[120.5021,22.8732],[120.5024,22.8718],[120.4982,22.8711],[120.4971,22.8686],[120.496,22.8674],[120.4953,22.8651],[120.4966,22.8652],[120.4989,22.8649],[120.4994,22.8639],[120.5038,22.8633],[120.505,22.8638],[120.5069,22.8633],[120.5103,22.863],[120.5112,22.8625],[120.5163,22.8625],[120.5172,22.8624],[120.5178,22.8595],[120.5196,22.8589],[120.5185,22.8443],[120.5181,22.8433],[120.5146,22.8434],[120.5108,22.8421],[120.5078,22.8421],[120.5078,22.8366],[120.5075,22.8346],[120.5053,22.8315]]]}},{"type":"Feature","properties":{"name":"美濃區","county":"高雄市","town":"美濃區"},"geometry":{"type":"Polygon","coordinates":[[[120.5667,22.8383],[120.5636,22.8353],[120.5615,22.8338],[120.5576,22.8321],[120.5542,22.8288],[120.5523,22.8283],[120.548,22.8284],[120.5441,22.8298],[120.5422,22.8294],[120.5414,22.8296],[120.5365,22.8293],[120.535,22.8297],[120.534,22.8306],[120.531,22.8308],[120.5298,22.8317],[120.5306,22.833],[120.5275,22.8322],[120.5243,22.832],[120.5235,22.8329],[120.5201,22.8324],[120.5199,22.8314],[120.5157,22.8316],[120.5136,22.8308],[120.51,22.8285],[120.5089,22.8296],[120.5055,22.8311],[120.5053,22.8315],[120.5075,22.8346],[120.5078,22.8366],[120.5078,22.8421],[120.5108,22.8421],[120.5146,22.8434],[120.5181,22.8433],[120.5185,22.8443],[120.5196,22.8589],[120.5178,22.8595],[120.5172,22.8624],[120.5163,22.8625],[120.5112,22.8625],[120.5103,22.863],[120.5069,22.8633],[120.505,22.8638],[120.5038,22.8633],[120.4994,22.8639],[120.4989,22.8649],[120.4966,22.8652],[120.4953,22.8651],[120.496,22.8674],[120.4971,22.8686],[120.4982,22.8711],[120.5024,22.8718],[120.5021,22.8732],[120.5028,22.8731],[120.5036,22.8747],[120.5019,22.8777],[120.503,22.8775],[120.5034,22.8781],[120.5031,22.88],[120.5041,22.8822],[120.5051,22.8831],[120.5056,22.886],[120.5077,22.887],[120.5072,22.891],[120.5086,22.8949],[120.5078,22.8962],[120.5072,22.896],[120.5067,22.8976],[120.5053,22.8985],[120.5056,22.9013],[120.5076,22.9039],[120.5097,22.9054],[120.5106,22.9072],[120.5127,22.9088],[120.5154,22.9096],[120.5165,22.9113],[120.5204,22.9135],[120.523,22.9135],[120.5247,22.9155],[120.527,22.9162],[120.5273,22.9168],[120.5273,22.9194],[120.5282,22.9217],[120.5303,22.9224],[120.5323,22.9247],[120.5341,22.9245],[120.5357,22.9248],[120.5372,22.9263],[120.5368,22.9279],[120.5392,22.93],[120.5395,22.9311],[120.5413,22.9329],[120.5435,22.9345],[120.5466,22.9351],[120.5478,22.9357],[120.5488,22.9371],[120.5498,22.9376],[120.5509,22.9398],[120.5519,22.941],[120.554,22.9412],[120.5559,22.9423],[120.5576,22.9419],[120.5601,22.9409],[120.5615,22.9411],[120.5655,22.9399],[120.5669,22.9409],[120.5691,22.941],[120.572,22.9424],[120.5743,22.9447],[120.5752,22.9472],[120.5744,22.9482],[120.5745,22.9498],[120.5762,22.9508],[120.5767,22.953],[120.5763,22.9546],[120.5755,22.9559],[120.5736,22.9577],[120.5744,22.9606],[120.5762,22.9628],[120.5772,22.9647],[120.5806,22.9679],[120.582,22.9698],[120.5831,22.9706],[120.5844,22.9707],[120.5863,22.9723],[120.5872,22.9726],[120.5882,22.9738],[120.5898,22.9749],[120.5907,22.9749],[120.5933,22.9733],[120.5952,22.9734],[120.5965,22.9731],[120.6002,22.9737],[120.6012,22.9778],[120.6024,22.9804],[120.6046,22.981],[120.6041,22.9817],[120.6055,22.9834],[120.607,22.982],[120.6082,22.9813],[120.6094,22.9795],[120.6144,22.9787],[120.62,22.979],[120.6225,22.9779],[120.6237,22.978],[120.6256,22.9765],[120.6275,22.9737],[120.6283,22.9709],[120.6278,22.9698],[120.628,22.9685],[120.6274,22.9677],[120.6274,22.9663],[120.6265,22.9639],[120.6271,22.9621],[120.627,22.9609],[120.6263,22.9596],[120.6265,22.959],[120.6259,22.9553],[120.6252,22.953],[120.6242,22.9519],[120.6241,22.9508],[120.6257,22.9494],[120.6264,22.9446],[120.6254,22.9429],[120.6227,22.9415],[120.6212,22.9398],[120.622,22.9375],[120.6215,22.9365],[120.62,22.9349],[120.6188,22.9344],[120.6181,22.9326],[120.6167,22.931],[120.6173,22.9293],[120.6162,22.9242],[120.6161,22.9233],[120.613,22.9201],[120.611,22.92],[120.6091,22.9209],[120.6081,22.9226],[120.606,22.9218],[120.6032,22.9217],[120.6019,22.9208],[120.6035,22.9193],[120.6038,22.9175],[120.6036,22.9164],[120.6021,22.914],[120.6021,22.912],[120.601,22.9098],[120.6003,22.9093],[120.5979,22.9087],[120.597,22.9071],[120.6004,22.9052],[120.5991,22.9026],[120.5971,22.901],[120.596,22.8967],[120.5971,22.8957],[120.597,22.8937],[120.5959,22.8924],[120.5967,22.8901],[120.5974,22.8892],[120.5961,22.8875],[120.5971,22.8857],[120.5969,22.8848],[120.5957,22.884],[120.5951,22.882],[120.593,22.8805],[120.5939,22.8789],[120.5935,22.8775],[120.5927,22.8762],[120.5935,22.8753],[120.5923,22.8741],[120.5924,22.8728],[120.5931,22.8721],[120.5942,22.8696],[120.5943,22.868],[120.5951,22.8676],[120.5956,22.8652],[120.5952,22.8636],[120.5856,22.8565],[120.5748,22.8482],[120.5707,22.8444],[120.5696,22.8431],[120.5667,22.8383]]]}},{"type":"Feature","properties":{"name":"六龜區","county":"高雄市","town":"六龜區"},"geometry":{"type":"Polygon","coordinates":[[[120.6477,22.8796],[120.6476,22.8807],[120.6465,22.8838],[120.645,22.8852],[120.6404,22.8831],[120.637,22.8823],[120.6344,22.8807],[120.6304,22.8799],[120.626,22.8783],[120.6225,22.8763],[120.6206,22.8756],[120.6167,22.8768],[120.6151,22.8767],[120.613,22.8761],[120.6058,22.8732],[120.6023,22.8707],[120.5981,22.8669],[120.5952,22.8636],[120.5956,22.8652],[120.5951,22.8676],[120.5943,22.868],[120.5942,22.8696],[120.5931,22.8721],[120.5924,22.8728],[120.5923,22.8741],[120.5935,22.8753],[120.5927,22.8762],[120.5935,22.8775],[120.5939,22.8789],[120.593,22.8805],[120.5951,22.882],[120.5957,22.884],[120.5969,22.8848],[120.5971,22.8857],[120.5961,22.8875],[120.5974,22.8892],[120.5967,22.8901],[120.5959,22.8924],[120.597,22.8937],[120.5971,22.8957],[120.596,22.8967],[120.5971,22.901],[120.5991,22.9026],[120.6004,22.9052],[120.597,22.9071],[120.5979,22.9087],[120.6003,22.9093],[120.601,22.9098],[120.6021,22.912],[120.6021,22.914],[120.6036,22.9164],[120.6038,22.9175],[120.6035,22.9193],[120.6019,22.9208],[120.6032,22.9217],[120.606,22.9218],[120.6081,22.9226],[120.6091,22.9209],[120.611,22.92],[120.613,22.9201],[120.6161,22.9233],[120.6162,22.9242],[120.6173,22.9293],[120.6167,22.931],[120.6181,22.9326],[120.6188,22.9344],[120.62,22.9349],[120.6215,22.9365],[120.622,22.9375],[120.6212,22.9398],[120.6227,22.9415],[120.6254,22.9429],[120.6264,22.9446],[120.6257,22.9494],[120.6241,22.9508],[120.6242,22.9519],[120.6252,22.953],[120.6259,22.9553],[120.6265,22.959],[120.6263,22.9596],[120.627,22.9609],[120.6271,22.9621],[120.6265,22.9639],[120.6274,22.9663],[120.6274,22.9677],[120.628,22.9685],[120.6278,22.9698],[120.6283,22.9709],[120.6275,22.9737],[120.6256,22.9765],[120.6237,22.978],[120.6216,22.9829],[120.6211,22.9858],[120.62,22.9868],[120.6195,22.9889],[120.6202,22.991],[120.6196,22.9932],[120.6196,22.9947],[120.6184,22.9976],[120.6191,22.9998],[120.6189,23.001],[120.6203,23.0032],[120.6217,23.0049],[120.621,23.0076],[120.6212,23.0097],[120.6207,23.0102],[120.6201,23.0127],[120.6201,23.0144],[120.6212,23.0164],[120.6216,23.0189],[120.6197,23.0237],[120.6177,23.0242],[120.6165,23.026],[120.6146,23.0274],[120.6127,23.0296],[120.6116,23.0303],[120.6104,23.0303],[120.6085,23.0313],[120.6087,23.0338],[120.6081,23.0363],[120.61,23.037],[120.6121,23.0397],[120.6144,23.0401],[120.6159,23.0421],[120.618,23.0437],[120.6195,23.0445],[120.6213,23.0462],[120.6219,23.0478],[120.624,23.0476],[120.625,23.048],[120.6241,23.0506],[120.6233,23.0513],[120.6231,23.0533],[120.6248,23.0591],[120.6254,23.0601],[120.6264,23.0627],[120.6247,23.064],[120.6244,23.0655],[120.629,23.0681],[120.6308,23.0701],[120.6313,23.0711],[120.6334,23.0722],[120.6342,23.0722],[120.6359,23.0732],[120.6377,23.0752],[120.6398,23.0786],[120.6395,23.0826],[120.6384,23.0845],[120.6381,23.086],[120.637,23.0872],[120.638,23.0889],[120.6392,23.0891],[120.6434,23.0914],[120.6458,23.0922],[120.6477,23.0915],[120.6496,23.0919],[120.6493,23.0929],[120.6507,23.0949],[120.6513,23.0967],[120.6498,23.1002],[120.6501,23.1013],[120.6526,23.1046],[120.6541,23.1072],[120.6556,23.109],[120.6562,23.1111],[120.6562,23.1132],[120.6571,23.1144],[120.6599,23.1167],[120.6627,23.1183],[120.6646,23.1185],[120.6658,23.1194],[120.6667,23.1173],[120.671,23.1141],[120.6721,23.113],[120.6735,23.1123],[120.6736,23.111],[120.675,23.1079],[120.6734,23.1052],[120.6737,23.1038],[120.6749,23.1022],[120.6753,23.1009],[120.6767,23.0994],[120.6766,23.0983],[120.6777,23.0968],[120.6797,23.0945],[120.6817,23.0938],[120.6833,23.0943],[120.6841,23.0925],[120.6859,23.0929],[120.6869,23.0925],[120.687,23.094],[120.6894,23.0972],[120.6906,23.0982],[120.693,23.1011],[120.6954,23.1064],[120.695,23.1084],[120.6938,23.1088],[120.6917,23.1107],[120.6897,23.1117],[120.688,23.112],[120.6859,23.1149],[120.6849,23.1172],[120.6821,23.1213],[120.68,23.1265],[120.6772,23.1288],[120.6755,23.1292],[120.6766,23.1319],[120.6767,23.1333],[120.6779,23.1356],[120.679,23.1397],[120.6798,23.1407],[120.683,23.1375],[120.6854,23.1363],[120.6876,23.1347],[120.6909,23.135],[120.6925,23.134],[120.6939,23.1311],[120.6958,23.1291],[120.6967,23.1276],[120.7009,23.1247],[120.702,23.1227],[120.7052,23.1182],[120.7071,23.1165],[120.7105,23.1155],[120.7135,23.116],[120.7163,23.1183],[120.7177,23.1189],[120.7204,23.1196],[120.7261,23.1192],[120.7277,23.1188],[120.7302,23.1196],[120.7317,23.1209],[120.7332,23.1209],[120.735,23.1202],[120.7356,23.1192],[120.7371,23.1183],[120.7402,23.1175],[120.7424,23.1177],[120.7437,23.1175],[120.7455,23.1178],[120.7447,23.1171],[120.7446,23.1145],[120.7437,23.114],[120.7428,23.1116],[120.7421,23.1113],[120.7419,23.1099],[120.7401,23.1076],[120.7378,23.1051],[120.7363,23.1031],[120.733,23.1013],[120.7292,23.0982],[120.7281,23.0977],[120.7266,23.0978],[120.7227,23.0998],[120.7207,23.1007],[120.7192,23.1008],[120.7172,23.1013],[120.7137,23.1005],[120.7095,23.0983],[120.7093,23.0955],[120.7098,23.0943],[120.709,23.0915],[120.7077,23.0897],[120.7066,23.0888],[120.7064,23.0875],[120.7089,23.0829],[120.7087,23.081],[120.7094,23.0778],[120.7093,23.0753],[120.709,23.0731],[120.7112,23.0729],[120.7122,23.0723],[120.713,23.0698],[120.7137,23.0684],[120.7158,23.0669],[120.7177,23.0632],[120.7203,23.0614],[120.7222,23.0595],[120.7241,23.0585],[120.7242,23.0576],[120.7234,23.0559],[120.7224,23.055],[120.7206,23.0547],[120.719,23.0521],[120.7164,23.0511],[120.7152,23.0482],[120.7139,23.046],[120.7138,23.0445],[120.7112,23.0428],[120.7098,23.0426],[120.7069,23.041],[120.706,23.041],[120.7029,23.0394],[120.7012,23.0365],[120.7005,23.0347],[120.6997,23.0313],[120.6997,23.0286],[120.6988,23.0271],[120.6983,23.0255],[120.6968,23.0236],[120.6931,23.0201],[120.692,23.0198],[120.6915,23.0188],[120.6895,23.0177],[120.6877,23.0155],[120.6847,23.0127],[120.6842,23.0116],[120.6826,23.0094],[120.679,23.0072],[120.6772,23.005],[120.6747,23.0036],[120.6776,23.0017],[120.6806,23.0003],[120.6842,22.9996],[120.6866,22.9996],[120.688,22.9989],[120.6937,22.9976],[120.6923,22.9952],[120.6911,22.9936],[120.6884,22.9918],[120.684,22.9912],[120.6824,22.9903],[120.6807,22.99],[120.6781,22.989],[120.6754,22.9871],[120.6738,22.9862],[120.6719,22.9843],[120.6708,22.9827],[120.6699,22.9798],[120.6682,22.9773],[120.6646,22.9712],[120.663,22.9674],[120.6632,22.9663],[120.6651,22.9626],[120.666,22.9612],[120.6657,22.9571],[120.6677,22.9548],[120.6689,22.953],[120.6706,22.9483],[120.6727,22.9458],[120.6716,22.9443],[120.6711,22.9421],[120.6715,22.9382],[120.6713,22.9353],[120.6716,22.9338],[120.6701,22.9293],[120.6705,22.9267],[120.6695,22.923],[120.6696,22.9204],[120.6705,22.9183],[120.6699,22.9166],[120.6682,22.9136],[120.6663,22.911],[120.6643,22.9088],[120.6626,22.9049],[120.6607,22.9022],[120.6596,22.9002],[120.6586,22.8969],[120.6581,22.896],[120.6553,22.8931],[120.6518,22.8885],[120.6502,22.8858],[120.6495,22.8821],[120.6495,22.878],[120.6491,22.877],[120.6479,22.8779],[120.6477,22.8796]]]}},{"type":"Feature","properties":{"name":"甲仙區","county":"高雄市","town":"甲仙區"},"geometry":{"type":"Polygon","coordinates":[[[120.6658,23.1194],[120.6646,23.1185],[120.6627,23.1183],[120.6599,23.1167],[120.6571,23.1144],[120.6562,23.1132],[120.6562,23.1111],[120.6556,23.109],[120.6541,23.1072],[120.6526,23.1046],[120.6501,23.1013],[120.6498,23.1002],[120.6513,23.0967],[120.6507,23.0949],[120.6493,23.0929],[120.6496,23.0919],[120.6477,23.0915],[120.6458,23.0922],[120.6434,23.0914],[120.6392,23.0891],[120.638,23.0889],[120.637,23.0872],[120.6381,23.086],[120.6384,23.0845],[120.6395,23.0826],[120.6398,23.0786],[120.6377,23.0752],[120.6359,23.0732],[120.6342,23.0722],[120.6334,23.0722],[120.6313,23.0711],[120.6308,23.0701],[120.629,23.0681],[120.6244,23.0655],[120.6247,23.064],[120.6264,23.0627],[120.6254,23.0601],[120.6248,23.0591],[120.6231,23.0533],[120.6233,23.0513],[120.6241,23.0506],[120.625,23.048],[120.624,23.0476],[120.6219,23.0478],[120.6213,23.0462],[120.6195,23.0445],[120.618,23.0437],[120.6159,23.0421],[120.6144,23.0401],[120.6121,23.0397],[120.61,23.037],[120.6081,23.0363],[120.6067,23.037],[120.6017,23.0375],[120.6003,23.0393],[120.6009,23.0402],[120.6007,23.0422],[120.6,23.0434],[120.5988,23.0441],[120.5979,23.0454],[120.5968,23.0459],[120.5948,23.0477],[120.5922,23.0486],[120.5911,23.05],[120.5899,23.0498],[120.5879,23.0524],[120.5859,23.0533],[120.5831,23.0508],[120.581,23.0501],[120.5781,23.0481],[120.5779,23.046],[120.5767,23.0449],[120.574,23.0443],[120.57,23.0445],[120.5693,23.0438],[120.5634,23.0438],[120.5629,23.0445],[120.5601,23.0438],[120.559,23.043],[120.5558,23.0386],[120.5547,23.0387],[120.5523,23.0407],[120.5504,23.0426],[120.5503,23.0434],[120.5495,23.0422],[120.5467,23.0426],[120.5466,23.0466],[120.5468,23.0495],[120.5456,23.0506],[120.5445,23.0507],[120.545,23.0544],[120.5447,23.0563],[120.5435,23.0587],[120.5432,23.0602],[120.5414,23.0622],[120.5424,23.0634],[120.5438,23.0633],[120.5457,23.0641],[120.5465,23.0655],[120.5483,23.066],[120.5519,23.0678],[120.5528,23.0678],[120.5545,23.0689],[120.5562,23.0708],[120.5571,23.0714],[120.5592,23.0739],[120.5587,23.0753],[120.5604,23.0772],[120.5627,23.0784],[120.5634,23.0801],[120.5654,23.0807],[120.5671,23.082],[120.568,23.0837],[120.5691,23.0843],[120.5731,23.0898],[120.5748,23.0914],[120.5741,23.0946],[120.5756,23.0956],[120.5764,23.0971],[120.5772,23.0994],[120.5811,23.1051],[120.5825,23.106],[120.5832,23.1081],[120.5869,23.1122],[120.5882,23.1143],[120.5884,23.1185],[120.5889,23.12],[120.5884,23.1224],[120.5905,23.1272],[120.5929,23.1302],[120.5948,23.1318],[120.5954,23.1336],[120.5952,23.1344],[120.5963,23.1369],[120.5976,23.1374],[120.599,23.1411],[120.6005,23.1428],[120.6011,23.1442],[120.6038,23.1449],[120.6057,23.1467],[120.6055,23.1484],[120.6074,23.1483],[120.609,23.1493],[120.6105,23.1509],[120.6118,23.1517],[120.6123,23.1536],[120.6111,23.1559],[120.6125,23.1573],[120.6134,23.1593],[120.6149,23.1595],[120.6159,23.1609],[120.6166,23.1631],[120.6205,23.1628],[120.623,23.1639],[120.6246,23.166],[120.6252,23.1678],[120.627,23.168],[120.6278,23.1686],[120.6311,23.1704],[120.6307,23.1719],[120.6295,23.1733],[120.6292,23.1742],[120.6299,23.1745],[120.6327,23.1745],[120.634,23.175],[120.6353,23.1747],[120.6362,23.1751],[120.6366,23.177],[120.6374,23.1785],[120.6373,23.1804],[120.6383,23.1816],[120.6411,23.1829],[120.6402,23.1834],[120.6384,23.1857],[120.6377,23.1879],[120.6366,23.1901],[120.637,23.1913],[120.639,23.1927],[120.6396,23.1954],[120.6407,23.1975],[120.641,23.1988],[120.6427,23.2002],[120.6431,23.2011],[120.6433,23.2033],[120.6447,23.2047],[120.6462,23.2071],[120.6474,23.2073],[120.6484,23.2086],[120.6514,23.2085],[120.6534,23.2077],[120.6572,23.2038],[120.658,23.2009],[120.6602,23.2001],[120.6613,23.2003],[120.6635,23.1997],[120.6663,23.1995],[120.6684,23.1985],[120.6734,23.1985],[120.6776,23.1967],[120.68,23.1965],[120.6826,23.1948],[120.6809,23.1906],[120.6813,23.1879],[120.681,23.1871],[120.6809,23.1828],[120.6824,23.1806],[120.6835,23.1799],[120.6842,23.1787],[120.6869,23.1765],[120.6898,23.1761],[120.6906,23.1747],[120.6913,23.1719],[120.689,23.1678],[120.6875,23.1664],[120.6861,23.1632],[120.686,23.1613],[120.6852,23.1591],[120.6854,23.1563],[120.6847,23.1545],[120.683,23.1522],[120.6821,23.1484],[120.6812,23.1466],[120.6798,23.1432],[120.6798,23.1407],[120.679,23.1397],[120.6779,23.1356],[120.6767,23.1333],[120.6766,23.1319],[120.6755,23.1292],[120.6735,23.1264],[120.6712,23.1252],[120.67,23.1237],[120.6682,23.122],[120.6658,23.1194]]]}},{"type":"Feature","properties":{"name":"杉林區","county":"高雄市","town":"杉林區"},"geometry":{"type":"Polygon","coordinates":[[[120.5165,22.9113],[120.5166,22.9128],[120.516,22.9141],[120.5145,22.9158],[120.5162,22.9165],[120.5169,22.9184],[120.5191,22.9211],[120.5195,22.923],[120.5205,22.9248],[120.523,22.9274],[120.5239,22.9289],[120.5239,22.9297],[120.5227,22.9321],[120.5206,22.9353],[120.5194,22.9367],[120.5192,22.9393],[120.5206,22.9403],[120.521,22.9415],[120.5207,22.9434],[120.5191,22.9457],[120.5191,22.9477],[120.5196,22.9499],[120.5213,22.9514],[120.5236,22.9516],[120.5242,22.9526],[120.5222,22.9606],[120.5237,22.965],[120.5247,22.9669],[120.5267,22.9683],[120.5276,22.9697],[120.5292,22.9736],[120.5287,22.976],[120.5271,22.9775],[120.5246,22.9787],[120.5222,22.978],[120.5209,22.979],[120.5203,22.9801],[120.5203,22.9824],[120.5226,22.9862],[120.5223,22.9885],[120.5236,22.99],[120.5246,22.9901],[120.5253,22.9934],[120.5269,22.995],[120.5272,22.997],[120.5262,22.9978],[120.526,22.9987],[120.5271,23],[120.5297,23.001],[120.5296,23.0036],[120.53,23.0042],[120.5295,23.0057],[120.5303,23.0071],[120.5304,23.0084],[120.5312,23.0105],[120.5343,23.0128],[120.5353,23.0149],[120.5354,23.0175],[120.5369,23.0215],[120.5367,23.0234],[120.5373,23.025],[120.5336,23.0281],[120.5318,23.0265],[120.5296,23.0255],[120.5289,23.0247],[120.5262,23.0232],[120.5241,23.0215],[120.523,23.0202],[120.5207,23.0191],[120.5177,23.0183],[120.5162,23.0187],[120.5136,23.0187],[120.5112,23.0208],[120.5104,23.0209],[120.5083,23.0222],[120.5081,23.0232],[120.5069,23.0244],[120.5053,23.0245],[120.5035,23.0261],[120.5022,23.0276],[120.5037,23.0286],[120.5054,23.0306],[120.5055,23.0312],[120.5087,23.0348],[120.5105,23.0356],[120.5123,23.0373],[120.5124,23.0378],[120.5142,23.039],[120.5163,23.0418],[120.519,23.044],[120.5202,23.0453],[120.5222,23.0456],[120.5237,23.0477],[120.523,23.0496],[120.5263,23.0522],[120.527,23.0534],[120.5281,23.054],[120.5302,23.0559],[120.5331,23.0571],[120.5351,23.0574],[120.5366,23.0585],[120.5377,23.0589],[120.538,23.0608],[120.5397,23.0619],[120.5414,23.0622],[120.5432,23.0602],[120.5435,23.0587],[120.5447,23.0563],[120.545,23.0544],[120.5445,23.0507],[120.5456,23.0506],[120.5468,23.0495],[120.5466,23.0466],[120.5467,23.0426],[120.5495,23.0422],[120.5503,23.0434],[120.5504,23.0426],[120.5523,23.0407],[120.5547,23.0387],[120.5558,23.0386],[120.559,23.043],[120.5601,23.0438],[120.5629,23.0445],[120.5634,23.0438],[120.5693,23.0438],[120.57,23.0445],[120.574,23.0443],[120.5767,23.0449],[120.5779,23.046],[120.5781,23.0481],[120.581,23.0501],[120.5831,23.0508],[120.5859,23.0533],[120.5879,23.0524],[120.5899,23.0498],[120.5911,23.05],[120.5922,23.0486],[120.5948,23.0477],[120.5968,23.0459],[120.5979,23.0454],[120.5988,23.0441],[120.6,23.0434],[120.6007,23.0422],[120.6009,23.0402],[120.6003,23.0393],[120.6017,23.0375],[120.6067,23.037],[120.6081,23.0363],[120.6087,23.0338],[120.6085,23.0313],[120.6104,23.0303],[120.6116,23.0303],[120.6127,23.0296],[120.6146,23.0274],[120.6165,23.026],[120.6177,23.0242],[120.6197,23.0237],[120.6216,23.0189],[120.6212,23.0164],[120.6201,23.0144],[120.6201,23.0127],[120.6207,23.0102],[120.6212,23.0097],[120.621,23.0076],[120.6217,23.0049],[120.6203,23.0032],[120.6189,23.001],[120.6191,22.9998],[120.6184,22.9976],[120.6196,22.9947],[120.6196,22.9932],[120.6202,22.991],[120.6195,22.9889],[120.62,22.9868],[120.6211,22.9858],[120.6216,22.9829],[120.6237,22.978],[120.6225,22.9779],[120.62,22.979],[120.6144,22.9787],[120.6094,22.9795],[120.6082,22.9813],[120.607,22.982],[120.6055,22.9834],[120.6041,22.9817],[120.6046,22.981],[120.6024,22.9804],[120.6012,22.9778],[120.6002,22.9737],[120.5965,22.9731],[120.5952,22.9734],[120.5933,22.9733],[120.5907,22.9749],[120.5898,22.9749],[120.5882,22.9738],[120.5872,22.9726],[120.5863,22.9723],[120.5844,22.9707],[120.5831,22.9706],[120.582,22.9698],[120.5806,22.9679],[120.5772,22.9647],[120.5762,22.9628],[120.5744,22.9606],[120.5736,22.9577],[120.5755,22.9559],[120.5763,22.9546],[120.5767,22.953],[120.5762,22.9508],[120.5745,22.9498],[120.5744,22.9482],[120.5752,22.9472],[120.5743,22.9447],[120.572,22.9424],[120.5691,22.941],[120.5669,22.9409],[120.5655,22.9399],[120.5615,22.9411],[120.5601,22.9409],[120.5576,22.9419],[120.5559,22.9423],[120.554,22.9412],[120.5519,22.941],[120.5509,22.9398],[120.5498,22.9376],[120.5488,22.9371],[120.5478,22.9357],[120.5466,22.9351],[120.5435,22.9345],[120.5413,22.9329],[120.5395,22.9311],[120.5392,22.93],[120.5368,22.9279],[120.5372,22.9263],[120.5357,22.9248],[120.5341,22.9245],[120.5323,22.9247],[120.5303,22.9224],[120.5282,22.9217],[120.5273,22.9194],[120.5273,22.9168],[120.527,22.9162],[120.5247,22.9155],[120.523,22.9135],[120.5204,22.9135],[120.5165,22.9113]]]}},{"type":"Feature","properties":{"name":"內門區","county":"高雄市","town":"內門區"},"geometry":{"type":"Polygon","coordinates":[[[120.443,22.8856],[120.4414,22.8867],[120.4389,22.8855],[120.4356,22.886],[120.4339,22.8868],[120.4328,22.8869],[120.4327,22.891],[120.432,22.8922],[120.4312,22.8926],[120.43,22.8945],[120.4298,22.8958],[120.4282,22.8952],[120.4278,22.894],[120.4266,22.8934],[120.4257,22.8937],[120.4246,22.8928],[120.4232,22.8939],[120.4221,22.8935],[120.4228,22.8961],[120.4238,22.8966],[120.4238,22.8995],[120.4229,22.9003],[120.4217,22.8994],[120.4213,22.9009],[120.4219,22.9019],[120.4213,22.9028],[120.4218,22.9033],[120.4206,22.9038],[120.4202,22.9032],[120.4192,22.9041],[120.4194,22.9053],[120.4189,22.9057],[120.4181,22.9049],[120.4165,22.9052],[120.417,22.9061],[120.4166,22.9069],[120.4173,22.9084],[120.4161,22.91],[120.4149,22.9098],[120.4141,22.9091],[120.4136,22.9077],[120.4112,22.9088],[120.4099,22.9097],[120.4081,22.9098],[120.4077,22.9107],[120.4087,22.9123],[120.4097,22.9138],[120.4133,22.9153],[120.4152,22.9156],[120.4165,22.9164],[120.4177,22.9187],[120.4176,22.9197],[120.4189,22.922],[120.42,22.923],[120.4199,22.9241],[120.4208,22.9251],[120.4221,22.9275],[120.422,22.9293],[120.4228,22.9309],[120.4249,22.9332],[120.4246,22.9337],[120.4258,22.9362],[120.4255,22.938],[120.4262,22.9394],[120.4284,22.9405],[120.4284,22.9421],[120.4293,22.944],[120.4307,22.9485],[120.4317,22.9496],[120.4327,22.9526],[120.433,22.9559],[120.4341,22.9573],[120.4353,22.9594],[120.4365,22.9616],[120.4373,22.9623],[120.4378,22.9646],[120.4392,22.9678],[120.4397,22.9683],[120.4409,22.9712],[120.4422,22.9739],[120.4422,22.9758],[120.4426,22.9773],[120.4437,22.9779],[120.4443,22.9793],[120.4452,22.9795],[120.4496,22.9772],[120.4518,22.9786],[120.453,22.9777],[120.4531,22.9786],[120.4547,22.9806],[120.4548,22.9826],[120.4532,22.9848],[120.4536,22.9856],[120.4535,22.9873],[120.4553,22.9911],[120.4569,22.9909],[120.4579,22.9902],[120.4596,22.9899],[120.4611,22.9909],[120.4611,22.9923],[120.4603,22.9929],[120.4604,22.9937],[120.4591,22.9959],[120.4602,22.9974],[120.4615,22.9981],[120.4605,23.0003],[120.4596,23.0007],[120.4597,23.0018],[120.4604,23.0034],[120.4617,23.0041],[120.4627,23.0032],[120.4635,23.0035],[120.4661,23.0033],[120.4672,23.0036],[120.4682,23.0026],[120.4705,23.0024],[120.4751,23.0032],[120.4775,23.0032],[120.4783,23.0035],[120.48,23.003],[120.4794,23.005],[120.4804,23.0063],[120.4815,23.0122],[120.4827,23.0156],[120.4858,23.0184],[120.492,23.0212],[120.495,23.0233],[120.4976,23.0241],[120.4985,23.0254],[120.5003,23.0259],[120.5022,23.0276],[120.5035,23.0261],[120.5053,23.0245],[120.5069,23.0244],[120.5081,23.0232],[120.5083,23.0222],[120.5104,23.0209],[120.5112,23.0208],[120.5136,23.0187],[120.5162,23.0187],[120.5177,23.0183],[120.5207,23.0191],[120.523,23.0202],[120.5241,23.0215],[120.5262,23.0232],[120.5289,23.0247],[120.5296,23.0255],[120.5318,23.0265],[120.5336,23.0281],[120.5373,23.025],[120.5367,23.0234],[120.5369,23.0215],[120.5354,23.0175],[120.5353,23.0149],[120.5343,23.0128],[120.5312,23.0105],[120.5304,23.0084],[120.5303,23.0071],[120.5295,23.0057],[120.53,23.0042],[120.5296,23.0036],[120.5297,23.001],[120.5271,23],[120.526,22.9987],[120.5262,22.9978],[120.5272,22.997],[120.5269,22.995],[120.5253,22.9934],[120.5246,22.9901],[120.5236,22.99],[120.5223,22.9885],[120.5226,22.9862],[120.5203,22.9824],[120.5203,22.9801],[120.5197,22.9801],[120.5192,22.9781],[120.5179,22.9776],[120.5166,22.9778],[120.5154,22.9769],[120.5148,22.9772],[120.5132,22.9762],[120.5118,22.9758],[120.5112,22.975],[120.5108,22.9731],[120.5101,22.9723],[120.5094,22.9683],[120.5102,22.9674],[120.5095,22.9655],[120.5085,22.9646],[120.5099,22.962],[120.5094,22.9608],[120.5108,22.9583],[120.5099,22.9568],[120.5085,22.9566],[120.5063,22.9549],[120.5035,22.9516],[120.5022,22.9517],[120.5005,22.9506],[120.5008,22.9501],[120.4991,22.9491],[120.4984,22.9482],[120.4993,22.9466],[120.4992,22.9435],[120.4995,22.9421],[120.4979,22.9404],[120.4978,22.9369],[120.4961,22.9347],[120.4958,22.9332],[120.4951,22.9332],[120.4942,22.9318],[120.491,22.932],[120.4908,22.933],[120.4886,22.9326],[120.4871,22.9333],[120.4846,22.9374],[120.4846,22.9382],[120.4837,22.9397],[120.4831,22.9399],[120.4831,22.9386],[120.4816,22.9356],[120.4817,22.9344],[120.4812,22.9326],[120.4815,22.9302],[120.4829,22.9289],[120.4833,22.928],[120.4829,22.9257],[120.4818,22.9247],[120.4799,22.924],[120.4799,22.9232],[120.4813,22.9223],[120.482,22.9201],[120.4812,22.9185],[120.4812,22.9176],[120.4799,22.9169],[120.4799,22.9146],[120.4783,22.9139],[120.4769,22.9127],[120.4769,22.9115],[120.4748,22.9095],[120.4751,22.9085],[120.4739,22.9073],[120.4715,22.9035],[120.4717,22.9029],[120.4706,22.9017],[120.4692,22.8987],[120.4691,22.8971],[120.4697,22.8963],[120.4699,22.8942],[120.4685,22.8922],[120.4674,22.8914],[120.4647,22.8928],[120.4643,22.8935],[120.4633,22.893],[120.4627,22.8917],[120.4604,22.8904],[120.4586,22.8883],[120.4581,22.8887],[120.4557,22.8885],[120.4535,22.8881],[120.4519,22.8868],[120.4498,22.8869],[120.4491,22.8874],[120.4479,22.887],[120.4463,22.8873],[120.4441,22.8865],[120.443,22.8856]]]}},{"type":"Feature","properties":{"name":"茂林區","county":"高雄市","town":"茂林區"},"geometry":{"type":"Polygon","coordinates":[[[120.7742,22.838],[120.7729,22.8411],[120.7715,22.8419],[120.7699,22.8445],[120.7685,22.8452],[120.7659,22.8487],[120.764,22.8493],[120.7638,22.8517],[120.763,22.8546],[120.7622,22.8568],[120.7588,22.8609],[120.7565,22.8622],[120.7553,22.8644],[120.7539,22.8652],[120.7523,22.8647],[120.7492,22.8657],[120.7466,22.8678],[120.7464,22.8692],[120.7442,22.8712],[120.7427,22.8736],[120.7411,22.8741],[120.7375,22.8743],[120.7333,22.8753],[120.7309,22.8763],[120.727,22.879],[120.725,22.8808],[120.7221,22.8813],[120.7205,22.882],[120.7171,22.881],[120.7135,22.8808],[120.7098,22.8811],[120.7083,22.8816],[120.7046,22.8807],[120.7025,22.8792],[120.7014,22.8765],[120.6989,22.8743],[120.6979,22.8731],[120.692,22.8685],[120.692,22.8677],[120.6906,22.8649],[120.6862,22.8646],[120.684,22.8635],[120.6792,22.863],[120.6789,22.8627],[120.6781,22.8595],[120.6767,22.8572],[120.6748,22.8567],[120.6721,22.8564],[120.6699,22.8569],[120.6686,22.8587],[120.6643,22.8588],[120.6609,22.8597],[120.6595,22.8619],[120.6593,22.8642],[120.6586,22.8661],[120.6597,22.87],[120.6584,22.8743],[120.6583,22.8785],[120.6581,22.8797],[120.6565,22.8813],[120.6549,22.8815],[120.6523,22.8795],[120.651,22.8772],[120.6491,22.877],[120.6495,22.878],[120.6495,22.8821],[120.6502,22.8858],[120.6518,22.8885],[120.6553,22.8931],[120.6581,22.896],[120.6586,22.8969],[120.6596,22.9002],[120.6607,22.9022],[120.6626,22.9049],[120.6643,22.9088],[120.6663,22.911],[120.6682,22.9136],[120.6699,22.9166],[120.6705,22.9183],[120.6696,22.9204],[120.6695,22.923],[120.6705,22.9267],[120.6701,22.9293],[120.6716,22.9338],[120.6713,22.9353],[120.6715,22.9382],[120.6711,22.9421],[120.6716,22.9443],[120.6727,22.9458],[120.6706,22.9483],[120.6689,22.953],[120.6677,22.9548],[120.6657,22.9571],[120.666,22.9612],[120.6651,22.9626],[120.6632,22.9663],[120.663,22.9674],[120.6646,22.9712],[120.6682,22.9773],[120.6699,22.9798],[120.6708,22.9827],[120.6721,22.9825],[120.6754,22.9807],[120.6824,22.9782],[120.686,22.978],[120.6873,22.9787],[120.6883,22.9807],[120.6914,22.9818],[120.6932,22.9817],[120.6943,22.9822],[120.6967,22.984],[120.6976,22.985],[120.6994,22.986],[120.702,22.9885],[120.7043,22.9898],[120.7057,22.9902],[120.7081,22.9904],[120.7119,22.9927],[120.7128,22.9946],[120.7153,22.9967],[120.7181,22.9976],[120.7192,22.9984],[120.7196,22.9999],[120.7225,23.0019],[120.7244,23.0023],[120.7268,22.998],[120.7283,22.996],[120.731,22.9953],[120.7324,22.994],[120.7344,22.9934],[120.7357,22.9926],[120.7381,22.9902],[120.7395,22.986],[120.7408,22.9849],[120.7432,22.9843],[120.7445,22.9826],[120.7474,22.982],[120.7501,22.9842],[120.7532,22.9842],[120.7567,22.9835],[120.7592,22.9836],[120.7605,22.9831],[120.7638,22.9835],[120.7661,22.9829],[120.7679,22.9829],[120.7711,22.9834],[120.7725,22.9846],[120.7734,22.9865],[120.7756,22.9882],[120.7765,22.9908],[120.7822,22.9935],[120.7829,22.9926],[120.7853,22.9918],[120.7883,22.9897],[120.7914,22.9891],[120.7935,22.9873],[120.7968,22.987],[120.7991,22.9856],[120.8008,22.9855],[120.8023,22.986],[120.8032,22.9868],[120.8053,22.987],[120.8067,22.9874],[120.8081,22.9894],[120.8103,22.9853],[120.8146,22.9817],[120.8161,22.9798],[120.8175,22.9793],[120.8216,22.9787],[120.8234,22.9778],[120.8272,22.9767],[120.8294,22.9752],[120.8289,22.9735],[120.8302,22.9703],[120.8302,22.97],[120.8278,22.9683],[120.8257,22.9673],[120.825,22.9665],[120.8222,22.9646],[120.8223,22.9637],[120.8209,22.9624],[120.8209,22.9609],[120.8228,22.9564],[120.8231,22.9549],[120.8242,22.9539],[120.8248,22.9524],[120.8236,22.9505],[120.8226,22.9482],[120.8218,22.9451],[120.822,22.9432],[120.8215,22.9389],[120.8221,22.9367],[120.8219,22.935],[120.8235,22.9332],[120.8254,22.9297],[120.8266,22.9286],[120.8278,22.9256],[120.8292,22.9208],[120.8311,22.9202],[120.8316,22.9196],[120.8326,22.9138],[120.8333,22.9123],[120.8323,22.911],[120.8308,22.9105],[120.83,22.9095],[120.8285,22.9052],[120.8287,22.904],[120.8306,22.9017],[120.8321,22.901],[120.8335,22.8998],[120.8332,22.8982],[120.8342,22.8962],[120.8352,22.8928],[120.8369,22.8915],[120.8382,22.8899],[120.8387,22.8877],[120.8389,22.8846],[120.8399,22.8826],[120.842,22.8812],[120.8479,22.8796],[120.8521,22.8781],[120.8552,22.8787],[120.8597,22.8784],[120.8612,22.8761],[120.8625,22.8751],[120.865,22.8722],[120.8656,22.8697],[120.8642,22.8667],[120.8622,22.8657],[120.8592,22.8635],[120.8616,22.8614],[120.8694,22.858],[120.8693,22.8566],[120.8672,22.8547],[120.8666,22.8534],[120.8682,22.8513],[120.8683,22.8505],[120.8656,22.8471],[120.8649,22.8453],[120.8646,22.8431],[120.8636,22.8441],[120.8625,22.8468],[120.8597,22.8488],[120.8594,22.8495],[120.8599,22.8515],[120.857,22.853],[120.8562,22.8551],[120.8545,22.8561],[120.8532,22.8576],[120.8514,22.8556],[120.849,22.8533],[120.8483,22.8519],[120.8472,22.852],[120.8439,22.8534],[120.843,22.8542],[120.8412,22.8573],[120.8416,22.8589],[120.8409,22.8604],[120.8372,22.8642],[120.8349,22.8648],[120.833,22.8663],[120.8283,22.8658],[120.8261,22.8664],[120.8243,22.8664],[120.823,22.8657],[120.8201,22.8631],[120.8191,22.8624],[120.8159,22.8621],[120.8142,22.8604],[120.8137,22.859],[120.8138,22.8577],[120.8118,22.8571],[120.8071,22.8549],[120.8051,22.8534],[120.8026,22.8524],[120.8011,22.851],[120.7998,22.851],[120.798,22.8517],[120.7933,22.852],[120.7917,22.8484],[120.7921,22.8452],[120.793,22.8423],[120.7927,22.8411],[120.7902,22.8401],[120.7858,22.8399],[120.7821,22.8365],[120.78,22.8354],[120.7787,22.8352],[120.7773,22.8357],[120.7748,22.8373],[120.7742,22.838]]]}},{"type":"Feature","properties":{"name":"桃源區","county":"高雄市","town":"桃源區"},"geometry":{"type":"MultiPolygon","coordinates":[[[[120.6755,23.1292],[120.6772,23.1288],[120.68,23.1265],[120.6821,23.1213],[120.6849,23.1172],[120.6859,23.1149],[120.688,23.112],[120.6897,23.1117],[120.6917,23.1107],[120.6938,23.1088],[120.695,23.1084],[120.6954,23.1064],[120.693,23.1011],[120.6906,23.0982],[120.6894,23.0972],[120.687,23.094],[120.6869,23.0925],[120.6859,23.0929],[120.6841,23.0925],[120.6833,23.0943],[120.6817,23.0938],[120.6797,23.0945],[120.6777,23.0968],[120.6766,23.0983],[120.6767,23.0994],[120.6753,23.1009],[120.6749,23.1022],[120.6737,23.1038],[120.6734,23.1052],[120.675,23.1079],[120.6736,23.111],[120.6735,23.1123],[120.6721,23.113],[120.671,23.1141],[120.6667,23.1173],[120.6658,23.1194],[120.6682,23.122],[120.67,23.1237],[120.6712,23.1252],[120.6735,23.1264],[120.6755,23.1292]]],[[[120.9575,23.4695],[120.9589,23.4696],[120.9614,23.4708],[120.9652,23.4707],[120.9667,23.4717],[120.9678,23.4715],[120.9693,23.4706],[120.9706,23.469],[120.9718,23.4692],[120.9765,23.469],[120.9791,23.4694],[120.9805,23.4692],[120.9822,23.4685],[120.9836,23.467],[120.9864,23.4663],[120.9898,23.465],[120.991,23.4649],[120.994,23.4638],[120.9966,23.4634],[120.9997,23.4622],[121.0038,23.463],[121.0071,23.4629],[121.0084,23.4621],[121.0104,23.4596],[121.0117,23.4572],[121.0146,23.4546],[121.0158,23.4516],[121.0155,23.4505],[121.0143,23.4492],[121.0129,23.4487],[121.0106,23.4465],[121.0104,23.4434],[121.0106,23.4412],[121.0122,23.4394],[121.0141,23.4379],[121.0153,23.4354],[121.0145,23.435],[121.0139,23.4338],[121.0129,23.4331],[121.0141,23.4309],[121.0166,23.431],[121.0173,23.4305],[121.019,23.4303],[121.0211,23.4294],[121.0223,23.4274],[121.0223,23.4255],[121.0227,23.4248],[121.026,23.4241],[121.0274,23.4232],[121.0292,23.4228],[121.0294,23.4202],[121.0284,23.4185],[121.0278,23.4163],[121.0263,23.4151],[121.0249,23.4146],[121.0271,23.4128],[121.0269,23.4118],[121.0274,23.4097],[121.0273,23.4081],[121.0267,23.406],[121.0281,23.4045],[121.0283,23.4038],[121.0271,23.403],[121.026,23.4029],[121.0226,23.4003],[121.0215,23.4],[121.0212,23.4007],[121.0192,23.4015],[121.0167,23.3988],[121.0155,23.3971],[121.0146,23.3966],[121.0117,23.3959],[121.0105,23.3951],[121.0088,23.3955],[121.008,23.3966],[121.0065,23.3965],[121.005,23.396],[121.0032,23.3948],[121.0011,23.3918],[121.0037,23.3889],[121.007,23.3874],[121.0077,23.3867],[121.0077,23.3847],[121.0053,23.3834],[121.0029,23.3831],[121.0001,23.3824],[120.9993,23.3811],[120.9976,23.38],[120.9968,23.3788],[120.9939,23.3759],[120.9912,23.3714],[120.9901,23.3709],[120.9881,23.3707],[120.9868,23.3658],[120.9865,23.3634],[120.9871,23.3587],[120.989,23.3583],[120.9912,23.3572],[120.9922,23.3572],[120.9947,23.3564],[120.9988,23.3568],[121,23.3565],[121.0029,23.355],[121.0033,23.3545],[121.0076,23.352],[121.008,23.3504],[121.0075,23.3492],[121.0088,23.3471],[121.0101,23.3459],[121.0117,23.3458],[121.0152,23.3463],[121.0176,23.3481],[121.0183,23.3503],[121.0201,23.3504],[121.0223,23.3483],[121.0224,23.3461],[121.0247,23.3399],[121.027,23.3376],[121.0282,23.3372],[121.03,23.3373],[121.0315,23.3364],[121.0322,23.3345],[121.0328,23.3339],[121.0364,23.3335],[121.0379,23.3321],[121.0394,23.3291],[121.0418,23.328],[121.0436,23.3281],[121.0456,23.3275],[121.0482,23.3259],[121.049,23.3247],[121.0488,23.3229],[121.0472,23.32],[121.0478,23.3169],[121.0481,23.3146],[121.0478,23.313],[121.0469,23.312],[121.0464,23.3091],[121.0457,23.3082],[121.0442,23.3075],[121.0417,23.307],[121.0405,23.3061],[121.0362,23.3037],[121.0343,23.3042],[121.0319,23.3037],[121.032,23.3026],[121.0314,23.3004],[121.0299,23.2984],[121.0283,23.2971],[121.0256,23.296],[121.0247,23.2944],[121.0238,23.2937],[121.0201,23.2946],[121.019,23.2934],[121.0172,23.2928],[121.0108,23.2928],[121.0098,23.2925],[121.0084,23.2913],[121.0069,23.2912],[121.0056,23.2906],[121.0014,23.2874],[120.9993,23.2869],[120.994,23.2845],[120.9911,23.2842],[120.9904,23.2839],[120.9878,23.2808],[120.9861,23.2803],[120.9841,23.2811],[120.9809,23.2816],[120.979,23.2823],[120.9772,23.2819],[120.9737,23.2818],[120.9726,23.2822],[120.9703,23.2806],[120.9687,23.2779],[120.9661,23.2766],[120.9647,23.2747],[120.9634,23.2721],[120.9597,23.2708],[120.9591,23.2698],[120.9581,23.2654],[120.9574,23.2642],[120.9548,23.2622],[120.9536,23.2608],[120.9511,23.2595],[120.9497,23.2577],[120.949,23.2559],[120.9477,23.2549],[120.9467,23.2531],[120.9459,23.2528],[120.9413,23.252],[120.9396,23.2492],[120.9383,23.2475],[120.9379,23.2449],[120.9353,23.2439],[120.934,23.2438],[120.9317,23.2426],[120.9296,23.2428],[120.9272,23.2446],[120.9261,23.2444],[120.9237,23.2418],[120.9217,23.2417],[120.9213,23.2411],[120.9194,23.241],[120.9178,23.2396],[120.9172,23.2383],[120.9155,23.2375],[120.9143,23.2325],[120.9118,23.2284],[120.9116,23.2272],[120.9121,23.2251],[120.9117,23.2209],[120.912,23.217],[120.9117,23.2102],[120.9114,23.2089],[120.9104,23.2082],[120.9076,23.2071],[120.9066,23.2054],[120.9065,23.2033],[120.9071,23.2011],[120.9057,23.1995],[120.9064,23.1967],[120.9082,23.1947],[120.9097,23.1935],[120.9109,23.1922],[120.9125,23.1868],[120.9115,23.1854],[120.9113,23.1828],[120.9099,23.1802],[120.9091,23.1798],[120.9059,23.1806],[120.9017,23.1786],[120.9002,23.1771],[120.8984,23.1762],[120.8986,23.174],[120.8983,23.1731],[120.8964,23.1723],[120.8958,23.1714],[120.8955,23.1685],[120.8956,23.1656],[120.8949,23.1626],[120.895,23.1607],[120.892,23.1591],[120.8906,23.1586],[120.8874,23.1582],[120.8865,23.1558],[120.8833,23.1535],[120.8794,23.1527],[120.8767,23.1515],[120.8766,23.1509],[120.8795,23.1486],[120.8811,23.1465],[120.8836,23.1451],[120.8856,23.1446],[120.8866,23.1408],[120.8878,23.1371],[120.8879,23.1364],[120.8862,23.1319],[120.8859,23.1295],[120.8865,23.1262],[120.8878,23.1232],[120.8878,23.1218],[120.885,23.12],[120.8851,23.1185],[120.8863,23.1165],[120.8868,23.1136],[120.8894,23.1105],[120.8891,23.1071],[120.8882,23.1042],[120.8892,23.1005],[120.8878,23.0967],[120.8866,23.0949],[120.8856,23.0926],[120.8858,23.0896],[120.8852,23.0883],[120.8836,23.0866],[120.8826,23.0833],[120.8813,23.0821],[120.8805,23.0808],[120.8794,23.0799],[120.8781,23.0782],[120.8769,23.0757],[120.876,23.0705],[120.8753,23.0686],[120.8731,23.0659],[120.8705,23.0614],[120.8693,23.0599],[120.87,23.0578],[120.8716,23.0548],[120.8737,23.0534],[120.8746,23.0521],[120.8745,23.0511],[120.8787,23.049],[120.8797,23.0478],[120.8802,23.0457],[120.8813,23.0442],[120.8814,23.0419],[120.8808,23.04],[120.8801,23.0361],[120.8795,23.0346],[120.8764,23.0342],[120.8727,23.0345],[120.8701,23.0335],[120.8662,23.0323],[120.8643,23.0325],[120.8634,23.0323],[120.8616,23.0308],[120.861,23.0294],[120.8607,23.026],[120.862,23.0221],[120.8619,23.019],[120.8614,23.0179],[120.8616,23.0167],[120.8613,23.0132],[120.8605,23.0105],[120.8606,23.008],[120.8583,23.0051],[120.8563,23.0048],[120.8545,23.0054],[120.8538,23.0049],[120.851,23.005],[120.852,23.0033],[120.8521,22.9999],[120.8508,22.9982],[120.8501,22.9964],[120.8486,22.9943],[120.8477,22.994],[120.847,22.9929],[120.8422,22.9912],[120.8414,22.9899],[120.8419,22.9879],[120.8417,22.985],[120.8412,22.984],[120.8387,22.9827],[120.8358,22.9818],[120.8345,22.9808],[120.8329,22.9808],[120.8323,22.9801],[120.8307,22.9758],[120.8294,22.9752],[120.8272,22.9767],[120.8234,22.9778],[120.8216,22.9787],[120.8175,22.9793],[120.8161,22.9798],[120.8146,22.9817],[120.8103,22.9853],[120.8081,22.9894],[120.8067,22.9874],[120.8053,22.987],[120.8032,22.9868],[120.8023,22.986],[120.8008,22.9855],[120.7991,22.9856],[120.7968,22.987],[120.7935,22.9873],[120.7914,22.9891],[120.7883,22.9897],[120.7853,22.9918],[120.7829,22.9926],[120.7822,22.9935],[120.7765,22.9908],[120.7756,22.9882],[120.7734,22.9865],[120.7725,22.9846],[120.7711,22.9834],[120.7679,22.9829],[120.7661,22.9829],[120.7638,22.9835],[120.7605,22.9831],[120.7592,22.9836],[120.7567,22.9835],[120.7532,22.9842],[120.7501,22.9842],[120.7474,22.982],[120.7445,22.9826],[120.7432,22.9843],[120.7408,22.9849],[120.7395,22.986],[120.7381,22.9902],[120.7357,22.9926],[120.7344,22.9934],[120.7324,22.994],[120.731,22.9953],[120.7283,22.996],[120.7268,22.998],[120.7244,23.0023],[120.7225,23.0019],[120.7196,22.9999],[120.7192,22.9984],[120.7181,22.9976],[120.7153,22.9967],[120.7128,22.9946],[120.7119,22.9927],[120.7081,22.9904],[120.7057,22.9902],[120.7043,22.9898],[120.702,22.9885],[120.6994,22.986],[120.6976,22.985],[120.6967,22.984],[120.6943,22.9822],[120.6932,22.9817],[120.6914,22.9818],[120.6883,22.9807],[120.6873,22.9787],[120.686,22.978],[120.6824,22.9782],[120.6754,22.9807],[120.6721,22.9825],[120.6708,22.9827],[120.6719,22.9843],[120.6738,22.9862],[120.6754,22.9871],[120.6781,22.989],[120.6807,22.99],[120.6824,22.9903],[120.684,22.9912],[120.6884,22.9918],[120.6911,22.9936],[120.6923,22.9952],[120.6937,22.9976],[120.688,22.9989],[120.6866,22.9996],[120.6842,22.9996],[120.6806,23.0003],[120.6776,23.0017],[120.6747,23.0036],[120.6772,23.005],[120.679,23.0072],[120.6826,23.0094],[120.6842,23.0116],[120.6847,23.0127],[120.6877,23.0155],[120.6895,23.0177],[120.6915,23.0188],[120.692,23.0198],[120.6931,23.0201],[120.6968,23.0236],[120.6983,23.0255],[120.6988,23.0271],[120.6997,23.0286],[120.6997,23.0313],[120.7005,23.0347],[120.7012,23.0365],[120.7029,23.0394],[120.706,23.041],[120.7069,23.041],[120.7098,23.0426],[120.7112,23.0428],[120.7138,23.0445],[120.7139,23.046],[120.7152,23.0482],[120.7164,23.0511],[120.719,23.0521],[120.7206,23.0547],[120.7224,23.055],[120.7234,23.0559],[120.7242,23.0576],[120.7241,23.0585],[120.7222,23.0595],[120.7203,23.0614],[120.7177,23.0632],[120.7158,23.0669],[120.7137,23.0684],[120.713,23.0698],[120.7122,23.0723],[120.7112,23.0729],[120.709,23.0731],[120.7093,23.0753],[120.7094,23.0778],[120.7087,23.081],[120.7089,23.0829],[120.7064,23.0875],[120.7066,23.0888],[120.7077,23.0897],[120.709,23.0915],[120.7098,23.0943],[120.7093,23.0955],[120.7095,23.0983],[120.7137,23.1005],[120.7172,23.1013],[120.7192,23.1008],[120.7207,23.1007],[120.7227,23.0998],[120.7266,23.0978],[120.7281,23.0977],[120.7292,23.0982],[120.733,23.1013],[120.7363,23.1031],[120.7378,23.1051],[120.7401,23.1076],[120.7419,23.1099],[120.7421,23.1113],[120.7428,23.1116],[120.7437,23.114],[120.7446,23.1145],[120.7447,23.1171],[120.7455,23.1178],[120.7437,23.1175],[120.7424,23.1177],[120.7402,23.1175],[120.7371,23.1183],[120.7356,23.1192],[120.735,23.1202],[120.7332,23.1209],[120.7317,23.1209],[120.7302,23.1196],[120.7277,23.1188],[120.7261,23.1192],[120.7204,23.1196],[120.7177,23.1189],[120.7163,23.1183],[120.7135,23.116],[120.7105,23.1155],[120.7071,23.1165],[120.7052,23.1182],[120.702,23.1227],[120.7009,23.1247],[120.6967,23.1276],[120.6958,23.1291],[120.6939,23.1311],[120.6925,23.134],[120.6909,23.135],[120.6876,23.1347],[120.6854,23.1363],[120.683,23.1375],[120.6798,23.1407],[120.6798,23.1432],[120.6812,23.1466],[120.6821,23.1484],[120.683,23.1522],[120.6847,23.1545],[120.6854,23.1563],[120.6852,23.1591],[120.686,23.1613],[120.6861,23.1632],[120.6875,23.1664],[120.689,23.1678],[120.6913,23.1719],[120.693,23.1709],[120.6956,23.1711],[120.6988,23.1693],[120.7015,23.1734],[120.7046,23.175],[120.7065,23.1765],[120.7081,23.177],[120.7098,23.1782],[120.7109,23.1801],[120.7135,23.1817],[120.7153,23.1834],[120.7163,23.1834],[120.7176,23.1815],[120.7189,23.1817],[120.72,23.1828],[120.7224,23.1836],[120.7242,23.1847],[120.7252,23.1865],[120.726,23.1886],[120.7273,23.1901],[120.7294,23.1906],[120.734,23.1938],[120.7353,23.1951],[120.7363,23.1982],[120.7377,23.2],[120.74,23.2014],[120.7412,23.2029],[120.7421,23.2051],[120.7432,23.2063],[120.744,23.2088],[120.7441,23.2105],[120.7446,23.2131],[120.7453,23.2147],[120.7455,23.2175],[120.7454,23.2193],[120.7471,23.2199],[120.7485,23.2217],[120.7498,23.2227],[120.7503,23.2249],[120.751,23.2262],[120.7534,23.2286],[120.7547,23.2291],[120.7556,23.2301],[120.7562,23.2318],[120.7559,23.233],[120.7549,23.2342],[120.7543,23.2359],[120.7558,23.2372],[120.7581,23.2383],[120.7586,23.2404],[120.7603,23.2443],[120.7603,23.2473],[120.76,23.2491],[120.7615,23.2514],[120.7619,23.2528],[120.7646,23.2556],[120.7653,23.2588],[120.7648,23.2617],[120.7662,23.2625],[120.7685,23.267],[120.7681,23.2695],[120.7693,23.2708],[120.7704,23.2711],[120.7711,23.2727],[120.7723,23.2738],[120.7738,23.2775],[120.7741,23.2793],[120.776,23.2817],[120.7751,23.2843],[120.7741,23.2861],[120.7749,23.2875],[120.7763,23.2878],[120.7762,23.2909],[120.7773,23.2932],[120.7789,23.2952],[120.7818,23.2949],[120.7827,23.2951],[120.783,23.2962],[120.7852,23.2982],[120.7854,23.3005],[120.786,23.3015],[120.7878,23.3027],[120.7896,23.3029],[120.7912,23.304],[120.7923,23.3053],[120.7935,23.3081],[120.7957,23.3111],[120.7976,23.3132],[120.7977,23.3168],[120.7986,23.3188],[120.7999,23.3199],[120.8017,23.3199],[120.8065,23.3216],[120.8073,23.3253],[120.8084,23.3266],[120.8088,23.3278],[120.8088,23.3297],[120.8121,23.3329],[120.8118,23.3341],[120.8148,23.3358],[120.8182,23.3383],[120.8188,23.3392],[120.8212,23.3405],[120.8235,23.3412],[120.8231,23.3443],[120.8231,23.346],[120.8214,23.3473],[120.819,23.3508],[120.814,23.354],[120.8129,23.3553],[120.8128,23.3563],[120.8136,23.3583],[120.8139,23.36],[120.8133,23.3608],[120.8111,23.3621],[120.81,23.3632],[120.8074,23.3668],[120.8059,23.3692],[120.8046,23.3708],[120.8058,23.3709],[120.807,23.3693],[120.8085,23.3684],[120.8099,23.3695],[120.8119,23.3697],[120.813,23.3693],[120.8148,23.3702],[120.8159,23.3714],[120.8196,23.3712],[120.8212,23.3705],[120.8234,23.372],[120.8253,23.3716],[120.8253,23.3729],[120.826,23.3737],[120.8285,23.375],[120.8294,23.3774],[120.8294,23.38],[120.8298,23.3816],[120.8294,23.3832],[120.831,23.3866],[120.8329,23.3872],[120.8344,23.3866],[120.8349,23.3877],[120.8341,23.3887],[120.8341,23.3897],[120.8357,23.39],[120.8369,23.3934],[120.8389,23.3945],[120.841,23.3949],[120.841,23.3962],[120.8397,23.3961],[120.8384,23.397],[120.8384,23.3982],[120.8401,23.3994],[120.841,23.401],[120.8426,23.402],[120.8431,23.4033],[120.8439,23.4039],[120.8448,23.4082],[120.8477,23.4101],[120.8479,23.4112],[120.8491,23.4118],[120.8495,23.4129],[120.8493,23.4165],[120.8495,23.4177],[120.8492,23.4195],[120.8502,23.4206],[120.8531,23.4219],[120.8536,23.423],[120.8546,23.4231],[120.8564,23.422],[120.8573,23.4221],[120.8586,23.4249],[120.8593,23.425],[120.8598,23.4239],[120.8623,23.4246],[120.8643,23.4239],[120.8663,23.4261],[120.8681,23.4266],[120.8693,23.4263],[120.8705,23.4284],[120.8717,23.4296],[120.8738,23.4298],[120.8755,23.4316],[120.8753,23.4328],[120.8789,23.4321],[120.882,23.4333],[120.8828,23.4354],[120.8838,23.4363],[120.8852,23.435],[120.8871,23.4352],[120.8875,23.4367],[120.8884,23.4374],[120.8888,23.4391],[120.8907,23.4424],[120.8906,23.4434],[120.8914,23.4442],[120.8918,23.4466],[120.8929,23.4452],[120.8952,23.4459],[120.8968,23.4509],[120.8988,23.4511],[120.9006,23.4524],[120.9004,23.4537],[120.9024,23.4541],[120.9045,23.4529],[120.9057,23.4532],[120.9064,23.4546],[120.9075,23.455],[120.9083,23.4567],[120.9099,23.4578],[120.9111,23.4576],[120.9127,23.4585],[120.9152,23.458],[120.9159,23.4588],[120.9201,23.4589],[120.9216,23.459],[120.9225,23.4581],[120.9239,23.4584],[120.9264,23.4574],[120.9268,23.456],[120.9285,23.4555],[120.9283,23.4568],[120.9302,23.4572],[120.9312,23.4571],[120.9326,23.4579],[120.934,23.4581],[120.9351,23.4589],[120.9345,23.4599],[120.9345,23.4614],[120.9366,23.4638],[120.9389,23.4639],[120.9403,23.4631],[120.9444,23.4634],[120.9503,23.4648],[120.952,23.4658],[120.956,23.4673],[120.9571,23.4684],[120.9575,23.4695]]]]}},{"type":"Feature","properties":{"name":"那瑪夏區","county":"高雄市","town":"那瑪夏區"},"geometry":{"type":"Polygon","coordinates":[[[120.6534,23.2245],[120.6518,23.2262],[120.6505,23.2272],[120.6495,23.2286],[120.6496,23.2305],[120.6505,23.233],[120.6505,23.2348],[120.6513,23.2358],[120.6505,23.2371],[120.6509,23.238],[120.6492,23.2405],[120.6492,23.2427],[120.6486,23.2431],[120.6485,23.246],[120.6492,23.2471],[120.6481,23.2485],[120.6477,23.2496],[120.6457,23.2525],[120.6444,23.2537],[120.6443,23.2544],[120.6421,23.2568],[120.6419,23.2577],[120.6421,23.2606],[120.6411,23.264],[120.6407,23.2665],[120.6385,23.2688],[120.639,23.2704],[120.641,23.2709],[120.6413,23.2715],[120.6406,23.274],[120.6417,23.2746],[120.6432,23.276],[120.6421,23.2774],[120.6419,23.2786],[120.6426,23.2802],[120.6441,23.2819],[120.643,23.2866],[120.6419,23.2875],[120.6434,23.2889],[120.6437,23.2901],[120.6429,23.2917],[120.6421,23.2925],[120.6424,23.2938],[120.6438,23.2961],[120.6468,23.2975],[120.6473,23.2972],[120.6491,23.2934],[120.6507,23.2917],[120.652,23.2912],[120.6539,23.2913],[120.6553,23.2919],[120.6574,23.2953],[120.6588,23.2959],[120.6597,23.2948],[120.6618,23.295],[120.6627,23.2935],[120.6639,23.2938],[120.6654,23.2932],[120.6656,23.2941],[120.6673,23.294],[120.6684,23.292],[120.6699,23.292],[120.6703,23.2907],[120.6714,23.29],[120.6737,23.2911],[120.676,23.2903],[120.6762,23.2886],[120.6774,23.2879],[120.6784,23.2889],[120.6802,23.2886],[120.6819,23.2876],[120.6839,23.2871],[120.6872,23.2866],[120.6899,23.2853],[120.6918,23.2851],[120.6935,23.2845],[120.6966,23.2843],[120.6996,23.2844],[120.7012,23.2856],[120.7014,23.2869],[120.7026,23.2879],[120.7035,23.2895],[120.7026,23.291],[120.7029,23.2918],[120.7023,23.2941],[120.7028,23.2976],[120.7044,23.302],[120.7054,23.3028],[120.7068,23.3047],[120.7094,23.3061],[120.7112,23.3075],[120.7122,23.3087],[120.7163,23.3076],[120.718,23.3081],[120.7206,23.3084],[120.722,23.3081],[120.726,23.3066],[120.7306,23.3056],[120.7308,23.3078],[120.7302,23.3094],[120.7302,23.3108],[120.7323,23.3139],[120.7343,23.3152],[120.7363,23.316],[120.7387,23.3164],[120.7401,23.3178],[120.7404,23.3204],[120.7422,23.3215],[120.7464,23.3216],[120.7479,23.3219],[120.7501,23.3241],[120.7505,23.3255],[120.7526,23.3267],[120.7532,23.3282],[120.7522,23.3302],[120.7528,23.3314],[120.7547,23.3317],[120.7564,23.3328],[120.7584,23.3355],[120.7586,23.3373],[120.7572,23.3382],[120.7575,23.3396],[120.7585,23.3409],[120.7575,23.343],[120.7581,23.3443],[120.7607,23.3439],[120.763,23.3428],[120.7639,23.3418],[120.7649,23.3417],[120.7663,23.3425],[120.7669,23.3434],[120.7685,23.3439],[120.7711,23.3424],[120.7733,23.3418],[120.7749,23.3432],[120.7771,23.3435],[120.7786,23.3427],[120.7804,23.3423],[120.7832,23.3422],[120.7837,23.3426],[120.7848,23.3448],[120.7855,23.3456],[120.7876,23.3461],[120.7885,23.3483],[120.7887,23.3494],[120.7883,23.352],[120.7885,23.3528],[120.7908,23.3532],[120.792,23.3539],[120.7917,23.3566],[120.7922,23.3574],[120.7935,23.3575],[120.7953,23.3568],[120.7962,23.3569],[120.7972,23.3584],[120.7974,23.3597],[120.7991,23.3611],[120.8008,23.3609],[120.8008,23.3633],[120.8021,23.3651],[120.8047,23.3672],[120.8033,23.3695],[120.8046,23.3708],[120.8059,23.3692],[120.8074,23.3668],[120.81,23.3632],[120.8111,23.3621],[120.8133,23.3608],[120.8139,23.36],[120.8136,23.3583],[120.8128,23.3563],[120.8129,23.3553],[120.814,23.354],[120.819,23.3508],[120.8214,23.3473],[120.8231,23.346],[120.8231,23.3443],[120.8235,23.3412],[120.8212,23.3405],[120.8188,23.3392],[120.8182,23.3383],[120.8148,23.3358],[120.8118,23.3341],[120.8121,23.3329],[120.8088,23.3297],[120.8088,23.3278],[120.8084,23.3266],[120.8073,23.3253],[120.8065,23.3216],[120.8017,23.3199],[120.7999,23.3199],[120.7986,23.3188],[120.7977,23.3168],[120.7976,23.3132],[120.7957,23.3111],[120.7935,23.3081],[120.7923,23.3053],[120.7912,23.304],[120.7896,23.3029],[120.7878,23.3027],[120.786,23.3015],[120.7854,23.3005],[120.7852,23.2982],[120.783,23.2962],[120.7827,23.2951],[120.7818,23.2949],[120.7789,23.2952],[120.7773,23.2932],[120.7762,23.2909],[120.7763,23.2878],[120.7749,23.2875],[120.7741,23.2861],[120.7751,23.2843],[120.776,23.2817],[120.7741,23.2793],[120.7738,23.2775],[120.7723,23.2738],[120.7711,23.2727],[120.7704,23.2711],[120.7693,23.2708],[120.7681,23.2695],[120.7685,23.267],[120.7662,23.2625],[120.7648,23.2617],[120.7653,23.2588],[120.7646,23.2556],[120.7619,23.2528],[120.7615,23.2514],[120.76,23.2491],[120.7603,23.2473],[120.7603,23.2443],[120.7586,23.2404],[120.7581,23.2383],[120.7558,23.2372],[120.7543,23.2359],[120.7549,23.2342],[120.7559,23.233],[120.7562,23.2318],[120.7556,23.2301],[120.7547,23.2291],[120.7534,23.2286],[120.751,23.2262],[120.7503,23.2249],[120.7498,23.2227],[120.7485,23.2217],[120.7471,23.2199],[120.7454,23.2193],[120.7455,23.2175],[120.7453,23.2147],[120.7446,23.2131],[120.7441,23.2105],[120.744,23.2088],[120.7432,23.2063],[120.7421,23.2051],[120.7412,23.2029],[120.74,23.2014],[120.7377,23.2],[120.7363,23.1982],[120.7353,23.1951],[120.734,23.1938],[120.7294,23.1906],[120.7273,23.1901],[120.726,23.1886],[120.7252,23.1865],[120.7242,23.1847],[120.7224,23.1836],[120.72,23.1828],[120.7189,23.1817],[120.7176,23.1815],[120.7163,23.1834],[120.7153,23.1834],[120.7135,23.1817],[120.7109,23.1801],[120.7098,23.1782],[120.7081,23.177],[120.7065,23.1765],[120.7046,23.175],[120.7015,23.1734],[120.6988,23.1693],[120.6956,23.1711],[120.693,23.1709],[120.6913,23.1719],[120.6906,23.1747],[120.6898,23.1761],[120.6869,23.1765],[120.6842,23.1787],[120.6835,23.1799],[120.6824,23.1806],[120.6809,23.1828],[120.681,23.1871],[120.6813,23.1879],[120.6809,23.1906],[120.6826,23.1948],[120.68,23.1965],[120.6776,23.1967],[120.6734,23.1985],[120.6684,23.1985],[120.6663,23.1995],[120.6635,23.1997],[120.6613,23.2003],[120.6602,23.2001],[120.658,23.2009],[120.6572,23.2038],[120.6534,23.2077],[120.6514,23.2085],[120.6517,23.2102],[120.6531,23.2118],[120.654,23.2156],[120.6551,23.2162],[120.6563,23.2177],[120.6559,23.2212],[120.6552,23.2235],[120.6534,23.2245]]]}},{"type":"Feature","properties":{"name":"台南市新營區","county":"台南市","town":"新營區"},"geometry":{"type":"Polygon","coordinates":[[[120.3525,23.314],[120.3509,23.3137],[120.3483,23.3151],[120.3459,23.317],[120.3424,23.3187],[120.3409,23.3186],[120.3402,23.3164],[120.3407,23.3147],[120.3435,23.3106],[120.3434,23.3097],[120.3417,23.3095],[120.3393,23.3101],[120.337,23.3088],[120.3369,23.3082],[120.3341,23.306],[120.3323,23.3051],[120.3315,23.304],[120.3294,23.3063],[120.3272,23.3059],[120.3258,23.3051],[120.3247,23.3033],[120.3245,23.3022],[120.325,23.2968],[120.3231,23.296],[120.3201,23.2963],[120.3188,23.296],[120.3135,23.2959],[120.3105,23.2961],[120.3067,23.2966],[120.3008,23.2961],[120.2931,23.294],[120.2923,23.2918],[120.2932,23.2911],[120.2931,23.2883],[120.2942,23.2854],[120.2936,23.2834],[120.2922,23.2811],[120.291,23.2787],[120.2906,23.2771],[120.2893,23.2767],[120.2846,23.2769],[120.2834,23.2753],[120.2832,23.2702],[120.2823,23.2663],[120.2804,23.2619],[120.28,23.2612],[120.2759,23.2609],[120.2721,23.2612],[120.2722,23.2584],[120.2712,23.2571],[120.2678,23.2573],[120.2671,23.2554],[120.2656,23.2552],[120.2631,23.2542],[120.2607,23.2541],[120.2588,23.255],[120.2576,23.2563],[120.2557,23.2565],[120.2565,23.2589],[120.2546,23.26],[120.2554,23.2611],[120.257,23.2615],[120.2574,23.2654],[120.2579,23.2655],[120.2585,23.2675],[120.2536,23.2674],[120.2535,23.2729],[120.2533,23.2749],[120.2491,23.2749],[120.2532,23.2796],[120.2504,23.2798],[120.2503,23.2822],[120.2485,23.2853],[120.2529,23.2875],[120.2543,23.2874],[120.2528,23.2864],[120.2532,23.2856],[120.2548,23.2863],[120.2547,23.2849],[120.2558,23.2844],[120.2576,23.2844],[120.259,23.2858],[120.2615,23.2857],[120.2596,23.2881],[120.27,23.295],[120.2692,23.2963],[120.27,23.2967],[120.2684,23.2998],[120.2672,23.3013],[120.273,23.3034],[120.2764,23.303],[120.2767,23.309],[120.2764,23.3104],[120.2741,23.3108],[120.2746,23.3114],[120.2791,23.3149],[120.2784,23.3154],[120.2769,23.3148],[120.2742,23.3149],[120.2734,23.3155],[120.2712,23.3148],[120.27,23.3155],[120.271,23.3177],[120.2723,23.3189],[120.2726,23.32],[120.2715,23.322],[120.2722,23.3223],[120.2746,23.3224],[120.2762,23.3217],[120.2771,23.3193],[120.2779,23.3188],[120.2796,23.3191],[120.2813,23.3182],[120.2828,23.317],[120.2838,23.3175],[120.2841,23.3185],[120.2817,23.3204],[120.2824,23.3209],[120.2839,23.3208],[120.2848,23.3202],[120.2875,23.3206],[120.2881,23.3213],[120.2888,23.3209],[120.293,23.3247],[120.2918,23.3265],[120.2898,23.3284],[120.29,23.329],[120.2926,23.3295],[120.2955,23.329],[120.295,23.3307],[120.2965,23.3308],[120.2972,23.3337],[120.2959,23.3338],[120.2951,23.3346],[120.2939,23.3341],[120.2929,23.336],[120.2938,23.3374],[120.294,23.3385],[120.2959,23.3409],[120.2966,23.3411],[120.2977,23.3382],[120.2994,23.3374],[120.3002,23.3362],[120.3024,23.3361],[120.3032,23.3376],[120.3033,23.3393],[120.3056,23.3412],[120.3039,23.3429],[120.305,23.3453],[120.306,23.3449],[120.3074,23.3452],[120.3089,23.3442],[120.3089,23.3436],[120.3075,23.3425],[120.3064,23.3404],[120.3053,23.3396],[120.3052,23.3387],[120.3059,23.3375],[120.3056,23.3363],[120.3074,23.3345],[120.3076,23.3335],[120.309,23.333],[120.3105,23.3331],[120.3112,23.334],[120.3124,23.334],[120.3139,23.3353],[120.3163,23.3352],[120.3156,23.3322],[120.3164,23.3313],[120.3165,23.3327],[120.3173,23.3329],[120.3188,23.3322],[120.3195,23.3328],[120.3214,23.3326],[120.3228,23.3338],[120.3239,23.3332],[120.3254,23.3331],[120.326,23.3325],[120.3256,23.3315],[120.3263,23.3301],[120.3261,23.3287],[120.3281,23.3284],[120.3287,23.3287],[120.3287,23.3304],[120.3297,23.3323],[120.3313,23.3317],[120.332,23.3307],[120.3321,23.3295],[120.33,23.328],[120.3348,23.3271],[120.3353,23.3278],[120.3352,23.3299],[120.3373,23.3295],[120.337,23.3288],[120.3393,23.3284],[120.3398,23.3274],[120.3393,23.3254],[120.3381,23.3243],[120.3395,23.3238],[120.3425,23.3241],[120.3515,23.3256],[120.352,23.3247],[120.3511,23.3232],[120.3524,23.3205],[120.3533,23.3194],[120.3527,23.3179],[120.3531,23.3167],[120.3522,23.3156],[120.3525,23.314]]]}},{"type":"Feature","properties":{"name":"台南市鹽水區","county":"台南市","town":"鹽水區"},"geometry":{"type":"Polygon","coordinates":[[[120.2123,23.2917],[120.2144,23.2925],[120.2173,23.2944],[120.2209,23.296],[120.2226,23.2983],[120.2259,23.3032],[120.2276,23.3068],[120.2281,23.3096],[120.2313,23.3163],[120.2331,23.3188],[120.2345,23.3202],[120.2355,23.3233],[120.2368,23.3256],[120.2381,23.3271],[120.2399,23.3275],[120.2411,23.3271],[120.2451,23.3268],[120.2466,23.327],[120.2492,23.3289],[120.2551,23.3306],[120.2574,23.3317],[120.2583,23.3328],[120.2629,23.3368],[120.2628,23.337],[120.2666,23.3406],[120.2671,23.3407],[120.2675,23.3447],[120.2653,23.3447],[120.2637,23.3451],[120.2607,23.3445],[120.2613,23.3459],[120.2624,23.347],[120.2644,23.3505],[120.2657,23.3523],[120.2668,23.3531],[120.2683,23.3536],[120.2705,23.3537],[120.2739,23.3525],[120.2748,23.3517],[120.2758,23.35],[120.2763,23.3482],[120.2785,23.3477],[120.2814,23.3482],[120.2862,23.3503],[120.2874,23.3513],[120.2881,23.3537],[120.2878,23.3547],[120.2883,23.3555],[120.2902,23.3565],[120.291,23.3575],[120.2919,23.3576],[120.293,23.3567],[120.2938,23.3571],[120.2942,23.3584],[120.2949,23.3584],[120.2958,23.3573],[120.297,23.3417],[120.2959,23.3409],[120.294,23.3385],[120.2938,23.3374],[120.2929,23.336],[120.2939,23.3341],[120.2951,23.3346],[120.2959,23.3338],[120.2972,23.3337],[120.2965,23.3308],[120.295,23.3307],[120.2955,23.329],[120.2926,23.3295],[120.29,23.329],[120.2898,23.3284],[120.2918,23.3265],[120.293,23.3247],[120.2888,23.3209],[120.2881,23.3213],[120.2875,23.3206],[120.2848,23.3202],[120.2839,23.3208],[120.2824,23.3209],[120.2817,23.3204],[120.2841,23.3185],[120.2838,23.3175],[120.2828,23.317],[120.2813,23.3182],[120.2796,23.3191],[120.2779,23.3188],[120.2771,23.3193],[120.2762,23.3217],[120.2746,23.3224],[120.2722,23.3223],[120.2715,23.322],[120.2726,23.32],[120.2723,23.3189],[120.271,23.3177],[120.27,23.3155],[120.2712,23.3148],[120.2734,23.3155],[120.2742,23.3149],[120.2769,23.3148],[120.2784,23.3154],[120.2791,23.3149],[120.2746,23.3114],[120.2741,23.3108],[120.2764,23.3104],[120.2767,23.309],[120.2764,23.303],[120.273,23.3034],[120.2672,23.3013],[120.2684,23.2998],[120.27,23.2967],[120.2692,23.2963],[120.27,23.295],[120.2596,23.2881],[120.2615,23.2857],[120.259,23.2858],[120.2576,23.2844],[120.2558,23.2844],[120.2547,23.2849],[120.2548,23.2863],[120.2532,23.2856],[120.2528,23.2864],[120.2543,23.2874],[120.2529,23.2875],[120.2485,23.2853],[120.2503,23.2822],[120.2504,23.2798],[120.2532,23.2796],[120.2491,23.2749],[120.2533,23.2749],[120.2535,23.2729],[120.2536,23.2674],[120.2585,23.2675],[120.2579,23.2655],[120.2574,23.2654],[120.257,23.2615],[120.2554,23.2611],[120.2546,23.26],[120.2565,23.2589],[120.2557,23.2565],[120.2576,23.2563],[120.2588,23.255],[120.2607,23.2541],[120.2631,23.2542],[120.2632,23.2534],[120.2547,23.2486],[120.2533,23.25],[120.2499,23.2483],[120.243,23.2443],[120.2424,23.2452],[120.2398,23.2436],[120.2369,23.2433],[120.2336,23.2483],[120.2334,23.2487],[120.2317,23.249],[120.2286,23.2472],[120.2275,23.2486],[120.2275,23.2499],[120.2286,23.25],[120.2296,23.252],[120.2286,23.2524],[120.2263,23.2541],[120.2228,23.256],[120.222,23.2596],[120.2225,23.2613],[120.2258,23.2617],[120.2245,23.2626],[120.2205,23.2632],[120.22,23.2621],[120.2189,23.2625],[120.2189,23.264],[120.2212,23.2655],[120.2228,23.2659],[120.223,23.2675],[120.2221,23.2687],[120.2208,23.267],[120.2194,23.2665],[120.2172,23.2665],[120.2164,23.2649],[120.2161,23.2623],[120.2106,23.2609],[120.2099,23.2609],[120.2102,23.2623],[120.2114,23.2638],[120.2106,23.2648],[120.2092,23.2646],[120.2078,23.2639],[120.2079,23.2614],[120.206,23.2596],[120.2042,23.259],[120.2042,23.2599],[120.2056,23.2617],[120.2047,23.2625],[120.2032,23.2622],[120.2016,23.2607],[120.2007,23.2586],[120.1993,23.2578],[120.1982,23.2577],[120.1989,23.2595],[120.1988,23.2607],[120.1977,23.2617],[120.1959,23.2609],[120.1948,23.2623],[120.1951,23.2635],[120.1929,23.2647],[120.1918,23.2659],[120.1928,23.2692],[120.1937,23.2707],[120.194,23.2723],[120.1935,23.2759],[120.1938,23.2762],[120.1957,23.273],[120.1971,23.2714],[120.1986,23.2717],[120.1999,23.2736],[120.2038,23.2741],[120.205,23.2746],[120.2063,23.276],[120.21,23.2768],[120.211,23.278],[120.2113,23.2802],[120.2109,23.2817],[120.2123,23.282],[120.2117,23.2868],[120.2123,23.2917]]]}},{"type":"Feature","properties":{"name":"台南市白河區","county":"台南市","town":"白河區"},"geometry":{"type":"Polygon","coordinates":[[[120.4951,23.3932],[120.4956,23.3932],[120.4975,23.3912],[120.4971,23.3894],[120.4992,23.3879],[120.4979,23.3855],[120.4968,23.3842],[120.4958,23.3839],[120.4945,23.3843],[120.4912,23.3826],[120.4903,23.3831],[120.4893,23.3819],[120.4854,23.3803],[120.4844,23.3795],[120.4838,23.3783],[120.4834,23.3758],[120.4835,23.3747],[120.483,23.3731],[120.483,23.3717],[120.4839,23.3706],[120.4839,23.3696],[120.4854,23.3698],[120.4871,23.3711],[120.4883,23.373],[120.4895,23.3729],[120.4901,23.3711],[120.4914,23.3725],[120.4944,23.3695],[120.4962,23.3699],[120.4973,23.3689],[120.4987,23.3687],[120.4995,23.368],[120.5014,23.3677],[120.5022,23.3682],[120.5026,23.3695],[120.5035,23.3689],[120.5048,23.3689],[120.5048,23.3675],[120.5067,23.3671],[120.507,23.3661],[120.5089,23.3646],[120.5105,23.3644],[120.5102,23.3633],[120.5111,23.3624],[120.5113,23.3605],[120.5124,23.3598],[120.5121,23.3582],[120.5124,23.3557],[120.5109,23.354],[120.508,23.3527],[120.5075,23.3539],[120.5057,23.3554],[120.5048,23.3548],[120.5036,23.351],[120.5037,23.3495],[120.5047,23.3491],[120.5045,23.3465],[120.5055,23.3457],[120.5051,23.3448],[120.5066,23.3442],[120.5077,23.343],[120.5096,23.3434],[120.5103,23.344],[120.5155,23.3438],[120.517,23.3425],[120.5186,23.342],[120.5207,23.342],[120.5212,23.3406],[120.5231,23.3407],[120.5238,23.34],[120.5245,23.3383],[120.5258,23.3392],[120.5269,23.3394],[120.5276,23.3386],[120.5303,23.3381],[120.5315,23.3368],[120.5337,23.3365],[120.534,23.3358],[120.5368,23.3333],[120.5384,23.3301],[120.54,23.3279],[120.5371,23.3265],[120.536,23.3243],[120.5338,23.322],[120.532,23.3211],[120.5315,23.3179],[120.5283,23.3159],[120.5273,23.3146],[120.5239,23.3134],[120.5226,23.3119],[120.5228,23.3101],[120.5234,23.3087],[120.5234,23.3064],[120.5241,23.3034],[120.5239,23.3024],[120.5246,23.3013],[120.5257,23.2982],[120.5263,23.2959],[120.526,23.2922],[120.5245,23.2916],[120.5238,23.2901],[120.5226,23.2893],[120.522,23.2874],[120.5174,23.2873],[120.5179,23.2882],[120.5182,23.2903],[120.5154,23.2918],[120.514,23.2921],[120.5118,23.2919],[120.5102,23.2909],[120.5092,23.2907],[120.5088,23.2899],[120.5063,23.2905],[120.5046,23.2881],[120.5038,23.2884],[120.5033,23.2876],[120.5023,23.288],[120.5022,23.2888],[120.5034,23.29],[120.5039,23.2911],[120.5055,23.2917],[120.5076,23.2931],[120.5078,23.2951],[120.5037,23.2967],[120.5027,23.2977],[120.4999,23.2981],[120.4977,23.2979],[120.4963,23.2992],[120.4922,23.2995],[120.4897,23.2981],[120.4888,23.2963],[120.4872,23.2954],[120.4871,23.2945],[120.486,23.2936],[120.4845,23.294],[120.4819,23.2934],[120.4811,23.2935],[120.4811,23.2949],[120.4792,23.2957],[120.4786,23.2974],[120.4772,23.2981],[120.4741,23.2983],[120.472,23.2967],[120.4708,23.2966],[120.4697,23.2974],[120.4684,23.2976],[120.467,23.2989],[120.4666,23.2998],[120.4645,23.3002],[120.464,23.301],[120.4627,23.3008],[120.4626,23.3002],[120.4609,23.3005],[120.4599,23.3016],[120.4583,23.3004],[120.4574,23.3003],[120.4564,23.2993],[120.4545,23.2984],[120.4543,23.2998],[120.4526,23.2989],[120.4524,23.297],[120.4509,23.2969],[120.4501,23.2982],[120.4504,23.3001],[120.449,23.3002],[120.4482,23.2992],[120.4458,23.3006],[120.4465,23.3012],[120.4469,23.3029],[120.448,23.304],[120.4473,23.3061],[120.4454,23.3065],[120.4411,23.3098],[120.4408,23.3114],[120.4412,23.3123],[120.4405,23.313],[120.4402,23.3144],[120.4388,23.3135],[120.4378,23.3145],[120.4368,23.3142],[120.4358,23.3161],[120.4338,23.3173],[120.4313,23.3206],[120.4284,23.322],[120.4267,23.3221],[120.4231,23.3248],[120.4199,23.3255],[120.4186,23.3249],[120.416,23.3273],[120.4151,23.3324],[120.4134,23.3323],[120.4117,23.3347],[120.4106,23.335],[120.4081,23.3346],[120.4072,23.3353],[120.4068,23.3369],[120.4073,23.3384],[120.4057,23.3412],[120.4047,23.3417],[120.4029,23.34],[120.4027,23.3371],[120.4031,23.3357],[120.4045,23.3329],[120.404,23.3322],[120.4015,23.3319],[120.4004,23.3333],[120.3987,23.3371],[120.3986,23.3396],[120.3957,23.3399],[120.3946,23.3403],[120.3933,23.3396],[120.394,23.3378],[120.3935,23.3351],[120.3922,23.3325],[120.391,23.3323],[120.3901,23.3342],[120.39,23.336],[120.3903,23.3397],[120.3914,23.34],[120.3933,23.3423],[120.3945,23.3452],[120.3912,23.3447],[120.3876,23.3457],[120.3884,23.3522],[120.3877,23.3546],[120.3861,23.3565],[120.3815,23.3564],[120.3804,23.357],[120.3802,23.3589],[120.3834,23.3599],[120.3843,23.3599],[120.3846,23.3615],[120.3839,23.3627],[120.3853,23.3627],[120.3873,23.3642],[120.3885,23.3655],[120.3919,23.3666],[120.3949,23.3672],[120.3969,23.3672],[120.4005,23.368],[120.4017,23.3677],[120.405,23.3682],[120.4064,23.3698],[120.4068,23.3715],[120.4051,23.3764],[120.4057,23.3769],[120.4049,23.3776],[120.4048,23.3788],[120.4058,23.3798],[120.4051,23.3809],[120.4024,23.382],[120.4015,23.3828],[120.4002,23.3829],[120.3992,23.3838],[120.3995,23.3854],[120.4002,23.3865],[120.4002,23.389],[120.3995,23.3898],[120.4,23.3908],[120.3983,23.3906],[120.3967,23.3897],[120.3958,23.3889],[120.3939,23.3899],[120.393,23.3912],[120.3903,23.3914],[120.3875,23.3911],[120.3858,23.3922],[120.3855,23.3934],[120.3838,23.3938],[120.3834,23.3944],[120.3834,23.3964],[120.3855,23.3982],[120.3867,23.4004],[120.387,23.4018],[120.3868,23.4048],[120.3899,23.4057],[120.3964,23.4074],[120.4047,23.4103],[120.4071,23.4119],[120.4081,23.4134],[120.4094,23.4124],[120.4105,23.4102],[120.4127,23.4106],[120.414,23.4112],[120.4163,23.4104],[120.4181,23.4082],[120.4184,23.4063],[120.4196,23.4038],[120.4203,23.4038],[120.4211,23.4061],[120.4221,23.4071],[120.4234,23.4064],[120.426,23.4069],[120.4276,23.4064],[120.4288,23.4073],[120.4297,23.4065],[120.4305,23.4066],[120.4316,23.4078],[120.4321,23.4107],[120.4332,23.4113],[120.4346,23.4113],[120.4345,23.4122],[120.4361,23.4128],[120.4371,23.4124],[120.4384,23.4134],[120.4394,23.413],[120.4398,23.4137],[120.4404,23.4131],[120.4416,23.4132],[120.443,23.4124],[120.4444,23.4111],[120.4474,23.4098],[120.4501,23.4092],[120.4518,23.4083],[120.4527,23.4068],[120.4541,23.4063],[120.4538,23.407],[120.4555,23.4067],[120.4573,23.4054],[120.4591,23.4047],[120.4609,23.4047],[120.4608,23.4037],[120.4622,23.4022],[120.4649,23.4008],[120.4669,23.4006],[120.4675,23.4011],[120.4688,23.4005],[120.4695,23.3994],[120.471,23.3989],[120.4722,23.3981],[120.4732,23.3982],[120.4741,23.3973],[120.4743,23.396],[120.4761,23.3941],[120.4753,23.3914],[120.4756,23.3908],[120.4774,23.3907],[120.4784,23.3896],[120.4794,23.3876],[120.4807,23.3892],[120.4826,23.3895],[120.4838,23.3913],[120.4857,23.3914],[120.4852,23.3928],[120.4863,23.3931],[120.487,23.3924],[120.4879,23.393],[120.4892,23.3925],[120.4887,23.3936],[120.4899,23.3946],[120.49,23.3954],[120.4909,23.3956],[120.4937,23.395],[120.4951,23.3932]]]}},{"type":"Feature","properties":{"name":"台南市後壁區","county":"台南市","town":"後壁區"},"geometry":{"type":"Polygon","coordinates":[[[120.3558,23.4017],[120.3596,23.4026],[120.3697,23.403],[120.3719,23.4032],[120.3754,23.4032],[120.381,23.4034],[120.3868,23.4048],[120.387,23.4018],[120.3867,23.4004],[120.3855,23.3982],[120.3834,23.3964],[120.3834,23.3944],[120.3838,23.3938],[120.3855,23.3934],[120.3858,23.3922],[120.3875,23.3911],[120.3903,23.3914],[120.393,23.3912],[120.3939,23.3899],[120.3958,23.3889],[120.3967,23.3897],[120.3983,23.3906],[120.4,23.3908],[120.3995,23.3898],[120.4002,23.389],[120.4002,23.3865],[120.3995,23.3854],[120.3992,23.3838],[120.4002,23.3829],[120.4015,23.3828],[120.4024,23.382],[120.4051,23.3809],[120.4058,23.3798],[120.4048,23.3788],[120.4049,23.3776],[120.4057,23.3769],[120.4051,23.3764],[120.4068,23.3715],[120.4064,23.3698],[120.405,23.3682],[120.4017,23.3677],[120.4005,23.368],[120.3969,23.3672],[120.3949,23.3672],[120.3919,23.3666],[120.3885,23.3655],[120.3873,23.3642],[120.3853,23.3627],[120.3839,23.3627],[120.3846,23.3615],[120.3843,23.3599],[120.3834,23.3599],[120.3802,23.3589],[120.3804,23.357],[120.3815,23.3564],[120.3861,23.3565],[120.3877,23.3546],[120.3884,23.3522],[120.3876,23.3457],[120.3912,23.3447],[120.3945,23.3452],[120.3933,23.3423],[120.3914,23.34],[120.3903,23.3397],[120.3901,23.34],[120.387,23.3397],[120.3855,23.3388],[120.3847,23.3362],[120.3851,23.3317],[120.3835,23.332],[120.3797,23.3337],[120.3787,23.3338],[120.3785,23.3319],[120.3797,23.3302],[120.383,23.3269],[120.3814,23.3256],[120.3786,23.3256],[120.3767,23.3259],[120.3752,23.3266],[120.3741,23.3264],[120.3719,23.3267],[120.3696,23.3257],[120.3694,23.3246],[120.3712,23.324],[120.3728,23.321],[120.3721,23.3198],[120.3718,23.3173],[120.3719,23.3158],[120.3701,23.3163],[120.3685,23.3181],[120.3683,23.3213],[120.3639,23.3225],[120.3628,23.3231],[120.3617,23.3252],[120.36,23.3246],[120.359,23.3235],[120.3594,23.3215],[120.3581,23.3174],[120.3561,23.3159],[120.354,23.3155],[120.3525,23.314],[120.3522,23.3156],[120.3531,23.3167],[120.3527,23.3179],[120.3533,23.3194],[120.3524,23.3205],[120.3511,23.3232],[120.352,23.3247],[120.3515,23.3256],[120.3425,23.3241],[120.3395,23.3238],[120.3381,23.3243],[120.3393,23.3254],[120.3398,23.3274],[120.3393,23.3284],[120.337,23.3288],[120.3373,23.3295],[120.3352,23.3299],[120.3353,23.3278],[120.3348,23.3271],[120.33,23.328],[120.3321,23.3295],[120.332,23.3307],[120.3313,23.3317],[120.3297,23.3323],[120.3287,23.3304],[120.3287,23.3287],[120.3281,23.3284],[120.3261,23.3287],[120.3263,23.3301],[120.3256,23.3315],[120.326,23.3325],[120.3254,23.3331],[120.3239,23.3332],[120.3228,23.3338],[120.3214,23.3326],[120.3195,23.3328],[120.3188,23.3322],[120.3173,23.3329],[120.3165,23.3327],[120.3164,23.3313],[120.3156,23.3322],[120.3163,23.3352],[120.3139,23.3353],[120.3124,23.334],[120.3112,23.334],[120.3105,23.3331],[120.309,23.333],[120.3076,23.3335],[120.3074,23.3345],[120.3056,23.3363],[120.3059,23.3375],[120.3052,23.3387],[120.3053,23.3396],[120.3064,23.3404],[120.3075,23.3425],[120.3089,23.3436],[120.3089,23.3442],[120.3074,23.3452],[120.306,23.3449],[120.305,23.3453],[120.3039,23.3429],[120.3056,23.3412],[120.3033,23.3393],[120.3032,23.3376],[120.3024,23.3361],[120.3002,23.3362],[120.2994,23.3374],[120.2977,23.3382],[120.2966,23.3411],[120.2959,23.3409],[120.297,23.3417],[120.2958,23.3573],[120.2949,23.3584],[120.2942,23.3584],[120.2938,23.3571],[120.293,23.3567],[120.2919,23.3576],[120.291,23.3575],[120.2902,23.3565],[120.2883,23.3555],[120.2878,23.3547],[120.2881,23.3537],[120.2874,23.3513],[120.2862,23.3503],[120.2864,23.3526],[120.286,23.3542],[120.2846,23.3562],[120.2838,23.3587],[120.2837,23.3618],[120.2846,23.3635],[120.2857,23.3669],[120.2872,23.3688],[120.2895,23.3709],[120.293,23.3754],[120.2994,23.3753],[120.3029,23.3759],[120.308,23.3749],[120.3109,23.3754],[120.3105,23.3786],[120.3103,23.3831],[120.3112,23.3834],[120.311,23.3856],[120.3124,23.387],[120.3146,23.388],[120.3149,23.3885],[120.3178,23.3884],[120.3188,23.3872],[120.3199,23.3868],[120.3194,23.386],[120.3217,23.3836],[120.3235,23.3836],[120.3241,23.3843],[120.3287,23.3861],[120.3289,23.3849],[120.33,23.3854],[120.3332,23.3858],[120.3347,23.387],[120.3374,23.3904],[120.3429,23.3967],[120.343,23.3982],[120.3448,23.3996],[120.3463,23.4004],[120.3495,23.4013],[120.3534,23.4012],[120.3558,23.4017]]]}},{"type":"Feature","properties":{"name":"台南市麻豆區","county":"台南市","town":"麻豆區"},"geometry":{"type":"Polygon","coordinates":[[[120.2899,23.2022],[120.2879,23.2001],[120.2885,23.1979],[120.2876,23.1973],[120.2882,23.1953],[120.2874,23.1926],[120.2875,23.1913],[120.289,23.1912],[120.2892,23.1892],[120.2912,23.1882],[120.2906,23.1856],[120.2898,23.1761],[120.2812,23.175],[120.2794,23.1747],[120.2739,23.1731],[120.2698,23.1712],[120.2701,23.1737],[120.2685,23.1719],[120.2677,23.1716],[120.2665,23.1703],[120.2651,23.1672],[120.265,23.1651],[120.2641,23.163],[120.2636,23.1606],[120.2642,23.1588],[120.2635,23.1557],[120.2635,23.1542],[120.2605,23.1535],[120.2609,23.1489],[120.2614,23.1456],[120.2612,23.1448],[120.2628,23.1419],[120.2599,23.1379],[120.2566,23.1358],[120.2549,23.135],[120.2515,23.1342],[120.2468,23.1319],[120.2437,23.131],[120.2416,23.1308],[120.2416,23.1372],[120.2397,23.1369],[120.2386,23.1376],[120.2371,23.1376],[120.2363,23.1388],[120.2331,23.1405],[120.2284,23.1448],[120.2279,23.1457],[120.2253,23.1482],[120.2239,23.1501],[120.2194,23.1543],[120.2182,23.156],[120.2174,23.156],[120.2145,23.1602],[120.2137,23.1616],[120.2124,23.1647],[120.2113,23.1664],[120.2129,23.1668],[120.2133,23.1675],[120.2159,23.1674],[120.2157,23.1707],[120.2152,23.1714],[120.2149,23.1736],[120.2139,23.1742],[120.2149,23.1743],[120.2155,23.1783],[120.2157,23.1837],[120.2147,23.1838],[120.2149,23.1854],[120.213,23.1855],[120.2071,23.1877],[120.2076,23.1938],[120.2049,23.1947],[120.2018,23.195],[120.2,23.1957],[120.1963,23.1967],[120.1945,23.1969],[120.1976,23.199],[120.1993,23.1999],[120.1986,23.2029],[120.1977,23.2041],[120.1942,23.2034],[120.1937,23.2072],[120.1918,23.2075],[120.1919,23.2097],[120.1923,23.2107],[120.2003,23.2117],[120.1999,23.2139],[120.2017,23.2142],[120.2033,23.215],[120.2035,23.2144],[120.2045,23.2151],[120.2052,23.2142],[120.2076,23.2144],[120.2095,23.2154],[120.2107,23.2173],[120.2118,23.2175],[120.2127,23.2198],[120.2142,23.2199],[120.2161,23.222],[120.2164,23.2233],[120.2163,23.2253],[120.2175,23.2271],[120.2186,23.2293],[120.2208,23.2314],[120.2223,23.2307],[120.2239,23.2306],[120.2269,23.2275],[120.2331,23.2236],[120.2335,23.223],[120.2369,23.2156],[120.2405,23.2162],[120.2409,23.2142],[120.242,23.2143],[120.2421,23.213],[120.2463,23.2133],[120.2475,23.2063],[120.2499,23.2051],[120.2501,23.2045],[120.2531,23.2041],[120.255,23.2031],[120.2567,23.2015],[120.2574,23.2013],[120.2602,23.2023],[120.2663,23.2035],[120.2673,23.2044],[120.27,23.2028],[120.269,23.2016],[120.2802,23.2025],[120.2903,23.2034],[120.2899,23.2022]]]}},{"type":"Feature","properties":{"name":"台南市下營區","county":"台南市","town":"下營區"},"geometry":{"type":"Polygon","coordinates":[[[120.2631,23.2542],[120.2656,23.2552],[120.2671,23.2554],[120.2678,23.2573],[120.2712,23.2571],[120.2722,23.2584],[120.2721,23.2612],[120.2759,23.2609],[120.28,23.2612],[120.2804,23.2619],[120.2838,23.2602],[120.2871,23.2601],[120.2883,23.2604],[120.2885,23.2617],[120.2893,23.2622],[120.2934,23.2616],[120.2945,23.2619],[120.2952,23.2638],[120.2967,23.2649],[120.298,23.2646],[120.2994,23.2625],[120.2999,23.2581],[120.2986,23.2572],[120.2982,23.256],[120.2969,23.2554],[120.2971,23.253],[120.2978,23.2522],[120.2977,23.2508],[120.2992,23.2481],[120.2975,23.2481],[120.297,23.247],[120.294,23.2449],[120.2944,23.2443],[120.2911,23.2414],[120.2895,23.2409],[120.2892,23.2399],[120.2884,23.2396],[120.2879,23.2371],[120.2868,23.2366],[120.2876,23.2354],[120.2864,23.234],[120.2874,23.2331],[120.2881,23.2339],[120.2891,23.2325],[120.289,23.2316],[120.286,23.2316],[120.2844,23.2307],[120.2864,23.2287],[120.288,23.2283],[120.2893,23.2289],[120.2904,23.2286],[120.2902,23.2266],[120.2914,23.2256],[120.2932,23.2233],[120.2946,23.2219],[120.2946,23.2203],[120.2935,23.2204],[120.2929,23.2215],[120.292,23.2217],[120.2904,23.2205],[120.2902,23.2185],[120.2886,23.2172],[120.2874,23.2168],[120.287,23.2156],[120.2888,23.2147],[120.288,23.213],[120.2879,23.2109],[120.2891,23.2101],[120.2895,23.2083],[120.2888,23.2075],[120.2892,23.2062],[120.2901,23.2061],[120.2912,23.2068],[120.2926,23.2053],[120.2929,23.2026],[120.2915,23.2016],[120.2899,23.2022],[120.2903,23.2034],[120.2802,23.2025],[120.269,23.2016],[120.27,23.2028],[120.2673,23.2044],[120.2663,23.2035],[120.2602,23.2023],[120.2574,23.2013],[120.2567,23.2015],[120.255,23.2031],[120.2531,23.2041],[120.2501,23.2045],[120.2499,23.2051],[120.2475,23.2063],[120.2463,23.2133],[120.2421,23.213],[120.242,23.2143],[120.2409,23.2142],[120.2405,23.2162],[120.2369,23.2156],[120.2335,23.223],[120.2331,23.2236],[120.2269,23.2275],[120.2239,23.2306],[120.2223,23.2307],[120.2208,23.2314],[120.2201,23.2327],[120.2219,23.2362],[120.2254,23.2365],[120.2279,23.238],[120.232,23.2418],[120.23,23.2447],[120.2287,23.2462],[120.2286,23.2472],[120.2317,23.249],[120.2334,23.2487],[120.2336,23.2483],[120.2369,23.2433],[120.2398,23.2436],[120.2424,23.2452],[120.243,23.2443],[120.2499,23.2483],[120.2533,23.25],[120.2547,23.2486],[120.2632,23.2534],[120.2631,23.2542]]]}},{"type":"Feature","properties":{"name":"台南市六甲區","county":"台南市","town":"六甲區"},"geometry":{"type":"Polygon","coordinates":[[[120.2932,23.2233],[120.2914,23.2256],[120.2902,23.2266],[120.2904,23.2286],[120.2893,23.2289],[120.288,23.2283],[120.2864,23.2287],[120.2844,23.2307],[120.286,23.2316],[120.289,23.2316],[120.2891,23.2325],[120.2881,23.2339],[120.2874,23.2331],[120.2864,23.234],[120.2876,23.2354],[120.2868,23.2366],[120.2879,23.2371],[120.2884,23.2396],[120.2892,23.2399],[120.2895,23.2409],[120.2911,23.2414],[120.2944,23.2443],[120.294,23.2449],[120.297,23.247],[120.2975,23.2481],[120.2992,23.2481],[120.2977,23.2508],[120.2978,23.2522],[120.2971,23.253],[120.2969,23.2554],[120.2982,23.256],[120.2986,23.2572],[120.2999,23.2581],[120.2994,23.2625],[120.3033,23.263],[120.3057,23.2639],[120.3089,23.2634],[120.3098,23.2625],[120.3095,23.2605],[120.3102,23.26],[120.3133,23.2599],[120.3153,23.2591],[120.3165,23.2608],[120.3176,23.2613],[120.3185,23.2633],[120.3196,23.2635],[120.3212,23.2626],[120.3217,23.2612],[120.3226,23.2612],[120.3236,23.2631],[120.3246,23.2636],[120.3259,23.2622],[120.326,23.2605],[120.3278,23.2603],[120.3294,23.2612],[120.3298,23.2608],[120.3298,23.2584],[120.3303,23.2578],[120.3314,23.2588],[120.332,23.26],[120.3326,23.2625],[120.334,23.2637],[120.3355,23.2633],[120.3374,23.2603],[120.3388,23.2572],[120.3416,23.2551],[120.3426,23.2549],[120.3448,23.2565],[120.3465,23.2566],[120.3494,23.2544],[120.3513,23.2522],[120.3519,23.2481],[120.3516,23.2477],[120.3514,23.2454],[120.3503,23.2445],[120.3507,23.2437],[120.3525,23.2427],[120.3538,23.2427],[120.3547,23.242],[120.3581,23.2422],[120.3596,23.2412],[120.3623,23.2383],[120.3619,23.235],[120.3636,23.2351],[120.3658,23.2364],[120.3658,23.238],[120.3675,23.2388],[120.3674,23.2393],[120.3691,23.2402],[120.3706,23.2402],[120.3731,23.241],[120.3737,23.2402],[120.3758,23.2401],[120.3782,23.2382],[120.3808,23.2368],[120.3833,23.2374],[120.3848,23.2363],[120.3859,23.2363],[120.3876,23.2351],[120.3884,23.2357],[120.3908,23.236],[120.393,23.2345],[120.3948,23.2337],[120.3957,23.2319],[120.3981,23.2306],[120.3991,23.2309],[120.4013,23.2305],[120.4021,23.2314],[120.4023,23.2335],[120.4028,23.2332],[120.4052,23.2342],[120.4085,23.234],[120.41,23.2345],[120.4104,23.2353],[120.4118,23.235],[120.4142,23.2365],[120.417,23.2372],[120.4185,23.2386],[120.4211,23.2393],[120.422,23.2391],[120.4229,23.2399],[120.4235,23.2417],[120.423,23.2433],[120.424,23.2454],[120.425,23.245],[120.4265,23.2431],[120.429,23.2421],[120.4302,23.2407],[120.4328,23.239],[120.433,23.2359],[120.4343,23.2369],[120.4364,23.2367],[120.4374,23.2374],[120.4382,23.2369],[120.4401,23.2372],[120.4412,23.2366],[120.4416,23.2357],[120.444,23.2364],[120.4453,23.2375],[120.4455,23.2366],[120.4439,23.2343],[120.4433,23.2322],[120.4433,23.2306],[120.4426,23.2293],[120.443,23.2275],[120.4438,23.2291],[120.4447,23.2291],[120.4447,23.2271],[120.4461,23.2277],[120.4464,23.2289],[120.4477,23.2307],[120.4505,23.2319],[120.4513,23.2307],[120.4535,23.2303],[120.4549,23.2313],[120.458,23.2299],[120.4587,23.2289],[120.4603,23.228],[120.463,23.2281],[120.4639,23.2275],[120.4649,23.2279],[120.4656,23.2269],[120.467,23.2265],[120.4679,23.2254],[120.4697,23.2259],[120.4714,23.2249],[120.4759,23.2245],[120.477,23.223],[120.4753,23.2222],[120.4746,23.2206],[120.4738,23.2203],[120.4727,23.2186],[120.4709,23.2172],[120.4704,23.2145],[120.4682,23.2127],[120.4684,23.2115],[120.4667,23.209],[120.465,23.2052],[120.4633,23.2032],[120.4636,23.2026],[120.4631,23.1996],[120.4623,23.1993],[120.4614,23.1982],[120.4602,23.1943],[120.4581,23.1923],[120.4566,23.1936],[120.4553,23.1942],[120.4547,23.1957],[120.4531,23.1969],[120.4517,23.1972],[120.4508,23.1987],[120.4497,23.1994],[120.4478,23.1996],[120.4463,23.1993],[120.4437,23.1978],[120.4425,23.1991],[120.4404,23.1987],[120.4371,23.2002],[120.4346,23.2004],[120.4329,23.2013],[120.4316,23.2003],[120.43,23.2007],[120.4302,23.2013],[120.4287,23.2005],[120.4266,23.2012],[120.4247,23.1989],[120.4236,23.1995],[120.423,23.2013],[120.4217,23.2007],[120.4208,23.2012],[120.4184,23.2035],[120.4173,23.2053],[120.4159,23.2045],[120.4136,23.2066],[120.4122,23.2063],[120.4122,23.2049],[120.4094,23.2058],[120.4056,23.2061],[120.4046,23.2065],[120.4003,23.2068],[120.3995,23.2064],[120.3976,23.2071],[120.3963,23.2064],[120.3937,23.2061],[120.3929,23.2065],[120.3925,23.2054],[120.3903,23.2038],[120.389,23.2035],[120.3891,23.2022],[120.3876,23.2006],[120.3866,23.2004],[120.3861,23.1987],[120.3849,23.199],[120.3814,23.1961],[120.3803,23.1959],[120.3801,23.197],[120.3782,23.1996],[120.3764,23.2009],[120.374,23.2047],[120.373,23.2042],[120.3719,23.2045],[120.371,23.2073],[120.371,23.2082],[120.3703,23.2103],[120.3711,23.2122],[120.3704,23.213],[120.3712,23.2144],[120.3703,23.2155],[120.3673,23.215],[120.366,23.2156],[120.365,23.215],[120.3624,23.2155],[120.362,23.2139],[120.3589,23.2128],[120.3574,23.2146],[120.3558,23.2151],[120.3562,23.216],[120.3537,23.2162],[120.3534,23.2157],[120.351,23.2167],[120.3507,23.2173],[120.3495,23.2169],[120.3497,23.2133],[120.3485,23.2135],[120.3463,23.2146],[120.344,23.214],[120.3428,23.2144],[120.3444,23.22],[120.3412,23.2206],[120.3411,23.223],[120.3336,23.2218],[120.3337,23.225],[120.3346,23.2261],[120.3331,23.2261],[120.3307,23.227],[120.3292,23.2261],[120.3279,23.2266],[120.3284,23.2282],[120.3275,23.2285],[120.3243,23.2279],[120.3219,23.228],[120.32,23.2289],[120.3157,23.2287],[120.3154,23.2284],[120.3132,23.2284],[120.3127,23.2275],[120.3113,23.2277],[120.3109,23.2267],[120.3095,23.2261],[120.3052,23.2256],[120.3033,23.2256],[120.3017,23.2247],[120.2989,23.224],[120.2971,23.2246],[120.2942,23.224],[120.2932,23.2233]]]}},{"type":"Feature","properties":{"name":"台南市官田區","county":"台南市","town":"官田區"},"geometry":{"type":"Polygon","coordinates":[[[120.2898,23.1761],[120.2906,23.1856],[120.2912,23.1882],[120.2892,23.1892],[120.289,23.1912],[120.2875,23.1913],[120.2874,23.1926],[120.2882,23.1953],[120.2876,23.1973],[120.2885,23.1979],[120.2879,23.2001],[120.2899,23.2022],[120.2915,23.2016],[120.2929,23.2026],[120.2926,23.2053],[120.2912,23.2068],[120.2901,23.2061],[120.2892,23.2062],[120.2888,23.2075],[120.2895,23.2083],[120.2891,23.2101],[120.2879,23.2109],[120.288,23.213],[120.2888,23.2147],[120.287,23.2156],[120.2874,23.2168],[120.2886,23.2172],[120.2902,23.2185],[120.2904,23.2205],[120.292,23.2217],[120.2929,23.2215],[120.2935,23.2204],[120.2946,23.2203],[120.2946,23.2219],[120.2932,23.2233],[120.2942,23.224],[120.2971,23.2246],[120.2989,23.224],[120.3017,23.2247],[120.3033,23.2256],[120.3052,23.2256],[120.3095,23.2261],[120.3109,23.2267],[120.3113,23.2277],[120.3127,23.2275],[120.3132,23.2284],[120.3154,23.2284],[120.3157,23.2287],[120.32,23.2289],[120.3219,23.228],[120.3243,23.2279],[120.3275,23.2285],[120.3284,23.2282],[120.3279,23.2266],[120.3292,23.2261],[120.3307,23.227],[120.3331,23.2261],[120.3346,23.2261],[120.3337,23.225],[120.3336,23.2218],[120.3411,23.223],[120.3412,23.2206],[120.3444,23.22],[120.3428,23.2144],[120.344,23.214],[120.3463,23.2146],[120.3485,23.2135],[120.3497,23.2133],[120.3495,23.2169],[120.3507,23.2173],[120.351,23.2167],[120.3534,23.2157],[120.3537,23.2162],[120.3562,23.216],[120.3558,23.2151],[120.3574,23.2146],[120.3589,23.2128],[120.362,23.2139],[120.3624,23.2155],[120.365,23.215],[120.366,23.2156],[120.3673,23.215],[120.3703,23.2155],[120.3712,23.2144],[120.3704,23.213],[120.3711,23.2122],[120.3703,23.2103],[120.371,23.2082],[120.371,23.2073],[120.3719,23.2045],[120.373,23.2042],[120.374,23.2047],[120.3764,23.2009],[120.3782,23.1996],[120.3801,23.197],[120.3803,23.1959],[120.3814,23.1961],[120.3849,23.199],[120.3861,23.1987],[120.3866,23.2004],[120.3876,23.2006],[120.3891,23.2022],[120.389,23.2035],[120.3903,23.2038],[120.3925,23.2054],[120.3929,23.2065],[120.3937,23.2061],[120.3963,23.2064],[120.3976,23.2071],[120.3995,23.2064],[120.4003,23.2068],[120.4046,23.2065],[120.4056,23.2061],[120.4094,23.2058],[120.4122,23.2049],[120.4122,23.2063],[120.4136,23.2066],[120.4159,23.2045],[120.4173,23.2053],[120.4184,23.2035],[120.4208,23.2012],[120.4217,23.2007],[120.423,23.2013],[120.4236,23.1995],[120.4247,23.1989],[120.4266,23.2012],[120.4287,23.2005],[120.4302,23.2013],[120.43,23.2007],[120.4257,23.1974],[120.4253,23.1956],[120.4227,23.1938],[120.4223,23.1921],[120.4216,23.1915],[120.4203,23.1889],[120.42,23.1873],[120.4183,23.1857],[120.4161,23.1806],[120.4149,23.1784],[120.4121,23.179],[120.4105,23.1776],[120.4096,23.1775],[120.4084,23.1745],[120.4069,23.1747],[120.4057,23.174],[120.4049,23.176],[120.4023,23.1758],[120.4015,23.1744],[120.4,23.1728],[120.3992,23.1726],[120.398,23.1739],[120.3969,23.1732],[120.3964,23.1702],[120.3959,23.1693],[120.3985,23.1683],[120.3986,23.1679],[120.3944,23.1666],[120.3944,23.1656],[120.3934,23.1643],[120.3915,23.1634],[120.3901,23.1636],[120.3887,23.1644],[120.3868,23.1649],[120.3863,23.1644],[120.3851,23.1652],[120.3838,23.1647],[120.3797,23.1645],[120.3783,23.1638],[120.3781,23.1645],[120.3744,23.1648],[120.3742,23.1644],[120.3719,23.1653],[120.3715,23.1646],[120.3705,23.165],[120.3691,23.1637],[120.3681,23.1641],[120.3664,23.1634],[120.3656,23.1621],[120.3648,23.1618],[120.3646,23.1609],[120.3624,23.1611],[120.3619,23.1601],[120.3622,23.1591],[120.3616,23.1567],[120.3595,23.1567],[120.3597,23.156],[120.3585,23.1547],[120.3574,23.1543],[120.3563,23.1545],[120.3561,23.1554],[120.3551,23.1552],[120.3539,23.1537],[120.354,23.1527],[120.3531,23.1515],[120.3511,23.1512],[120.3497,23.1506],[120.3479,23.1511],[120.3459,23.151],[120.344,23.1527],[120.3398,23.155],[120.3379,23.1564],[120.3359,23.1574],[120.3331,23.1591],[120.3317,23.1595],[120.3273,23.1631],[120.3202,23.1685],[120.3088,23.1726],[120.3071,23.1746],[120.305,23.1754],[120.2991,23.1764],[120.2952,23.1764],[120.2898,23.1761]]]}},{"type":"Feature","properties":{"name":"台南市大內區","county":"台南市","town":"大內區"},"geometry":{"type":"Polygon","coordinates":[[[120.43,23.2007],[120.4316,23.2003],[120.4329,23.2013],[120.4346,23.2004],[120.4371,23.2002],[120.4404,23.1987],[120.4425,23.1991],[120.4437,23.1978],[120.4463,23.1993],[120.4478,23.1996],[120.4497,23.1994],[120.4508,23.1987],[120.4517,23.1972],[120.4531,23.1969],[120.4547,23.1957],[120.4553,23.1942],[120.4566,23.1936],[120.4581,23.1923],[120.4569,23.19],[120.455,23.1874],[120.4541,23.1854],[120.4529,23.1848],[120.4531,23.1837],[120.4521,23.1829],[120.4517,23.1812],[120.4493,23.1786],[120.4477,23.1743],[120.4447,23.1705],[120.4434,23.1685],[120.4432,23.1669],[120.4438,23.1656],[120.443,23.1642],[120.4389,23.1629],[120.4388,23.1599],[120.4366,23.1579],[120.4364,23.1562],[120.4337,23.1539],[120.4338,23.1515],[120.4352,23.1501],[120.4352,23.1471],[120.4336,23.1428],[120.4331,23.1421],[120.4324,23.1395],[120.4313,23.138],[120.4312,23.1372],[120.4341,23.135],[120.4359,23.1332],[120.4364,23.1321],[120.4364,23.1301],[120.4353,23.126],[120.4368,23.1232],[120.4358,23.1206],[120.4341,23.1188],[120.4308,23.1162],[120.4309,23.1147],[120.4303,23.1138],[120.4289,23.1137],[120.4292,23.1116],[120.4282,23.112],[120.425,23.1084],[120.4243,23.1088],[120.4215,23.1067],[120.42,23.1049],[120.4183,23.1046],[120.4177,23.1066],[120.4195,23.109],[120.4182,23.1106],[120.4177,23.1119],[120.4153,23.1117],[120.414,23.1112],[120.4118,23.1113],[120.4103,23.1123],[120.41,23.1132],[120.4091,23.1129],[120.409,23.114],[120.4056,23.1157],[120.4025,23.1156],[120.4015,23.114],[120.4014,23.1126],[120.4005,23.1121],[120.3999,23.1102],[120.3999,23.1091],[120.3988,23.1077],[120.3975,23.1082],[120.3965,23.1078],[120.3956,23.1086],[120.3952,23.1072],[120.3926,23.1065],[120.3911,23.1057],[120.3898,23.106],[120.387,23.1058],[120.386,23.1041],[120.3848,23.1026],[120.383,23.1017],[120.3823,23.102],[120.3768,23.1016],[120.3742,23.1006],[120.3719,23.1001],[120.3693,23.0999],[120.3679,23.1005],[120.3611,23.1058],[120.3565,23.109],[120.35,23.1143],[120.3471,23.1176],[120.3435,23.123],[120.3411,23.1276],[120.3394,23.1329],[120.3393,23.1377],[120.3431,23.1404],[120.3443,23.1417],[120.3448,23.1432],[120.3463,23.149],[120.3459,23.151],[120.3479,23.1511],[120.3497,23.1506],[120.3511,23.1512],[120.3531,23.1515],[120.354,23.1527],[120.3539,23.1537],[120.3551,23.1552],[120.3561,23.1554],[120.3563,23.1545],[120.3574,23.1543],[120.3585,23.1547],[120.3597,23.156],[120.3595,23.1567],[120.3616,23.1567],[120.3622,23.1591],[120.3619,23.1601],[120.3624,23.1611],[120.3646,23.1609],[120.3648,23.1618],[120.3656,23.1621],[120.3664,23.1634],[120.3681,23.1641],[120.3691,23.1637],[120.3705,23.165],[120.3715,23.1646],[120.3719,23.1653],[120.3742,23.1644],[120.3744,23.1648],[120.3781,23.1645],[120.3783,23.1638],[120.3797,23.1645],[120.3838,23.1647],[120.3851,23.1652],[120.3863,23.1644],[120.3868,23.1649],[120.3887,23.1644],[120.3901,23.1636],[120.3915,23.1634],[120.3934,23.1643],[120.3944,23.1656],[120.3944,23.1666],[120.3986,23.1679],[120.3985,23.1683],[120.3959,23.1693],[120.3964,23.1702],[120.3969,23.1732],[120.398,23.1739],[120.3992,23.1726],[120.4,23.1728],[120.4015,23.1744],[120.4023,23.1758],[120.4049,23.176],[120.4057,23.174],[120.4069,23.1747],[120.4084,23.1745],[120.4096,23.1775],[120.4105,23.1776],[120.4121,23.179],[120.4149,23.1784],[120.4161,23.1806],[120.4183,23.1857],[120.42,23.1873],[120.4203,23.1889],[120.4216,23.1915],[120.4223,23.1921],[120.4227,23.1938],[120.4253,23.1956],[120.4257,23.1974],[120.43,23.2007]]]}},{"type":"Feature","properties":{"name":"台南市佳里區","county":"台南市","town":"佳里區"},"geometry":{"type":"Polygon","coordinates":[[[120.1919,23.2097],[120.1918,23.2075],[120.1937,23.2072],[120.1942,23.2034],[120.1977,23.2041],[120.1986,23.2029],[120.1993,23.1999],[120.1976,23.199],[120.1945,23.1969],[120.1963,23.1967],[120.2,23.1957],[120.2018,23.195],[120.2049,23.1947],[120.2076,23.1938],[120.2071,23.1877],[120.213,23.1855],[120.2149,23.1854],[120.2147,23.1838],[120.2157,23.1837],[120.2155,23.1783],[120.2149,23.1743],[120.2139,23.1742],[120.2149,23.1736],[120.2152,23.1714],[120.2157,23.1707],[120.2159,23.1674],[120.2133,23.1675],[120.2129,23.1668],[120.2113,23.1664],[120.2124,23.1647],[120.2137,23.1616],[120.2145,23.1602],[120.211,23.1595],[120.2092,23.1614],[120.2075,23.1619],[120.2051,23.1631],[120.2028,23.1635],[120.2028,23.1627],[120.1925,23.1598],[120.196,23.1514],[120.1878,23.1485],[120.1908,23.1451],[120.1896,23.1448],[120.1839,23.141],[120.1804,23.1407],[120.18,23.1368],[120.174,23.1365],[120.1743,23.1294],[120.1745,23.122],[120.1713,23.1215],[120.1693,23.1231],[120.1675,23.1229],[120.1684,23.1173],[120.1611,23.1163],[120.1613,23.1201],[120.1623,23.1214],[120.1592,23.1237],[120.1571,23.1241],[120.1551,23.1232],[120.1518,23.1226],[120.152,23.1266],[120.1503,23.1267],[120.1489,23.1272],[120.149,23.1313],[120.1486,23.1323],[120.1489,23.1344],[120.1534,23.1349],[120.1556,23.1347],[120.155,23.1352],[120.1548,23.1373],[120.1537,23.1407],[120.1538,23.1436],[120.1548,23.1461],[120.1554,23.149],[120.1581,23.1522],[120.1585,23.1536],[120.1589,23.1572],[120.1567,23.1561],[120.1566,23.1582],[120.1536,23.1579],[120.1536,23.1617],[120.1533,23.1639],[120.15,23.1658],[120.145,23.1668],[120.1449,23.1682],[120.1457,23.1705],[120.1473,23.1733],[120.1448,23.1746],[120.145,23.1754],[120.1483,23.176],[120.1475,23.1768],[120.1471,23.1798],[120.1485,23.1801],[120.1509,23.1799],[120.1531,23.1794],[120.1519,23.1827],[120.1503,23.1842],[120.1512,23.1849],[120.1513,23.1869],[120.1523,23.1869],[120.1523,23.1879],[120.1559,23.1877],[120.156,23.1882],[120.1595,23.185],[120.1607,23.1852],[120.1616,23.1836],[120.1632,23.184],[120.1634,23.1835],[120.1684,23.1843],[120.1699,23.1852],[120.1708,23.1874],[120.1709,23.1907],[120.1717,23.1933],[120.1742,23.1965],[120.1749,23.1984],[120.1757,23.2027],[120.1776,23.2068],[120.1783,23.2086],[120.1778,23.2112],[120.1771,23.2133],[120.185,23.2106],[120.1844,23.2094],[120.1851,23.2088],[120.1843,23.2084],[120.1851,23.2068],[120.1869,23.207],[120.1884,23.208],[120.1894,23.2101],[120.1919,23.2097]]]}},{"type":"Feature","properties":{"name":"台南市學甲區","county":"台南市","town":"學甲區"},"geometry":{"type":"Polygon","coordinates":[[[120.184,23.2903],[120.1875,23.29],[120.189,23.2902],[120.1895,23.291],[120.1894,23.2923],[120.1877,23.2943],[120.1863,23.2952],[120.1858,23.297],[120.1863,23.2983],[120.1881,23.3004],[120.1884,23.3013],[120.1909,23.3007],[120.1917,23.3003],[120.1991,23.2947],[120.201,23.2935],[120.2026,23.2931],[120.2043,23.2919],[120.2059,23.2915],[120.2086,23.2913],[120.2119,23.2927],[120.2123,23.2917],[120.2117,23.2868],[120.2123,23.282],[120.2109,23.2817],[120.2113,23.2802],[120.211,23.278],[120.21,23.2768],[120.2063,23.276],[120.205,23.2746],[120.2038,23.2741],[120.1999,23.2736],[120.1986,23.2717],[120.1971,23.2714],[120.1957,23.273],[120.1938,23.2762],[120.1935,23.2759],[120.194,23.2723],[120.1937,23.2707],[120.1928,23.2692],[120.1918,23.2659],[120.1929,23.2647],[120.1951,23.2635],[120.1948,23.2623],[120.1959,23.2609],[120.1977,23.2617],[120.1988,23.2607],[120.1989,23.2595],[120.1982,23.2577],[120.1993,23.2578],[120.2007,23.2586],[120.2016,23.2607],[120.2032,23.2622],[120.2047,23.2625],[120.2056,23.2617],[120.2042,23.2599],[120.2042,23.259],[120.206,23.2596],[120.2079,23.2614],[120.2078,23.2639],[120.2092,23.2646],[120.2106,23.2648],[120.2114,23.2638],[120.2102,23.2623],[120.2099,23.2609],[120.2106,23.2609],[120.2161,23.2623],[120.2164,23.2649],[120.2172,23.2665],[120.2194,23.2665],[120.2208,23.267],[120.2221,23.2687],[120.223,23.2675],[120.2228,23.2659],[120.2212,23.2655],[120.2189,23.264],[120.2189,23.2625],[120.22,23.2621],[120.2205,23.2632],[120.2245,23.2626],[120.2258,23.2617],[120.2225,23.2613],[120.222,23.2596],[120.2228,23.256],[120.2263,23.2541],[120.2286,23.2524],[120.2296,23.252],[120.2286,23.25],[120.2275,23.2499],[120.2275,23.2486],[120.2286,23.2472],[120.2287,23.2462],[120.23,23.2447],[120.232,23.2418],[120.2279,23.238],[120.2254,23.2365],[120.2219,23.2362],[120.2201,23.2327],[120.2208,23.2314],[120.2186,23.2293],[120.2175,23.2271],[120.2163,23.2253],[120.2164,23.2233],[120.2161,23.222],[120.2142,23.2199],[120.2127,23.2198],[120.2118,23.2175],[120.2107,23.2173],[120.2095,23.2154],[120.2076,23.2144],[120.2052,23.2142],[120.2045,23.2151],[120.2035,23.2144],[120.2033,23.215],[120.2017,23.2142],[120.1999,23.2139],[120.2003,23.2117],[120.1923,23.2107],[120.1919,23.2097],[120.1894,23.2101],[120.1884,23.208],[120.1869,23.207],[120.1851,23.2068],[120.1843,23.2084],[120.1851,23.2088],[120.1844,23.2094],[120.185,23.2106],[120.1771,23.2133],[120.1761,23.2165],[120.1749,23.2232],[120.1731,23.2258],[120.1705,23.2271],[120.1692,23.2294],[120.1685,23.2327],[120.1663,23.2348],[120.1645,23.2353],[120.1634,23.2369],[120.1608,23.2381],[120.1587,23.238],[120.1531,23.2359],[120.1474,23.2346],[120.1438,23.2336],[120.1417,23.2326],[120.1356,23.229],[120.1353,23.2295],[120.1374,23.2339],[120.1384,23.2374],[120.138,23.2384],[120.1386,23.2393],[120.1411,23.2393],[120.1411,23.2407],[120.1431,23.2412],[120.1425,23.2425],[120.1425,23.2448],[120.1396,23.2469],[120.1398,23.2502],[120.1381,23.2506],[120.1361,23.2516],[120.1356,23.2533],[120.1334,23.2531],[120.1342,23.2549],[120.1341,23.2561],[120.1349,23.2562],[120.1363,23.2581],[120.1393,23.2611],[120.1398,23.2607],[120.1415,23.2624],[120.1434,23.2624],[120.1479,23.2604],[120.1503,23.2654],[120.1524,23.2676],[120.1515,23.2693],[120.1498,23.2752],[120.1508,23.2754],[120.1503,23.2761],[120.1497,23.2802],[120.1502,23.2822],[120.1472,23.2845],[120.1454,23.2865],[120.1447,23.2884],[120.1441,23.2934],[120.1457,23.2938],[120.1468,23.2933],[120.1479,23.2922],[120.1489,23.2895],[120.1504,23.2876],[120.1517,23.2869],[120.1535,23.2874],[120.1557,23.2889],[120.1572,23.2882],[120.1592,23.2848],[120.161,23.2837],[120.1635,23.2816],[120.166,23.2789],[120.1668,23.2777],[120.1686,23.2796],[120.1701,23.2807],[120.1744,23.2815],[120.1752,23.2814],[120.1789,23.2825],[120.181,23.2825],[120.1831,23.2817],[120.1836,23.2842],[120.1811,23.2856],[120.1799,23.2845],[120.1789,23.2855],[120.1802,23.2868],[120.1818,23.2875],[120.1828,23.2872],[120.1829,23.2879],[120.1849,23.2876],[120.1849,23.2886],[120.184,23.2903]]]}},{"type":"Feature","properties":{"name":"台南市西港區","county":"台南市","town":"西港區"},"geometry":{"type":"Polygon","coordinates":[[[120.2145,23.1602],[120.2174,23.156],[120.2182,23.156],[120.2194,23.1543],[120.2239,23.1501],[120.2253,23.1482],[120.2279,23.1457],[120.2284,23.1448],[120.2331,23.1405],[120.2363,23.1388],[120.2371,23.1376],[120.2386,23.1376],[120.2397,23.1369],[120.2416,23.1372],[120.2416,23.1308],[120.2384,23.1291],[120.2366,23.1285],[120.2346,23.1285],[120.2319,23.1272],[120.2296,23.1258],[120.2263,23.1232],[120.2217,23.1197],[120.2193,23.1175],[120.217,23.1156],[120.2149,23.1144],[120.209,23.1108],[120.2081,23.1108],[120.2028,23.1072],[120.2031,23.0999],[120.201,23.0986],[120.2003,23.0969],[120.1981,23.0935],[120.1874,23.0831],[120.1817,23.0776],[120.1812,23.0784],[120.1797,23.0779],[120.1778,23.0784],[120.1764,23.0784],[120.1762,23.0812],[120.175,23.0811],[120.1742,23.0824],[120.1727,23.0836],[120.1744,23.0851],[120.1746,23.0873],[120.1755,23.0907],[120.1759,23.0941],[120.1757,23.0956],[120.176,23.099],[120.1736,23.0997],[120.1721,23.1028],[120.1728,23.1034],[120.1774,23.1106],[120.1781,23.1111],[120.1757,23.1177],[120.175,23.1185],[120.1713,23.1215],[120.1745,23.122],[120.1743,23.1294],[120.174,23.1365],[120.18,23.1368],[120.1804,23.1407],[120.1839,23.141],[120.1896,23.1448],[120.1908,23.1451],[120.1878,23.1485],[120.196,23.1514],[120.1925,23.1598],[120.2028,23.1627],[120.2028,23.1635],[120.2051,23.1631],[120.2075,23.1619],[120.2092,23.1614],[120.211,23.1595],[120.2145,23.1602]]]}},{"type":"Feature","properties":{"name":"台南市新化區","county":"台南市","town":"新化區"},"geometry":{"type":"Polygon","coordinates":[[[120.3584,23.0716],[120.3582,23.0703],[120.3599,23.0702],[120.3609,23.0707],[120.3612,23.0699],[120.3599,23.0682],[120.3591,23.0661],[120.36,23.0639],[120.363,23.0642],[120.3643,23.0621],[120.3628,23.0615],[120.3616,23.0619],[120.3638,23.0585],[120.3646,23.0593],[120.3657,23.0594],[120.366,23.0584],[120.3674,23.0583],[120.3667,23.0573],[120.3677,23.0568],[120.3671,23.0558],[120.3657,23.0553],[120.3658,23.0543],[120.3665,23.0542],[120.3676,23.056],[120.3686,23.0568],[120.3698,23.0563],[120.3698,23.0551],[120.3706,23.0528],[120.3736,23.0526],[120.3727,23.0514],[120.373,23.0506],[120.3741,23.051],[120.374,23.0497],[120.3746,23.0495],[120.3734,23.0478],[120.3759,23.0468],[120.3766,23.0456],[120.3761,23.0448],[120.3766,23.044],[120.3753,23.0428],[120.3771,23.0428],[120.378,23.0418],[120.3771,23.0413],[120.3767,23.0403],[120.3756,23.0404],[120.3758,23.0395],[120.3769,23.0393],[120.378,23.0375],[120.3778,23.0363],[120.3786,23.0346],[120.3779,23.0339],[120.3787,23.0333],[120.3757,23.0331],[120.3766,23.0325],[120.3763,23.0315],[120.3752,23.0316],[120.375,23.0293],[120.3741,23.0289],[120.3738,23.026],[120.3757,23.0252],[120.375,23.0242],[120.3747,23.0228],[120.3753,23.0207],[120.3773,23.0209],[120.3778,23.0215],[120.3796,23.0213],[120.3804,23.0194],[120.3812,23.0191],[120.3818,23.02],[120.3841,23.0197],[120.3848,23.0207],[120.386,23.0212],[120.3889,23.02],[120.3886,23.0156],[120.3872,23.0141],[120.3885,23.0137],[120.3882,23.0131],[120.3868,23.0133],[120.3866,23.012],[120.3877,23.0105],[120.3895,23.0107],[120.3908,23.0095],[120.3925,23.0092],[120.3927,23.0076],[120.3913,23.005],[120.3899,23.0052],[120.3896,23.0076],[120.3871,23.0079],[120.3862,23.0086],[120.3843,23.0083],[120.3826,23.0064],[120.3826,23.0047],[120.3804,23.0048],[120.3794,23.0052],[120.378,23.0045],[120.3768,23.0059],[120.3752,23.0054],[120.3746,23.0046],[120.3733,23.0049],[120.3722,23.0044],[120.3691,23.0041],[120.3661,23.0029],[120.3648,23.0017],[120.3611,23.0047],[120.3587,23.0041],[120.3577,23.0042],[120.3571,23.0033],[120.3558,23.0029],[120.3545,23.0014],[120.3536,23.0014],[120.353,23.0003],[120.3518,23.0001],[120.3512,22.9981],[120.3509,22.9957],[120.35,22.9947],[120.3484,22.9936],[120.3486,22.9926],[120.347,22.9913],[120.345,22.9905],[120.3439,22.9888],[120.3426,22.9887],[120.34,22.9898],[120.3415,22.9922],[120.3402,22.993],[120.3363,22.9941],[120.3348,22.9942],[120.3333,22.9965],[120.3326,22.9995],[120.3333,23.0017],[120.3327,23.0021],[120.3303,23.0073],[120.3296,23.0077],[120.3287,23.0099],[120.3273,23.0098],[120.3252,23.0092],[120.3235,23.0099],[120.3216,23.0098],[120.3186,23.0109],[120.3155,23.0106],[120.313,23.0124],[120.313,23.0129],[120.3099,23.0132],[120.3096,23.0117],[120.3058,23.0113],[120.3033,23.0113],[120.3029,23.0104],[120.2993,23.0105],[120.2987,23.0108],[120.2958,23.0138],[120.2954,23.0144],[120.2928,23.0154],[120.2925,23.0158],[120.29,23.0172],[120.2868,23.018],[120.2842,23.0195],[120.2832,23.0219],[120.2832,23.0265],[120.2841,23.0281],[120.2853,23.0284],[120.2863,23.0293],[120.2876,23.0298],[120.289,23.0321],[120.2887,23.0333],[120.2855,23.0357],[120.2847,23.037],[120.2828,23.0376],[120.2818,23.0399],[120.282,23.0416],[120.2831,23.0435],[120.2845,23.0439],[120.2867,23.0462],[120.2868,23.0475],[120.2845,23.0488],[120.2838,23.0503],[120.2818,23.0515],[120.2814,23.0525],[120.2783,23.0552],[120.2779,23.0564],[120.2798,23.0562],[120.2807,23.0552],[120.2826,23.0561],[120.2844,23.0564],[120.2872,23.0562],[120.2884,23.0553],[120.2889,23.0541],[120.2902,23.0538],[120.2928,23.0543],[120.2941,23.0531],[120.2957,23.0531],[120.2951,23.0556],[120.2939,23.0582],[120.2973,23.0604],[120.2977,23.0593],[120.3017,23.0598],[120.3019,23.0552],[120.3028,23.0533],[120.3041,23.0536],[120.3056,23.0543],[120.3058,23.0551],[120.3074,23.0563],[120.309,23.0566],[120.3098,23.0573],[120.3122,23.0575],[120.3121,23.0579],[120.3137,23.0587],[120.3151,23.0577],[120.3164,23.0581],[120.3167,23.0592],[120.3177,23.059],[120.3192,23.0598],[120.3209,23.0596],[120.3215,23.0612],[120.3234,23.0609],[120.3233,23.0603],[120.3247,23.0595],[120.3265,23.06],[120.328,23.061],[120.3294,23.0606],[120.3309,23.0617],[120.332,23.0637],[120.3332,23.064],[120.3358,23.0669],[120.3373,23.0679],[120.3369,23.0688],[120.3351,23.0703],[120.3365,23.0721],[120.3386,23.0734],[120.3396,23.0751],[120.3376,23.0763],[120.336,23.0781],[120.335,23.0805],[120.336,23.0818],[120.3384,23.0826],[120.3392,23.0826],[120.3405,23.0835],[120.3421,23.0818],[120.3415,23.0802],[120.3427,23.0794],[120.3437,23.0805],[120.3459,23.0807],[120.3486,23.0793],[120.3505,23.0812],[120.3511,23.0804],[120.351,23.0783],[120.3498,23.0758],[120.3513,23.0758],[120.3533,23.0727],[120.3545,23.0736],[120.354,23.0751],[120.3545,23.0768],[120.3556,23.0773],[120.3571,23.076],[120.3572,23.075],[120.3562,23.0738],[120.3566,23.0731],[120.3584,23.0723],[120.3584,23.0716]]]}},{"type":"Feature","properties":{"name":"台南市新市區","county":"台南市","town":"新市區"},"geometry":{"type":"Polygon","coordinates":[[[120.3405,23.0835],[120.3392,23.0826],[120.3384,23.0826],[120.336,23.0818],[120.335,23.0805],[120.336,23.0781],[120.3376,23.0763],[120.3396,23.0751],[120.3386,23.0734],[120.3365,23.0721],[120.3351,23.0703],[120.3369,23.0688],[120.3373,23.0679],[120.3358,23.0669],[120.3332,23.064],[120.332,23.0637],[120.3309,23.0617],[120.3294,23.0606],[120.328,23.061],[120.3265,23.06],[120.3247,23.0595],[120.3233,23.0603],[120.3234,23.0609],[120.3215,23.0612],[120.3209,23.0596],[120.3192,23.0598],[120.3177,23.059],[120.3167,23.0592],[120.3164,23.0581],[120.3151,23.0577],[120.3137,23.0587],[120.3121,23.0579],[120.3122,23.0575],[120.3098,23.0573],[120.309,23.0566],[120.3074,23.0563],[120.3058,23.0551],[120.3056,23.0543],[120.3041,23.0536],[120.3028,23.0533],[120.3019,23.0552],[120.3017,23.0598],[120.2977,23.0593],[120.2973,23.0604],[120.2939,23.0582],[120.2951,23.0556],[120.2957,23.0531],[120.2941,23.0531],[120.2928,23.0543],[120.2902,23.0538],[120.2889,23.0541],[120.2884,23.0553],[120.2872,23.0562],[120.2844,23.0564],[120.2826,23.0561],[120.2807,23.0552],[120.2798,23.0562],[120.2779,23.0564],[120.2777,23.0591],[120.2763,23.0597],[120.2727,23.0593],[120.2706,23.0594],[120.2681,23.0609],[120.2657,23.061],[120.2643,23.0619],[120.2621,23.0617],[120.2605,23.0613],[120.2598,23.0596],[120.2571,23.0597],[120.2552,23.0617],[120.2532,23.0612],[120.2526,23.0615],[120.2518,23.0658],[120.2522,23.0666],[120.2496,23.0667],[120.248,23.0677],[120.2474,23.0672],[120.2469,23.0656],[120.2436,23.0664],[120.2415,23.0661],[120.2411,23.0666],[120.2423,23.0676],[120.2423,23.0733],[120.2421,23.0786],[120.2427,23.0795],[120.2478,23.0781],[120.2478,23.0819],[120.2464,23.0829],[120.2462,23.0836],[120.2481,23.0836],[120.2469,23.0845],[120.2484,23.0858],[120.2485,23.088],[120.2482,23.0896],[120.2474,23.0911],[120.2472,23.0939],[120.2489,23.0974],[120.2484,23.0995],[120.2472,23.0995],[120.2467,23.1004],[120.2446,23.1008],[120.2439,23.1026],[120.2482,23.1041],[120.2515,23.1046],[120.2522,23.1058],[120.2518,23.1066],[120.253,23.1074],[120.2558,23.108],[120.2559,23.1066],[120.2566,23.1051],[120.2586,23.1061],[120.2603,23.1053],[120.2623,23.1052],[120.265,23.1073],[120.2683,23.1085],[120.2675,23.1063],[120.2696,23.1072],[120.2705,23.1057],[120.2705,23.1049],[120.2715,23.1058],[120.2716,23.1077],[120.2723,23.1088],[120.2732,23.109],[120.2737,23.11],[120.2753,23.1111],[120.276,23.1106],[120.2778,23.1114],[120.2791,23.1108],[120.2795,23.11],[120.2818,23.1099],[120.281,23.1077],[120.2812,23.1061],[120.2835,23.1072],[120.2843,23.1079],[120.2869,23.1094],[120.2866,23.1102],[120.2881,23.111],[120.289,23.1082],[120.2897,23.1074],[120.2919,23.1084],[120.2936,23.11],[120.2946,23.1093],[120.2956,23.1094],[120.2959,23.1066],[120.2975,23.1067],[120.2985,23.1056],[120.3017,23.1075],[120.3046,23.1079],[120.3064,23.1094],[120.3092,23.1106],[120.3138,23.1099],[120.3144,23.1094],[120.3191,23.1082],[120.321,23.1072],[120.3214,23.108],[120.3222,23.1074],[120.3238,23.1073],[120.3252,23.1078],[120.3252,23.1063],[120.3296,23.1061],[120.3303,23.1066],[120.3329,23.1066],[120.334,23.1049],[120.3339,23.1037],[120.3352,23.1019],[120.3358,23.0991],[120.3424,23.0908],[120.3441,23.089],[120.3434,23.0885],[120.344,23.0856],[120.3441,23.084],[120.3423,23.0836],[120.3412,23.0839],[120.3405,23.0835]]]}},{"type":"Feature","properties":{"name":"台南市安定區","county":"台南市","town":"安定區"},"geometry":{"type":"Polygon","coordinates":[[[120.2416,23.1308],[120.2437,23.131],[120.2468,23.1319],[120.2515,23.1342],[120.2549,23.135],[120.2552,23.1325],[120.256,23.1327],[120.2559,23.1312],[120.2595,23.1317],[120.2597,23.1306],[120.2606,23.1314],[120.261,23.13],[120.2621,23.1301],[120.2628,23.1293],[120.263,23.128],[120.2618,23.1278],[120.2628,23.1245],[120.2647,23.1254],[120.2661,23.1214],[120.269,23.1226],[120.2692,23.1221],[120.2684,23.1197],[120.2683,23.1186],[120.2673,23.1165],[120.2654,23.1161],[120.2646,23.1133],[120.2635,23.1127],[120.2633,23.1119],[120.2613,23.1098],[120.2592,23.1085],[120.2558,23.108],[120.253,23.1074],[120.2518,23.1066],[120.2522,23.1058],[120.2515,23.1046],[120.2482,23.1041],[120.2439,23.1026],[120.2446,23.1008],[120.2467,23.1004],[120.2472,23.0995],[120.2484,23.0995],[120.2489,23.0974],[120.2472,23.0939],[120.2474,23.0911],[120.2482,23.0896],[120.2485,23.088],[120.2484,23.0858],[120.2469,23.0845],[120.2481,23.0836],[120.2462,23.0836],[120.2464,23.0829],[120.2478,23.0819],[120.2478,23.0781],[120.2427,23.0795],[120.2421,23.0786],[120.2423,23.0733],[120.2423,23.0676],[120.2411,23.0666],[120.2406,23.067],[120.2379,23.067],[120.2349,23.0697],[120.2312,23.0709],[120.2297,23.0708],[120.2283,23.0713],[120.2277,23.0721],[120.2246,23.0727],[120.2234,23.0758],[120.221,23.0754],[120.2206,23.0739],[120.2167,23.0743],[120.2137,23.0732],[120.2139,23.0705],[120.2132,23.0697],[120.212,23.0699],[120.2091,23.0685],[120.2076,23.0689],[120.2067,23.0686],[120.2057,23.07],[120.2023,23.0678],[120.1998,23.0711],[120.1996,23.0719],[120.2055,23.0766],[120.2074,23.0782],[120.2071,23.0786],[120.2027,23.0783],[120.2025,23.0779],[120.1995,23.0787],[120.1925,23.0816],[120.1909,23.0818],[120.1874,23.0831],[120.1981,23.0935],[120.2003,23.0969],[120.201,23.0986],[120.2031,23.0999],[120.2028,23.1072],[120.2081,23.1108],[120.209,23.1108],[120.2149,23.1144],[120.217,23.1156],[120.2193,23.1175],[120.2217,23.1197],[120.2263,23.1232],[120.2296,23.1258],[120.2319,23.1272],[120.2346,23.1285],[120.2366,23.1285],[120.2384,23.1291],[120.2416,23.1308]]]}},{"type":"Feature","properties":{"name":"台南市玉井區","county":"台南市","town":"玉井區"},"geometry":{"type":"Polygon","coordinates":[[[120.4183,23.1046],[120.42,23.1049],[120.4215,23.1067],[120.4243,23.1088],[120.425,23.1084],[120.4282,23.112],[120.4292,23.1116],[120.4289,23.1137],[120.4303,23.1138],[120.4309,23.1147],[120.4308,23.1162],[120.4341,23.1188],[120.4358,23.1206],[120.4368,23.1232],[120.4353,23.126],[120.4364,23.1301],[120.4364,23.1321],[120.4359,23.1332],[120.4341,23.135],[120.4312,23.1372],[120.4313,23.138],[120.4324,23.1395],[120.4331,23.1421],[120.4336,23.1428],[120.4352,23.1471],[120.4352,23.1501],[120.4338,23.1515],[120.4337,23.1539],[120.4364,23.1562],[120.4366,23.1579],[120.4388,23.1599],[120.4389,23.1629],[120.443,23.1642],[120.4438,23.1656],[120.4432,23.1669],[120.4434,23.1685],[120.4447,23.1705],[120.4477,23.1743],[120.4493,23.1786],[120.4517,23.1812],[120.4521,23.1829],[120.4531,23.1837],[120.4529,23.1848],[120.4541,23.1854],[120.455,23.1874],[120.4569,23.19],[120.4599,23.1876],[120.461,23.1872],[120.4615,23.1843],[120.4603,23.1809],[120.4593,23.1801],[120.4603,23.1796],[120.4608,23.1769],[120.4604,23.1757],[120.4613,23.1744],[120.4626,23.1765],[120.4647,23.175],[120.4636,23.1742],[120.4658,23.1727],[120.4654,23.1718],[120.4668,23.172],[120.4666,23.1709],[120.4678,23.1693],[120.4686,23.1692],[120.467,23.1679],[120.4697,23.1673],[120.4695,23.1663],[120.4704,23.1655],[120.4711,23.166],[120.4733,23.1661],[120.473,23.1651],[120.4739,23.1646],[120.4748,23.1625],[120.4748,23.1602],[120.4739,23.157],[120.4748,23.1559],[120.476,23.1558],[120.4763,23.1548],[120.4745,23.1517],[120.4751,23.1498],[120.4751,23.1483],[120.4745,23.1469],[120.4721,23.1433],[120.4707,23.1415],[120.4728,23.1393],[120.4755,23.1402],[120.4773,23.1413],[120.4781,23.1412],[120.4774,23.1402],[120.4798,23.1398],[120.4799,23.1414],[120.481,23.1416],[120.4817,23.1427],[120.4833,23.1422],[120.4833,23.1416],[120.4855,23.141],[120.4856,23.1397],[120.4868,23.1391],[120.487,23.1382],[120.486,23.1357],[120.485,23.1342],[120.4854,23.1329],[120.4874,23.1307],[120.4873,23.1302],[120.4858,23.1301],[120.4854,23.1287],[120.487,23.1261],[120.488,23.1237],[120.4904,23.1232],[120.4939,23.1239],[120.4955,23.1239],[120.497,23.1229],[120.4976,23.1219],[120.4993,23.1216],[120.499,23.1196],[120.5009,23.1183],[120.5046,23.1179],[120.5064,23.1226],[120.5079,23.1252],[120.5101,23.1247],[120.5108,23.1237],[120.5123,23.1227],[120.5147,23.1227],[120.5162,23.1219],[120.5174,23.1224],[120.5177,23.1214],[120.5186,23.1212],[120.5197,23.1196],[120.5206,23.1195],[120.5218,23.1184],[120.5236,23.1179],[120.5246,23.1172],[120.5262,23.117],[120.5273,23.1163],[120.5267,23.115],[120.525,23.1128],[120.5245,23.1103],[120.5228,23.1097],[120.522,23.1078],[120.5206,23.1067],[120.5199,23.1042],[120.5188,23.1032],[120.5178,23.1013],[120.5175,23.0997],[120.5166,23.0972],[120.5153,23.0953],[120.5142,23.0951],[120.5128,23.0937],[120.5117,23.0918],[120.5109,23.0915],[120.5078,23.0916],[120.5043,23.0892],[120.5017,23.0887],[120.5,23.0874],[120.4988,23.0878],[120.4976,23.089],[120.4962,23.0881],[120.4944,23.0883],[120.4938,23.0878],[120.4925,23.0882],[120.4895,23.0872],[120.4888,23.0881],[120.4874,23.0887],[120.4863,23.0884],[120.4851,23.091],[120.4825,23.0908],[120.481,23.0895],[120.4803,23.0873],[120.4789,23.0856],[120.4776,23.0833],[120.4798,23.0824],[120.4803,23.0814],[120.4815,23.0806],[120.4803,23.0793],[120.4803,23.0777],[120.4793,23.0766],[120.4793,23.0731],[120.4768,23.0727],[120.4762,23.0738],[120.4753,23.0737],[120.4744,23.0728],[120.4734,23.0738],[120.4724,23.0734],[120.4714,23.074],[120.4688,23.0734],[120.4678,23.0719],[120.4667,23.0721],[120.4653,23.0739],[120.4649,23.0753],[120.4631,23.0751],[120.462,23.0762],[120.4622,23.0774],[120.4614,23.0799],[120.4623,23.0808],[120.459,23.0849],[120.4566,23.0845],[120.455,23.0818],[120.455,23.0804],[120.4529,23.0786],[120.4512,23.0794],[120.4487,23.0798],[120.4462,23.0785],[120.4459,23.0769],[120.4448,23.0763],[120.4427,23.0767],[120.4418,23.0761],[120.4423,23.0744],[120.444,23.0721],[120.4433,23.0692],[120.4432,23.0672],[120.4413,23.067],[120.4405,23.0645],[120.44,23.0642],[120.4363,23.064],[120.4355,23.0634],[120.4344,23.065],[120.4321,23.0661],[120.4284,23.0659],[120.4285,23.0643],[120.4277,23.0641],[120.4268,23.0628],[120.4263,23.0629],[120.425,23.0653],[120.4245,23.0678],[120.424,23.0681],[120.4238,23.0698],[120.4233,23.0703],[120.4205,23.0696],[120.4186,23.0703],[120.4149,23.07],[120.415,23.0718],[120.4137,23.0742],[120.4135,23.076],[120.4124,23.0766],[120.4111,23.079],[120.4099,23.0791],[120.4104,23.0812],[120.4095,23.082],[120.4087,23.084],[120.4079,23.0841],[120.4073,23.0858],[120.4064,23.0869],[120.4081,23.0887],[120.4087,23.0888],[120.4094,23.0904],[120.4101,23.0907],[120.4108,23.094],[120.4124,23.0942],[120.4131,23.0964],[120.414,23.0973],[120.4141,23.0993],[120.4162,23.1004],[120.4168,23.1013],[120.4184,23.1022],[120.4183,23.1046]]]}},{"type":"Feature","properties":{"name":"台南市楠西區","county":"台南市","town":"楠西區"},"geometry":{"type":"Polygon","coordinates":[[[120.5194,23.2395],[120.519,23.2393],[120.5198,23.2378],[120.5206,23.2377],[120.5232,23.2349],[120.5235,23.2341],[120.5257,23.2315],[120.5268,23.2309],[120.5279,23.232],[120.5294,23.2325],[120.5312,23.2318],[120.532,23.2297],[120.5341,23.229],[120.5362,23.2292],[120.5398,23.2277],[120.5415,23.2278],[120.5424,23.227],[120.544,23.2266],[120.5487,23.2238],[120.5498,23.2213],[120.5505,23.2207],[120.5524,23.2203],[120.5536,23.2188],[120.5543,23.2187],[120.5549,23.2176],[120.5575,23.2172],[120.5581,23.2168],[120.5614,23.2174],[120.5638,23.2202],[120.5653,23.221],[120.5674,23.2198],[120.569,23.2194],[120.571,23.2182],[120.5725,23.2178],[120.5747,23.2178],[120.5778,23.2156],[120.5783,23.2148],[120.578,23.212],[120.5771,23.2085],[120.5778,23.2074],[120.578,23.2056],[120.5785,23.2044],[120.58,23.2031],[120.5779,23.2025],[120.5758,23.201],[120.5745,23.1992],[120.5739,23.1973],[120.5742,23.1947],[120.5737,23.1939],[120.5732,23.1909],[120.5717,23.1897],[120.5687,23.1858],[120.5682,23.1839],[120.5675,23.1826],[120.568,23.1806],[120.5675,23.1789],[120.5664,23.1778],[120.5662,23.1765],[120.5648,23.1752],[120.5644,23.1736],[120.5628,23.1721],[120.5622,23.171],[120.561,23.1702],[120.56,23.1675],[120.5588,23.1663],[120.5582,23.1644],[120.5582,23.1629],[120.5576,23.162],[120.5571,23.1596],[120.5552,23.1569],[120.5546,23.1556],[120.5527,23.1543],[120.552,23.1524],[120.5496,23.1513],[120.5487,23.1498],[120.5467,23.1473],[120.5462,23.1457],[120.5438,23.1443],[120.5431,23.1434],[120.5437,23.1429],[120.5438,23.1408],[120.5466,23.1396],[120.5475,23.1389],[120.5479,23.1361],[120.5501,23.1337],[120.5503,23.1317],[120.5488,23.1285],[120.5487,23.1268],[120.5493,23.1265],[120.5489,23.1249],[120.5493,23.1235],[120.5486,23.1219],[120.5493,23.1206],[120.5487,23.1187],[120.5466,23.1173],[120.5448,23.1175],[120.5441,23.1181],[120.5409,23.1195],[120.5397,23.1197],[120.5394,23.1189],[120.5367,23.1152],[120.534,23.1158],[120.5333,23.1183],[120.5296,23.1191],[120.5277,23.1178],[120.5273,23.1163],[120.5262,23.117],[120.5246,23.1172],[120.5236,23.1179],[120.5218,23.1184],[120.5206,23.1195],[120.5197,23.1196],[120.5186,23.1212],[120.5177,23.1214],[120.5174,23.1224],[120.5162,23.1219],[120.5147,23.1227],[120.5123,23.1227],[120.5108,23.1237],[120.5101,23.1247],[120.5079,23.1252],[120.5064,23.1226],[120.5046,23.1179],[120.5009,23.1183],[120.499,23.1196],[120.4993,23.1216],[120.4976,23.1219],[120.497,23.1229],[120.4955,23.1239],[120.4939,23.1239],[120.4904,23.1232],[120.488,23.1237],[120.487,23.1261],[120.4854,23.1287],[120.4858,23.1301],[120.4873,23.1302],[120.4874,23.1307],[120.4854,23.1329],[120.485,23.1342],[120.486,23.1357],[120.487,23.1382],[120.4868,23.1391],[120.4856,23.1397],[120.4855,23.141],[120.4833,23.1416],[120.4833,23.1422],[120.4817,23.1427],[120.481,23.1416],[120.4799,23.1414],[120.4798,23.1398],[120.4774,23.1402],[120.4781,23.1412],[120.4773,23.1413],[120.4755,23.1402],[120.4728,23.1393],[120.4707,23.1415],[120.4721,23.1433],[120.4745,23.1469],[120.4751,23.1483],[120.4751,23.1498],[120.4745,23.1517],[120.4763,23.1548],[120.476,23.1558],[120.4748,23.1559],[120.4739,23.157],[120.4748,23.1602],[120.4748,23.1625],[120.4739,23.1646],[120.473,23.1651],[120.4733,23.1661],[120.4711,23.166],[120.4704,23.1655],[120.4695,23.1663],[120.4697,23.1673],[120.467,23.1679],[120.4686,23.1692],[120.4678,23.1693],[120.4666,23.1709],[120.4668,23.172],[120.4654,23.1718],[120.4658,23.1727],[120.4636,23.1742],[120.4647,23.175],[120.4626,23.1765],[120.4613,23.1744],[120.4604,23.1757],[120.4608,23.1769],[120.4603,23.1796],[120.4593,23.1801],[120.4603,23.1809],[120.4615,23.1843],[120.461,23.1872],[120.4599,23.1876],[120.4569,23.19],[120.4581,23.1923],[120.4602,23.1943],[120.4614,23.1982],[120.4623,23.1993],[120.4631,23.1996],[120.4636,23.2026],[120.4633,23.2032],[120.465,23.2052],[120.4667,23.209],[120.4684,23.2115],[120.4682,23.2127],[120.4704,23.2145],[120.4709,23.2172],[120.4727,23.2186],[120.4738,23.2203],[120.4746,23.2206],[120.4753,23.2222],[120.477,23.223],[120.4784,23.2218],[120.4812,23.2202],[120.4831,23.2201],[120.4843,23.2206],[120.4864,23.2209],[120.4873,23.222],[120.4906,23.2223],[120.4933,23.2208],[120.4956,23.2225],[120.4972,23.2232],[120.4996,23.2254],[120.5014,23.2281],[120.5036,23.2301],[120.5053,23.2309],[120.5079,23.2317],[120.5114,23.2337],[120.5121,23.2351],[120.5176,23.239],[120.5194,23.2395]]]}},{"type":"Feature","properties":{"name":"台南市南化區","county":"台南市","town":"南化區"},"geometry":{"type":"Polygon","coordinates":[[[120.5783,23.2148],[120.5792,23.2169],[120.5797,23.219],[120.582,23.2201],[120.5829,23.2214],[120.5849,23.2233],[120.5865,23.2241],[120.589,23.2303],[120.5899,23.2314],[120.5901,23.2339],[120.5917,23.2361],[120.5921,23.2373],[120.5924,23.2397],[120.5938,23.2394],[120.5957,23.2369],[120.5964,23.235],[120.5966,23.2331],[120.5964,23.2317],[120.5974,23.2289],[120.5988,23.228],[120.6003,23.2275],[120.6027,23.2261],[120.606,23.2259],[120.6082,23.2247],[120.6097,23.2227],[120.6116,23.2228],[120.6129,23.224],[120.6167,23.2236],[120.6186,23.2257],[120.6196,23.2258],[120.625,23.2273],[120.6262,23.2286],[120.6282,23.2294],[120.6296,23.229],[120.6311,23.2295],[120.6334,23.2286],[120.6344,23.2292],[120.6355,23.2284],[120.6389,23.228],[120.6427,23.2256],[120.6442,23.2253],[120.6469,23.2271],[120.6481,23.2265],[120.648,23.2258],[120.6514,23.2241],[120.6534,23.2245],[120.6552,23.2235],[120.6559,23.2212],[120.6563,23.2177],[120.6551,23.2162],[120.654,23.2156],[120.6531,23.2118],[120.6517,23.2102],[120.6514,23.2085],[120.6484,23.2086],[120.6474,23.2073],[120.6462,23.2071],[120.6447,23.2047],[120.6433,23.2033],[120.6431,23.2011],[120.6427,23.2002],[120.641,23.1988],[120.6407,23.1975],[120.6396,23.1954],[120.639,23.1927],[120.637,23.1913],[120.6366,23.1901],[120.6377,23.1879],[120.6384,23.1857],[120.6402,23.1834],[120.6411,23.1829],[120.6383,23.1816],[120.6373,23.1804],[120.6374,23.1785],[120.6366,23.177],[120.6362,23.1751],[120.6353,23.1747],[120.634,23.175],[120.6327,23.1745],[120.6299,23.1745],[120.6292,23.1742],[120.6295,23.1733],[120.6307,23.1719],[120.6311,23.1704],[120.6278,23.1686],[120.627,23.168],[120.6252,23.1678],[120.6246,23.166],[120.623,23.1639],[120.6205,23.1628],[120.6166,23.1631],[120.6159,23.1609],[120.6149,23.1595],[120.6134,23.1593],[120.6125,23.1573],[120.6111,23.1559],[120.6123,23.1536],[120.6118,23.1517],[120.6105,23.1509],[120.609,23.1493],[120.6074,23.1483],[120.6055,23.1484],[120.6057,23.1467],[120.6038,23.1449],[120.6011,23.1442],[120.6005,23.1428],[120.599,23.1411],[120.5976,23.1374],[120.5963,23.1369],[120.5952,23.1344],[120.5954,23.1336],[120.5948,23.1318],[120.5929,23.1302],[120.5905,23.1272],[120.5884,23.1224],[120.5889,23.12],[120.5884,23.1185],[120.5882,23.1143],[120.5869,23.1122],[120.5832,23.1081],[120.5825,23.106],[120.5811,23.1051],[120.5772,23.0994],[120.5764,23.0971],[120.5756,23.0956],[120.5741,23.0946],[120.5748,23.0914],[120.5731,23.0898],[120.5691,23.0843],[120.568,23.0837],[120.5671,23.082],[120.5654,23.0807],[120.5634,23.0801],[120.5627,23.0784],[120.5604,23.0772],[120.5587,23.0753],[120.5592,23.0739],[120.5571,23.0714],[120.5562,23.0708],[120.5545,23.0689],[120.5528,23.0678],[120.5519,23.0678],[120.5483,23.066],[120.5465,23.0655],[120.5457,23.0641],[120.5438,23.0633],[120.5424,23.0634],[120.5414,23.0622],[120.5397,23.0619],[120.538,23.0608],[120.5377,23.0589],[120.5366,23.0585],[120.5351,23.0574],[120.5331,23.0571],[120.5302,23.0559],[120.5281,23.054],[120.527,23.0534],[120.5263,23.0522],[120.523,23.0496],[120.5237,23.0477],[120.5222,23.0456],[120.5202,23.0453],[120.519,23.044],[120.5163,23.0418],[120.5142,23.039],[120.5124,23.0378],[120.5123,23.0373],[120.5105,23.0356],[120.5087,23.0348],[120.5055,23.0312],[120.5054,23.0306],[120.5037,23.0286],[120.5022,23.0276],[120.5003,23.0259],[120.4985,23.0254],[120.4976,23.0241],[120.495,23.0233],[120.492,23.0212],[120.4858,23.0184],[120.4827,23.0156],[120.4815,23.0122],[120.4804,23.0063],[120.4794,23.005],[120.48,23.003],[120.4783,23.0035],[120.4775,23.0032],[120.4751,23.0032],[120.4705,23.0024],[120.4682,23.0026],[120.4672,23.0036],[120.4661,23.0033],[120.4635,23.0035],[120.4627,23.0032],[120.4617,23.0041],[120.4604,23.0034],[120.458,23.0049],[120.4578,23.0071],[120.4561,23.0095],[120.456,23.0109],[120.4548,23.0115],[120.4532,23.0112],[120.4518,23.0086],[120.4492,23.0107],[120.4472,23.0107],[120.4462,23.0111],[120.4463,23.0147],[120.447,23.0175],[120.4465,23.0183],[120.4466,23.0199],[120.4459,23.0216],[120.4443,23.0221],[120.4403,23.0222],[120.439,23.0232],[120.4384,23.0249],[120.4383,23.0268],[120.4372,23.0271],[120.4371,23.0291],[120.4382,23.0299],[120.4394,23.0316],[120.4396,23.0325],[120.4385,23.0319],[120.4378,23.0326],[120.4392,23.0342],[120.4392,23.0353],[120.4384,23.0367],[120.437,23.037],[120.437,23.0382],[120.4378,23.0391],[120.438,23.0405],[120.4368,23.041],[120.4369,23.0419],[120.4385,23.0452],[120.4373,23.0463],[120.4345,23.0451],[120.4333,23.0466],[120.4333,23.049],[120.4311,23.05],[120.4314,23.0515],[120.4337,23.0523],[120.4327,23.053],[120.4323,23.0549],[120.4333,23.0551],[120.4339,23.0563],[120.4329,23.0562],[120.4323,23.0574],[120.4327,23.0584],[120.4322,23.0599],[120.4329,23.06],[120.4344,23.0617],[120.4361,23.0628],[120.4355,23.0634],[120.4363,23.064],[120.44,23.0642],[120.4405,23.0645],[120.4413,23.067],[120.4432,23.0672],[120.4433,23.0692],[120.444,23.0721],[120.4423,23.0744],[120.4418,23.0761],[120.4427,23.0767],[120.4448,23.0763],[120.4459,23.0769],[120.4462,23.0785],[120.4487,23.0798],[120.4512,23.0794],[120.4529,23.0786],[120.455,23.0804],[120.455,23.0818],[120.4566,23.0845],[120.459,23.0849],[120.4623,23.0808],[120.4614,23.0799],[120.4622,23.0774],[120.462,23.0762],[120.4631,23.0751],[120.4649,23.0753],[120.4653,23.0739],[120.4667,23.0721],[120.4678,23.0719],[120.4688,23.0734],[120.4714,23.074],[120.4724,23.0734],[120.4734,23.0738],[120.4744,23.0728],[120.4753,23.0737],[120.4762,23.0738],[120.4768,23.0727],[120.4793,23.0731],[120.4793,23.0766],[120.4803,23.0777],[120.4803,23.0793],[120.4815,23.0806],[120.4803,23.0814],[120.4798,23.0824],[120.4776,23.0833],[120.4789,23.0856],[120.4803,23.0873],[120.481,23.0895],[120.4825,23.0908],[120.4851,23.091],[120.4863,23.0884],[120.4874,23.0887],[120.4888,23.0881],[120.4895,23.0872],[120.4925,23.0882],[120.4938,23.0878],[120.4944,23.0883],[120.4962,23.0881],[120.4976,23.089],[120.4988,23.0878],[120.5,23.0874],[120.5017,23.0887],[120.5043,23.0892],[120.5078,23.0916],[120.5109,23.0915],[120.5117,23.0918],[120.5128,23.0937],[120.5142,23.0951],[120.5153,23.0953],[120.5166,23.0972],[120.5175,23.0997],[120.5178,23.1013],[120.5188,23.1032],[120.5199,23.1042],[120.5206,23.1067],[120.522,23.1078],[120.5228,23.1097],[120.5245,23.1103],[120.525,23.1128],[120.5267,23.115],[120.5273,23.1163],[120.5277,23.1178],[120.5296,23.1191],[120.5333,23.1183],[120.534,23.1158],[120.5367,23.1152],[120.5394,23.1189],[120.5397,23.1197],[120.5409,23.1195],[120.5441,23.1181],[120.5448,23.1175],[120.5466,23.1173],[120.5487,23.1187],[120.5493,23.1206],[120.5486,23.1219],[120.5493,23.1235],[120.5489,23.1249],[120.5493,23.1265],[120.5487,23.1268],[120.5488,23.1285],[120.5503,23.1317],[120.5501,23.1337],[120.5479,23.1361],[120.5475,23.1389],[120.5466,23.1396],[120.5438,23.1408],[120.5437,23.1429],[120.5431,23.1434],[120.5438,23.1443],[120.5462,23.1457],[120.5467,23.1473],[120.5487,23.1498],[120.5496,23.1513],[120.552,23.1524],[120.5527,23.1543],[120.5546,23.1556],[120.5552,23.1569],[120.5571,23.1596],[120.5576,23.162],[120.5582,23.1629],[120.5582,23.1644],[120.5588,23.1663],[120.56,23.1675],[120.561,23.1702],[120.5622,23.171],[120.5628,23.1721],[120.5644,23.1736],[120.5648,23.1752],[120.5662,23.1765],[120.5664,23.1778],[120.5675,23.1789],[120.568,23.1806],[120.5675,23.1826],[120.5682,23.1839],[120.5687,23.1858],[120.5717,23.1897],[120.5732,23.1909],[120.5737,23.1939],[120.5742,23.1947],[120.5739,23.1973],[120.5745,23.1992],[120.5758,23.201],[120.5779,23.2025],[120.58,23.2031],[120.5785,23.2044],[120.578,23.2056],[120.5778,23.2074],[120.5771,23.2085],[120.578,23.212],[120.5783,23.2148]]]}},{"type":"Feature","properties":{"name":"台南市左鎮區","county":"台南市","town":"左鎮區"},"geometry":{"type":"Polygon","coordinates":[[[120.4604,23.0034],[120.4597,23.0018],[120.4596,23.0007],[120.4605,23.0003],[120.4615,22.9981],[120.4602,22.9974],[120.4591,22.9959],[120.4604,22.9937],[120.4603,22.9929],[120.4611,22.9923],[120.4611,22.9909],[120.4596,22.9899],[120.4579,22.9902],[120.4569,22.9909],[120.4553,22.9911],[120.4535,22.9873],[120.4536,22.9856],[120.4532,22.9848],[120.4548,22.9826],[120.4547,22.9806],[120.4531,22.9786],[120.453,22.9777],[120.4518,22.9786],[120.4496,22.9772],[120.4452,22.9795],[120.4443,22.9793],[120.4437,22.9779],[120.4426,22.9773],[120.4422,22.9758],[120.4422,22.9739],[120.4409,22.9712],[120.4397,22.9683],[120.4392,22.9678],[120.4378,22.9646],[120.4373,22.9623],[120.4365,22.9616],[120.4353,22.9594],[120.4331,22.9595],[120.4313,22.9629],[120.4293,22.9652],[120.4266,22.9662],[120.4255,22.9675],[120.4225,22.9676],[120.4212,22.9685],[120.4189,22.9683],[120.4178,22.968],[120.416,22.9688],[120.4111,22.9692],[120.411,22.9714],[120.4087,22.972],[120.4081,22.9718],[120.4069,22.9725],[120.4054,22.972],[120.4052,22.9739],[120.4057,22.9745],[120.4057,22.9762],[120.4062,22.9791],[120.4059,22.9802],[120.4064,22.9816],[120.4062,22.9832],[120.4069,22.9851],[120.4071,22.9864],[120.4078,22.9881],[120.4078,22.9897],[120.406,22.9904],[120.4033,22.9929],[120.4027,22.996],[120.402,22.9963],[120.4,22.9962],[120.3979,22.9973],[120.3983,22.9982],[120.398,22.9992],[120.3956,23.0033],[120.3943,23.0058],[120.394,23.0077],[120.3927,23.0076],[120.3925,23.0092],[120.3908,23.0095],[120.3895,23.0107],[120.3877,23.0105],[120.3866,23.012],[120.3868,23.0133],[120.3882,23.0131],[120.3885,23.0137],[120.3872,23.0141],[120.3886,23.0156],[120.3889,23.02],[120.386,23.0212],[120.3848,23.0207],[120.3841,23.0197],[120.3818,23.02],[120.3812,23.0191],[120.3804,23.0194],[120.3796,23.0213],[120.3778,23.0215],[120.3773,23.0209],[120.3753,23.0207],[120.3747,23.0228],[120.375,23.0242],[120.3757,23.0252],[120.3738,23.026],[120.3741,23.0289],[120.375,23.0293],[120.3752,23.0316],[120.3763,23.0315],[120.3766,23.0325],[120.3757,23.0331],[120.3787,23.0333],[120.3779,23.0339],[120.3786,23.0346],[120.3778,23.0363],[120.378,23.0375],[120.3769,23.0393],[120.3758,23.0395],[120.3756,23.0404],[120.3767,23.0403],[120.3771,23.0413],[120.378,23.0418],[120.3771,23.0428],[120.3753,23.0428],[120.3766,23.044],[120.3761,23.0448],[120.3766,23.0456],[120.3759,23.0468],[120.3734,23.0478],[120.3746,23.0495],[120.374,23.0497],[120.3741,23.051],[120.373,23.0506],[120.3727,23.0514],[120.3736,23.0526],[120.3706,23.0528],[120.3698,23.0551],[120.3698,23.0563],[120.3686,23.0568],[120.3676,23.056],[120.3665,23.0542],[120.3658,23.0543],[120.3657,23.0553],[120.3671,23.0558],[120.3677,23.0568],[120.3667,23.0573],[120.3674,23.0583],[120.366,23.0584],[120.3657,23.0594],[120.3646,23.0593],[120.3638,23.0585],[120.3616,23.0619],[120.3628,23.0615],[120.3643,23.0621],[120.363,23.0642],[120.36,23.0639],[120.3591,23.0661],[120.3599,23.0682],[120.3612,23.0699],[120.3609,23.0707],[120.3599,23.0702],[120.3582,23.0703],[120.3584,23.0716],[120.3592,23.0715],[120.3595,23.0726],[120.3614,23.0724],[120.3646,23.0727],[120.3649,23.0734],[120.3674,23.0738],[120.3691,23.0746],[120.3703,23.0744],[120.371,23.0758],[120.3694,23.0774],[120.3694,23.0781],[120.3705,23.0791],[120.3739,23.0795],[120.3748,23.0789],[120.3759,23.079],[120.3767,23.0807],[120.3779,23.0811],[120.3788,23.0807],[120.3797,23.0787],[120.3808,23.0784],[120.3812,23.0773],[120.3823,23.0773],[120.3831,23.0757],[120.3848,23.0756],[120.3851,23.0771],[120.3867,23.0775],[120.3882,23.0757],[120.3889,23.0767],[120.3881,23.0775],[120.3884,23.0791],[120.3904,23.0793],[120.3914,23.0787],[120.3925,23.0793],[120.3952,23.0793],[120.396,23.0788],[120.3973,23.0797],[120.3984,23.0797],[120.4,23.0811],[120.4015,23.0815],[120.4021,23.083],[120.4032,23.0836],[120.4035,23.0847],[120.4059,23.0862],[120.4064,23.0869],[120.4073,23.0858],[120.4079,23.0841],[120.4087,23.084],[120.4095,23.082],[120.4104,23.0812],[120.4099,23.0791],[120.4111,23.079],[120.4124,23.0766],[120.4135,23.076],[120.4137,23.0742],[120.415,23.0718],[120.4149,23.07],[120.4186,23.0703],[120.4205,23.0696],[120.4233,23.0703],[120.4238,23.0698],[120.424,23.0681],[120.4245,23.0678],[120.425,23.0653],[120.4263,23.0629],[120.4268,23.0628],[120.4277,23.0641],[120.4285,23.0643],[120.4284,23.0659],[120.4321,23.0661],[120.4344,23.065],[120.4355,23.0634],[120.4361,23.0628],[120.4344,23.0617],[120.4329,23.06],[120.4322,23.0599],[120.4327,23.0584],[120.4323,23.0574],[120.4329,23.0562],[120.4339,23.0563],[120.4333,23.0551],[120.4323,23.0549],[120.4327,23.053],[120.4337,23.0523],[120.4314,23.0515],[120.4311,23.05],[120.4333,23.049],[120.4333,23.0466],[120.4345,23.0451],[120.4373,23.0463],[120.4385,23.0452],[120.4369,23.0419],[120.4368,23.041],[120.438,23.0405],[120.4378,23.0391],[120.437,23.0382],[120.437,23.037],[120.4384,23.0367],[120.4392,23.0353],[120.4392,23.0342],[120.4378,23.0326],[120.4385,23.0319],[120.4396,23.0325],[120.4394,23.0316],[120.4382,23.0299],[120.4371,23.0291],[120.4372,23.0271],[120.4383,23.0268],[120.4384,23.0249],[120.439,23.0232],[120.4403,23.0222],[120.4443,23.0221],[120.4459,23.0216],[120.4466,23.0199],[120.4465,23.0183],[120.447,23.0175],[120.4463,23.0147],[120.4462,23.0111],[120.4472,23.0107],[120.4492,23.0107],[120.4518,23.0086],[120.4532,23.0112],[120.4548,23.0115],[120.456,23.0109],[120.4561,23.0095],[120.4578,23.0071],[120.458,23.0049],[120.4604,23.0034]]]}},{"type":"Feature","properties":{"name":"台南市仁德區","county":"台南市","town":"仁德區"},"geometry":{"type":"Polygon","coordinates":[[[120.2698,22.8967],[120.2667,22.8987],[120.2637,22.8999],[120.2605,22.9017],[120.2579,22.9016],[120.2569,22.9001],[120.2569,22.899],[120.2586,22.8972],[120.2588,22.8954],[120.2565,22.894],[120.2541,22.8943],[120.2526,22.8949],[120.2496,22.8966],[120.2476,22.8982],[120.2453,22.9013],[120.2429,22.9035],[120.2401,22.9043],[120.2362,22.9051],[120.2332,22.9054],[120.2321,22.9067],[120.2316,22.9087],[120.2314,22.9123],[120.2317,22.9154],[120.2304,22.9167],[120.2287,22.917],[120.2267,22.9163],[120.2225,22.9114],[120.2201,22.9096],[120.2181,22.9096],[120.2144,22.9105],[120.2111,22.9125],[120.2081,22.9152],[120.206,22.9147],[120.2039,22.9149],[120.2018,22.9157],[120.1959,22.9196],[120.192,22.9212],[120.1938,22.9233],[120.1942,22.9249],[120.1938,22.9271],[120.1945,22.9286],[120.1956,22.9292],[120.198,22.9296],[120.199,22.9311],[120.2005,22.9346],[120.2022,22.9369],[120.2025,22.9381],[120.2017,22.9382],[120.1989,22.9378],[120.1985,22.9391],[120.1993,22.9402],[120.2012,22.9449],[120.2161,22.9449],[120.2166,22.9452],[120.2167,22.9482],[120.2166,22.9605],[120.217,22.9606],[120.2202,22.9607],[120.2216,22.962],[120.2261,22.9614],[120.2267,22.9611],[120.2274,22.9594],[120.2378,22.9611],[120.2372,22.9636],[120.2376,22.9638],[120.2383,22.9694],[120.2379,22.9744],[120.2385,22.9761],[120.2383,22.9776],[120.239,22.9801],[120.2409,22.9793],[120.2422,22.9795],[120.2432,22.9785],[120.2433,22.9775],[120.2444,22.9768],[120.2477,22.9758],[120.2491,22.9771],[120.2493,22.9805],[120.2491,22.9844],[120.2494,22.9877],[120.2486,22.9883],[120.2478,22.9907],[120.2505,22.9912],[120.2508,22.9919],[120.2582,22.9941],[120.2603,22.9941],[120.2608,22.9946],[120.2672,22.9966],[120.2683,22.9935],[120.2711,22.9936],[120.2717,22.9943],[120.2735,22.9937],[120.2731,22.9886],[120.2723,22.9886],[120.2712,22.9871],[120.2727,22.9868],[120.2725,22.9807],[120.2723,22.9806],[120.2717,22.9714],[120.2711,22.9638],[120.2709,22.9605],[120.2704,22.9559],[120.2701,22.9486],[120.2694,22.944],[120.2698,22.9434],[120.2728,22.9414],[120.275,22.9412],[120.2749,22.9385],[120.2738,22.9379],[120.2723,22.9385],[120.2687,22.9392],[120.2672,22.9386],[120.2665,22.9343],[120.268,22.9331],[120.2676,22.9298],[120.2666,22.9259],[120.2652,22.9255],[120.2645,22.9242],[120.2635,22.9187],[120.2621,22.9173],[120.2615,22.9161],[120.2633,22.9125],[120.265,22.9107],[120.2666,22.9084],[120.2673,22.9078],[120.2695,22.9041],[120.27,22.9013],[120.2686,22.9004],[120.2702,22.8976],[120.2698,22.8967]]]}},{"type":"Feature","properties":{"name":"台南市歸仁區","county":"台南市","town":"歸仁區"},"geometry":{"type":"Polygon","coordinates":[[[120.3165,22.8985],[120.3157,22.8991],[120.3135,22.8999],[120.3091,22.9006],[120.3034,22.9004],[120.2991,22.9011],[120.2933,22.9029],[120.2845,22.9047],[120.2799,22.9049],[120.278,22.9044],[120.2777,22.9036],[120.278,22.9013],[120.2793,22.8984],[120.2795,22.8963],[120.2782,22.8962],[120.2764,22.8961],[120.2766,22.8955],[120.2743,22.8952],[120.2727,22.8955],[120.2698,22.8967],[120.2702,22.8976],[120.2686,22.9004],[120.27,22.9013],[120.2695,22.9041],[120.2673,22.9078],[120.2666,22.9084],[120.265,22.9107],[120.2633,22.9125],[120.2615,22.9161],[120.2621,22.9173],[120.2635,22.9187],[120.2645,22.9242],[120.2652,22.9255],[120.2666,22.9259],[120.2676,22.9298],[120.268,22.9331],[120.2665,22.9343],[120.2672,22.9386],[120.2687,22.9392],[120.2723,22.9385],[120.2738,22.9379],[120.2749,22.9385],[120.275,22.9412],[120.2728,22.9414],[120.2698,22.9434],[120.2694,22.944],[120.2701,22.9486],[120.2704,22.9559],[120.2709,22.9605],[120.2711,22.9638],[120.2717,22.9714],[120.2723,22.9806],[120.2725,22.9807],[120.2727,22.9868],[120.2712,22.9871],[120.2723,22.9886],[120.2731,22.9886],[120.2735,22.9937],[120.274,23.0009],[120.275,23.011],[120.2772,23.0112],[120.2796,23.0106],[120.2819,23.0105],[120.2823,23.0139],[120.2836,23.0138],[120.2853,23.0127],[120.2876,23.0134],[120.2879,23.0124],[120.29,23.0132],[120.2915,23.0128],[120.2925,23.0158],[120.2928,23.0154],[120.2954,23.0144],[120.2958,23.0138],[120.2954,23.0111],[120.296,23.0099],[120.2952,23.0079],[120.2961,23.0044],[120.2979,23.002],[120.2996,23.0001],[120.3004,22.9959],[120.2999,22.9927],[120.2987,22.9913],[120.2981,22.9876],[120.2972,22.9865],[120.2975,22.9846],[120.2964,22.9831],[120.2963,22.9819],[120.297,22.9803],[120.2978,22.9797],[120.3036,22.98],[120.306,22.9788],[120.3097,22.9757],[120.311,22.9732],[120.3102,22.9717],[120.3103,22.9694],[120.3112,22.9684],[120.3125,22.9686],[120.3159,22.9679],[120.3148,22.9668],[120.3148,22.9652],[120.3137,22.9624],[120.3115,22.9609],[120.3126,22.9599],[120.3157,22.9582],[120.3199,22.9532],[120.3231,22.9482],[120.3255,22.9457],[120.3266,22.9432],[120.3261,22.9385],[120.3268,22.9377],[120.3267,22.9353],[120.3254,22.9344],[120.3257,22.9337],[120.3248,22.9332],[120.3244,22.9315],[120.3233,22.9312],[120.3228,22.9301],[120.3233,22.9279],[120.323,22.9254],[120.3223,22.9238],[120.3212,22.9226],[120.3209,22.9208],[120.3216,22.9193],[120.3212,22.9183],[120.3214,22.9166],[120.3212,22.9151],[120.3222,22.9135],[120.3214,22.9119],[120.3232,22.9101],[120.3247,22.9099],[120.3256,22.9087],[120.3271,22.9075],[120.3267,22.9056],[120.3258,22.9053],[120.3239,22.9061],[120.3223,22.9051],[120.3223,22.9027],[120.3229,22.9014],[120.3216,22.8995],[120.3203,22.9019],[120.3189,22.9024],[120.3178,22.9011],[120.3165,22.8985]]]}},{"type":"Feature","properties":{"name":"台南市關廟區","county":"台南市","town":"關廟區"},"geometry":{"type":"Polygon","coordinates":[[[120.3717,22.9108],[120.3731,22.9093],[120.3724,22.908],[120.3725,22.9067],[120.3716,22.9064],[120.3711,22.9072],[120.369,22.9057],[120.3682,22.904],[120.3673,22.9052],[120.3657,22.9045],[120.366,22.9022],[120.3642,22.9018],[120.3634,22.9023],[120.3625,22.902],[120.362,22.9009],[120.3609,22.9015],[120.3595,22.9014],[120.3592,22.9002],[120.3605,22.8996],[120.3614,22.9007],[120.3615,22.8989],[120.361,22.8979],[120.358,22.8959],[120.3577,22.8946],[120.3564,22.8927],[120.3551,22.8938],[120.3546,22.8925],[120.3552,22.8918],[120.3534,22.8924],[120.3534,22.8911],[120.3546,22.891],[120.3545,22.89],[120.3521,22.8894],[120.3516,22.889],[120.3521,22.8877],[120.3511,22.8882],[120.351,22.8892],[120.3497,22.8904],[120.3489,22.8906],[120.3451,22.8895],[120.3428,22.8897],[120.3413,22.8893],[120.335,22.8895],[120.3325,22.8893],[120.3308,22.8907],[120.3286,22.8947],[120.327,22.8985],[120.3249,22.9005],[120.324,22.9002],[120.3209,22.8956],[120.3201,22.895],[120.3183,22.896],[120.3165,22.8985],[120.3178,22.9011],[120.3189,22.9024],[120.3203,22.9019],[120.3216,22.8995],[120.3229,22.9014],[120.3223,22.9027],[120.3223,22.9051],[120.3239,22.9061],[120.3258,22.9053],[120.3267,22.9056],[120.3271,22.9075],[120.3256,22.9087],[120.3247,22.9099],[120.3232,22.9101],[120.3214,22.9119],[120.3222,22.9135],[120.3212,22.9151],[120.3214,22.9166],[120.3212,22.9183],[120.3216,22.9193],[120.3209,22.9208],[120.3212,22.9226],[120.3223,22.9238],[120.323,22.9254],[120.3233,22.9279],[120.3228,22.9301],[120.3233,22.9312],[120.3244,22.9315],[120.3248,22.9332],[120.3257,22.9337],[120.3254,22.9344],[120.3267,22.9353],[120.3268,22.9377],[120.3261,22.9385],[120.3266,22.9432],[120.3255,22.9457],[120.3231,22.9482],[120.3199,22.9532],[120.3157,22.9582],[120.3126,22.9599],[120.3115,22.9609],[120.3137,22.9624],[120.3148,22.9652],[120.3148,22.9668],[120.3159,22.9679],[120.3125,22.9686],[120.3112,22.9684],[120.3103,22.9694],[120.3102,22.9717],[120.311,22.9732],[120.3097,22.9757],[120.306,22.9788],[120.3036,22.98],[120.2978,22.9797],[120.297,22.9803],[120.2963,22.9819],[120.2964,22.9831],[120.2975,22.9846],[120.2972,22.9865],[120.2981,22.9876],[120.2987,22.9913],[120.2999,22.9927],[120.3004,22.9959],[120.2996,23.0001],[120.2979,23.002],[120.2961,23.0044],[120.2952,23.0079],[120.296,23.0099],[120.2954,23.0111],[120.2958,23.0138],[120.2987,23.0108],[120.2993,23.0105],[120.3029,23.0104],[120.3033,23.0113],[120.3058,23.0113],[120.3096,23.0117],[120.3099,23.0132],[120.313,23.0129],[120.313,23.0124],[120.3155,23.0106],[120.3186,23.0109],[120.3216,23.0098],[120.3235,23.0099],[120.3252,23.0092],[120.3273,23.0098],[120.3287,23.0099],[120.3296,23.0077],[120.3303,23.0073],[120.3327,23.0021],[120.3333,23.0017],[120.3326,22.9995],[120.3333,22.9965],[120.3348,22.9942],[120.3363,22.9941],[120.3402,22.993],[120.3415,22.9922],[120.34,22.9898],[120.3426,22.9887],[120.3439,22.9888],[120.345,22.9905],[120.347,22.9913],[120.3486,22.9926],[120.3484,22.9936],[120.35,22.9947],[120.3509,22.9957],[120.3512,22.9981],[120.3518,23.0001],[120.353,23.0003],[120.3536,22.9998],[120.353,22.997],[120.3555,22.9954],[120.3555,22.9948],[120.357,22.9938],[120.3563,22.9912],[120.3572,22.9892],[120.3601,22.9884],[120.3614,22.9882],[120.3626,22.987],[120.363,22.9859],[120.3622,22.9833],[120.3612,22.9824],[120.3621,22.9817],[120.3622,22.9806],[120.3643,22.9811],[120.3659,22.9825],[120.3669,22.9845],[120.3681,22.9849],[120.3695,22.984],[120.3725,22.984],[120.3733,22.9832],[120.3698,22.9807],[120.3695,22.9793],[120.3682,22.9788],[120.3695,22.9788],[120.371,22.9773],[120.3701,22.9762],[120.3693,22.9733],[120.3663,22.971],[120.3673,22.9694],[120.3685,22.97],[120.3683,22.9709],[120.3699,22.9712],[120.3705,22.9708],[120.3705,22.9685],[120.369,22.9676],[120.3707,22.9673],[120.3708,22.9668],[120.3693,22.9665],[120.3703,22.9659],[120.3695,22.9643],[120.3705,22.9636],[120.3704,22.9623],[120.3721,22.9627],[120.3707,22.961],[120.3697,22.9603],[120.3685,22.9614],[120.3658,22.9626],[120.3636,22.9653],[120.3613,22.9654],[120.3599,22.9649],[120.3598,22.9664],[120.3581,22.9673],[120.3574,22.9672],[120.3556,22.9652],[120.3544,22.9644],[120.3515,22.9634],[120.3531,22.9605],[120.3529,22.9596],[120.3517,22.9589],[120.3514,22.9575],[120.3498,22.9568],[120.3486,22.955],[120.3475,22.9546],[120.3476,22.9527],[120.3488,22.9478],[120.3487,22.9462],[120.3494,22.9441],[120.349,22.9433],[120.3499,22.9415],[120.3508,22.9381],[120.3498,22.9376],[120.3482,22.9378],[120.3479,22.9367],[120.3491,22.9362],[120.3495,22.9319],[120.3502,22.9315],[120.3502,22.9296],[120.3529,22.9268],[120.3547,22.9261],[120.3552,22.924],[120.3528,22.9219],[120.3525,22.9198],[120.3529,22.919],[120.3523,22.9169],[120.3551,22.9152],[120.3557,22.9136],[120.3553,22.9128],[120.3558,22.9115],[120.3569,22.9108],[120.3591,22.9066],[120.3592,22.9057],[120.362,22.9055],[120.3637,22.9064],[120.3645,22.9063],[120.3653,22.9075],[120.367,22.9072],[120.3676,22.9058],[120.369,22.9061],[120.3695,22.9071],[120.369,22.9079],[120.3702,22.9101],[120.3717,22.9108]]]}},{"type":"Feature","properties":{"name":"台南市龍崎區","county":"台南市","town":"龍崎區"},"geometry":{"type":"Polygon","coordinates":[[[120.4087,22.9123],[120.4063,22.9146],[120.4057,22.9158],[120.4059,22.9166],[120.4053,22.9182],[120.4019,22.9182],[120.4004,22.919],[120.3999,22.9214],[120.399,22.9223],[120.3959,22.9228],[120.3939,22.9221],[120.3922,22.9223],[120.3907,22.9217],[120.3892,22.9203],[120.3887,22.9206],[120.3869,22.9183],[120.3851,22.9189],[120.3832,22.9199],[120.3819,22.9211],[120.3818,22.9199],[120.3805,22.9201],[120.3804,22.9186],[120.3776,22.9182],[120.3771,22.9167],[120.3765,22.9161],[120.3768,22.9149],[120.3738,22.9141],[120.3729,22.9124],[120.3717,22.9128],[120.3712,22.9123],[120.3717,22.9108],[120.3702,22.9101],[120.369,22.9079],[120.3695,22.9071],[120.369,22.9061],[120.3676,22.9058],[120.367,22.9072],[120.3653,22.9075],[120.3645,22.9063],[120.3637,22.9064],[120.362,22.9055],[120.3592,22.9057],[120.3591,22.9066],[120.3569,22.9108],[120.3558,22.9115],[120.3553,22.9128],[120.3557,22.9136],[120.3551,22.9152],[120.3523,22.9169],[120.3529,22.919],[120.3525,22.9198],[120.3528,22.9219],[120.3552,22.924],[120.3547,22.9261],[120.3529,22.9268],[120.3502,22.9296],[120.3502,22.9315],[120.3495,22.9319],[120.3491,22.9362],[120.3479,22.9367],[120.3482,22.9378],[120.3498,22.9376],[120.3508,22.9381],[120.3499,22.9415],[120.349,22.9433],[120.3494,22.9441],[120.3487,22.9462],[120.3488,22.9478],[120.3476,22.9527],[120.3475,22.9546],[120.3486,22.955],[120.3498,22.9568],[120.3514,22.9575],[120.3517,22.9589],[120.3529,22.9596],[120.3531,22.9605],[120.3515,22.9634],[120.3544,22.9644],[120.3556,22.9652],[120.3574,22.9672],[120.3581,22.9673],[120.3598,22.9664],[120.3599,22.9649],[120.3613,22.9654],[120.3636,22.9653],[120.3658,22.9626],[120.3685,22.9614],[120.3697,22.9603],[120.3707,22.961],[120.3721,22.9627],[120.3704,22.9623],[120.3705,22.9636],[120.3695,22.9643],[120.3703,22.9659],[120.3693,22.9665],[120.3708,22.9668],[120.3707,22.9673],[120.369,22.9676],[120.3705,22.9685],[120.3705,22.9708],[120.3699,22.9712],[120.3683,22.9709],[120.3685,22.97],[120.3673,22.9694],[120.3663,22.971],[120.3693,22.9733],[120.3701,22.9762],[120.371,22.9773],[120.3695,22.9788],[120.3682,22.9788],[120.3695,22.9793],[120.3698,22.9807],[120.3733,22.9832],[120.3725,22.984],[120.3695,22.984],[120.3681,22.9849],[120.3669,22.9845],[120.3659,22.9825],[120.3643,22.9811],[120.3622,22.9806],[120.3621,22.9817],[120.3612,22.9824],[120.3622,22.9833],[120.363,22.9859],[120.3626,22.987],[120.3614,22.9882],[120.3601,22.9884],[120.3572,22.9892],[120.3563,22.9912],[120.357,22.9938],[120.3555,22.9948],[120.3555,22.9954],[120.353,22.997],[120.3536,22.9998],[120.353,23.0003],[120.3536,23.0014],[120.3545,23.0014],[120.3558,23.0029],[120.3571,23.0033],[120.3577,23.0042],[120.3587,23.0041],[120.3611,23.0047],[120.3648,23.0017],[120.3661,23.0029],[120.3691,23.0041],[120.3722,23.0044],[120.3733,23.0049],[120.3746,23.0046],[120.3752,23.0054],[120.3768,23.0059],[120.378,23.0045],[120.3794,23.0052],[120.3804,23.0048],[120.3826,23.0047],[120.3826,23.0064],[120.3843,23.0083],[120.3862,23.0086],[120.3871,23.0079],[120.3896,23.0076],[120.3899,23.0052],[120.3913,23.005],[120.3927,23.0076],[120.394,23.0077],[120.3943,23.0058],[120.3956,23.0033],[120.398,22.9992],[120.3983,22.9982],[120.3979,22.9973],[120.4,22.9962],[120.402,22.9963],[120.4027,22.996],[120.4033,22.9929],[120.406,22.9904],[120.4078,22.9897],[120.4078,22.9881],[120.4071,22.9864],[120.4069,22.9851],[120.4062,22.9832],[120.4064,22.9816],[120.4059,22.9802],[120.4062,22.9791],[120.4057,22.9762],[120.4057,22.9745],[120.4052,22.9739],[120.4054,22.972],[120.4069,22.9725],[120.4081,22.9718],[120.4087,22.972],[120.411,22.9714],[120.4111,22.9692],[120.416,22.9688],[120.4178,22.968],[120.4189,22.9683],[120.4212,22.9685],[120.4225,22.9676],[120.4255,22.9675],[120.4266,22.9662],[120.4293,22.9652],[120.4313,22.9629],[120.4331,22.9595],[120.4353,22.9594],[120.4341,22.9573],[120.433,22.9559],[120.4327,22.9526],[120.4317,22.9496],[120.4307,22.9485],[120.4293,22.944],[120.4284,22.9421],[120.4284,22.9405],[120.4262,22.9394],[120.4255,22.938],[120.4258,22.9362],[120.4246,22.9337],[120.4249,22.9332],[120.4228,22.9309],[120.422,22.9293],[120.4221,22.9275],[120.4208,22.9251],[120.4199,22.9241],[120.42,22.923],[120.4189,22.922],[120.4176,22.9197],[120.4177,22.9187],[120.4165,22.9164],[120.4152,22.9156],[120.4133,22.9153],[120.4097,22.9138],[120.4087,22.9123]]]}},{"type":"Feature","properties":{"name":"台南市永康區","county":"台南市","town":"永康區"},"geometry":{"type":"Polygon","coordinates":[[[120.2779,23.0564],[120.2783,23.0552],[120.2814,23.0525],[120.2818,23.0515],[120.2838,23.0503],[120.2845,23.0488],[120.2868,23.0475],[120.2867,23.0462],[120.2845,23.0439],[120.2831,23.0435],[120.282,23.0416],[120.2818,23.0399],[120.2828,23.0376],[120.2847,23.037],[120.2855,23.0357],[120.2887,23.0333],[120.289,23.0321],[120.2876,23.0298],[120.2863,23.0293],[120.2853,23.0284],[120.2841,23.0281],[120.2832,23.0265],[120.2832,23.0219],[120.2842,23.0195],[120.2868,23.018],[120.29,23.0172],[120.2925,23.0158],[120.2915,23.0128],[120.29,23.0132],[120.2879,23.0124],[120.2876,23.0134],[120.2853,23.0127],[120.2836,23.0138],[120.2823,23.0139],[120.2819,23.0105],[120.2796,23.0106],[120.2772,23.0112],[120.275,23.011],[120.274,23.0009],[120.2735,22.9937],[120.2717,22.9943],[120.2711,22.9936],[120.2683,22.9935],[120.2672,22.9966],[120.2608,22.9946],[120.2603,22.9941],[120.2582,22.9941],[120.2508,22.9919],[120.2505,22.9912],[120.2478,22.9907],[120.2492,22.9924],[120.2453,22.9924],[120.2444,22.9914],[120.2432,22.992],[120.2428,22.9932],[120.2399,22.9933],[120.2398,22.997],[120.24,22.9985],[120.2331,22.9985],[120.2328,23.0009],[120.2311,23.0007],[120.2285,23.0018],[120.23,23.0046],[120.2303,23.0062],[120.23,23.0084],[120.2292,23.0104],[120.2275,23.0114],[120.2256,23.0115],[120.2262,23.0124],[120.2249,23.0126],[120.2252,23.0137],[120.2243,23.0147],[120.2241,23.0163],[120.2229,23.0165],[120.223,23.0176],[120.222,23.0194],[120.2191,23.0181],[120.2175,23.0183],[120.2176,23.0203],[120.2166,23.0189],[120.2154,23.0195],[120.2147,23.0187],[120.2127,23.0209],[120.2095,23.0226],[120.2095,23.023],[120.2149,23.0248],[120.216,23.0255],[120.2201,23.0296],[120.2206,23.0316],[120.2222,23.035],[120.2229,23.0357],[120.2233,23.0379],[120.2245,23.04],[120.2253,23.0421],[120.2291,23.0458],[120.2322,23.0475],[120.2348,23.0492],[120.2368,23.0492],[120.2399,23.0509],[120.2414,23.0523],[120.243,23.0556],[120.2449,23.0577],[120.2459,23.0618],[120.2469,23.0656],[120.2474,23.0672],[120.248,23.0677],[120.2496,23.0667],[120.2522,23.0666],[120.2518,23.0658],[120.2526,23.0615],[120.2532,23.0612],[120.2552,23.0617],[120.2571,23.0597],[120.2598,23.0596],[120.2605,23.0613],[120.2621,23.0617],[120.2643,23.0619],[120.2657,23.061],[120.2681,23.0609],[120.2706,23.0594],[120.2727,23.0593],[120.2763,23.0597],[120.2777,23.0591],[120.2779,23.0564]]]}},{"type":"Feature","properties":{"name":"台南市北區","county":"台南市","town":"北區"},"geometry":{"type":"Polygon","coordinates":[[[120.2095,23.023],[120.2095,23.0226],[120.2127,23.0209],[120.2147,23.0187],[120.2154,23.0195],[120.2166,23.0189],[120.2176,23.0203],[120.2175,23.0183],[120.2191,23.0181],[120.222,23.0194],[120.223,23.0176],[120.2229,23.0165],[120.2241,23.0163],[120.2243,23.0147],[120.2252,23.0137],[120.2249,23.0126],[120.2262,23.0124],[120.2256,23.0115],[120.2275,23.0114],[120.2292,23.0104],[120.23,23.0084],[120.2303,23.0062],[120.23,23.0046],[120.2285,23.0018],[120.2311,23.0007],[120.2328,23.0009],[120.2331,22.9985],[120.2319,22.9986],[120.2266,23.0002],[120.2166,23.0011],[120.2131,23.0016],[120.2123,22.9975],[120.2109,22.9973],[120.2052,22.9983],[120.1954,23.0018],[120.1937,23.0035],[120.1935,23.0052],[120.1925,23.0053],[120.1879,23.0075],[120.1828,23.0053],[120.1758,23.0058],[120.1741,23.0061],[120.1732,23.0075],[120.1773,23.0093],[120.1826,23.0127],[120.1833,23.0138],[120.1852,23.0153],[120.1892,23.018],[120.1936,23.0201],[120.1989,23.0218],[120.2038,23.0229],[120.2095,23.023]]]}},{"type":"Feature","properties":{"name":"林園區","county":"高雄市","town":"林園區"},"geometry":{"type":"Polygon","coordinates":[[[120.3589,22.5007],[120.3603,22.5078],[120.3604,22.5079],[120.3609,22.5082],[120.3611,22.5083],[120.3614,22.5086],[120.3614,22.5088],[120.3613,22.5091],[120.3611,22.5096],[120.3617,22.5099],[120.3621,22.51],[120.3627,22.5101],[120.3626,22.5103],[120.3626,22.5106],[120.3631,22.5109],[120.3635,22.5114],[120.3635,22.5116],[120.3635,22.5118],[120.3639,22.5129],[120.3641,22.5131],[120.3654,22.5155],[120.3656,22.5157],[120.3661,22.5161],[120.3663,22.5164],[120.3665,22.5165],[120.3666,22.5167],[120.3667,22.5169],[120.3666,22.5173],[120.3664,22.5176],[120.3664,22.5185],[120.3667,22.5188],[120.3673,22.5193],[120.3683,22.5202],[120.37,22.5214],[120.3702,22.5215],[120.3704,22.5218],[120.371,22.5223],[120.3712,22.5229],[120.3713,22.5231],[120.3713,22.5232],[120.3714,22.5232],[120.3714,22.5241],[120.3718,22.5247],[120.3723,22.5253],[120.3731,22.5261],[120.3737,22.5265],[120.3759,22.5269],[120.377,22.5274],[120.3777,22.5276],[120.3797,22.528],[120.3801,22.5282],[120.3805,22.5286],[120.3811,22.5292],[120.3816,22.5298],[120.3833,22.5312],[120.3837,22.5316],[120.3845,22.5321],[120.385,22.5324],[120.3855,22.5326],[120.3859,22.5328],[120.3863,22.5332],[120.3866,22.5341],[120.3865,22.5346],[120.387,22.5353],[120.3877,22.5353],[120.3882,22.5356],[120.3884,22.5357],[120.3888,22.5357],[120.3894,22.5356],[120.3895,22.5356],[120.3897,22.5357],[120.3897,22.5359],[120.3898,22.5362],[120.3902,22.5367],[120.3904,22.5368],[120.3907,22.5368],[120.3913,22.5368],[120.3917,22.5369],[120.3925,22.5373],[120.3925,22.5374],[120.394,22.5365],[120.3952,22.5374],[120.3969,22.5379],[120.3985,22.5372],[120.3995,22.5376],[120.4014,22.5368],[120.4012,22.5364],[120.4033,22.5355],[120.4033,22.5338],[120.4068,22.5336],[120.4071,22.5338],[120.4097,22.5328],[120.4136,22.5325],[120.4141,22.5333],[120.4169,22.5331],[120.4182,22.5339],[120.4275,22.5343],[120.4251,22.5285],[120.4246,22.5244],[120.4229,22.5185],[120.4228,22.5149],[120.423,22.511],[120.4236,22.5065],[120.4248,22.5015],[120.4257,22.4982],[120.4252,22.4941],[120.4251,22.4911],[120.4239,22.48],[120.4244,22.4687],[120.4208,22.4685],[120.4139,22.4705],[120.4109,22.4707],[120.4076,22.4717],[120.4055,22.4727],[120.4019,22.4739],[120.4009,22.4749],[120.3984,22.4756],[120.3957,22.477],[120.3937,22.479],[120.3897,22.4817],[120.3869,22.4831],[120.3849,22.4849],[120.381,22.487],[120.3795,22.4876],[120.3775,22.4888],[120.3732,22.4912],[120.3715,22.4929],[120.3643,22.4982],[120.3599,22.5011],[120.3589,22.5007]]]}},{"type":"Feature","properties":{"name":"茄萣區","county":"高雄市","town":"茄萣區"},"geometry":{"type":"Polygon","coordinates":[[[120.2199,22.8706],[120.2185,22.8705],[120.2168,22.8671],[120.2176,22.8667],[120.2174,22.8658],[120.2206,22.8646],[120.2194,22.8624],[120.2186,22.8571],[120.2134,22.8512],[120.2081,22.8543],[120.2068,22.8549],[120.2016,22.8546],[120.2,22.8539],[120.1989,22.8524],[120.1968,22.8505],[120.1953,22.8502],[120.1946,22.8528],[120.1929,22.8564],[120.1928,22.8571],[120.1916,22.8583],[120.1894,22.858],[120.1892,22.8584],[120.1933,22.8593],[120.193,22.86],[120.1913,22.8598],[120.1897,22.8607],[120.1903,22.864],[120.1929,22.8648],[120.1922,22.8672],[120.1901,22.8733],[120.1864,22.8816],[120.1862,22.8825],[120.1844,22.8861],[120.184,22.8878],[120.183,22.8895],[120.1818,22.8923],[120.1802,22.8954],[120.179,22.8994],[120.1783,22.9007],[120.1771,22.9045],[120.1747,22.9103],[120.1748,22.9117],[120.1768,22.9123],[120.1789,22.9143],[120.1825,22.9171],[120.1877,22.9202],[120.19,22.9178],[120.1905,22.9134],[120.1924,22.9108],[120.1981,22.9082],[120.2,22.9068],[120.1991,22.9066],[120.1998,22.9011],[120.1976,22.9008],[120.1974,22.9027],[120.1966,22.9024],[120.1976,22.9001],[120.1969,22.8984],[120.1978,22.8938],[120.199,22.8905],[120.2006,22.8885],[120.2024,22.8873],[120.2033,22.8878],[120.2042,22.8925],[120.2049,22.8932],[120.2071,22.8935],[120.2087,22.8924],[120.2098,22.8908],[120.2107,22.8885],[120.2103,22.8863],[120.2095,22.8855],[120.2073,22.8846],[120.2048,22.8842],[120.2038,22.8823],[120.206,22.8839],[120.2069,22.8838],[120.2097,22.8823],[120.2112,22.8826],[120.2132,22.8821],[120.2149,22.882],[120.2183,22.8813],[120.2186,22.8716],[120.22,22.8712],[120.2199,22.8706]]]}},{"type":"Feature","properties":{"name":"永安區","county":"高雄市","town":"永安區"},"geometry":{"type":"Polygon","coordinates":[[[120.2547,22.825],[120.2555,22.8238],[120.2533,22.821],[120.2535,22.8206],[120.2532,22.8181],[120.2551,22.8173],[120.2565,22.814],[120.2552,22.8113],[120.2538,22.8101],[120.253,22.8099],[120.2532,22.8087],[120.2539,22.8087],[120.2541,22.8074],[120.2548,22.8066],[120.2575,22.8079],[120.259,22.8092],[120.2607,22.807],[120.2609,22.8055],[120.2629,22.8028],[120.2614,22.8023],[120.262,22.8003],[120.2609,22.7995],[120.2615,22.797],[120.2579,22.7956],[120.2565,22.7954],[120.2534,22.7954],[120.2519,22.7964],[120.2494,22.7974],[120.2469,22.7978],[120.2448,22.7979],[120.2437,22.7974],[120.245,22.7961],[120.2444,22.7953],[120.2398,22.7961],[120.2378,22.7972],[120.2371,22.7983],[120.2345,22.7999],[120.2312,22.8023],[120.2292,22.8023],[120.228,22.8017],[120.2228,22.8028],[120.2211,22.8039],[120.219,22.8045],[120.2161,22.8041],[120.2155,22.8035],[120.2154,22.8042],[120.2142,22.8049],[120.2123,22.8076],[120.1979,22.8053],[120.1933,22.8074],[120.1902,22.8136],[120.1905,22.8153],[120.206,22.8202],[120.2072,22.821],[120.2072,22.8229],[120.2062,22.8254],[120.2051,22.8252],[120.2036,22.8299],[120.2005,22.8385],[120.2013,22.8387],[120.199,22.8435],[120.1981,22.8436],[120.1981,22.8446],[120.1965,22.8448],[120.1929,22.8485],[120.1953,22.8502],[120.1968,22.8505],[120.1989,22.8524],[120.2,22.8539],[120.2016,22.8546],[120.2068,22.8549],[120.2081,22.8543],[120.2134,22.8512],[120.218,22.8484],[120.22,22.8468],[120.2238,22.8454],[120.2267,22.8392],[120.2295,22.8403],[120.2288,22.8421],[120.2292,22.8422],[120.2318,22.839],[120.2363,22.84],[120.2389,22.8381],[120.2393,22.8353],[120.2401,22.8357],[120.2402,22.8343],[120.241,22.8322],[120.2427,22.8317],[120.2435,22.8292],[120.2453,22.8295],[120.2471,22.8293],[120.2496,22.83],[120.2502,22.829],[120.255,22.8315],[120.2569,22.8283],[120.2539,22.8267],[120.2547,22.825]]]}},{"type":"Feature","properties":{"name":"彌陀區","county":"高雄市","town":"彌陀區"},"geometry":{"type":"Polygon","coordinates":[[[120.2565,22.7954],[120.2565,22.794],[120.2545,22.7935],[120.2543,22.7912],[120.2524,22.7908],[120.2523,22.7894],[120.2533,22.7869],[120.2539,22.7865],[120.255,22.7833],[120.255,22.7818],[120.2557,22.7803],[120.2548,22.7801],[120.2551,22.7788],[120.2577,22.779],[120.2582,22.7784],[120.2595,22.7789],[120.2621,22.7757],[120.2593,22.7735],[120.2584,22.7725],[120.2588,22.7702],[120.2562,22.7694],[120.2546,22.7693],[120.2549,22.7682],[120.2538,22.7677],[120.2537,22.7669],[120.2519,22.7645],[120.2505,22.7638],[120.2509,22.7605],[120.2494,22.7597],[120.2505,22.7571],[120.2493,22.7543],[120.2468,22.7542],[120.2466,22.7508],[120.2452,22.7513],[120.2448,22.7536],[120.2434,22.7537],[120.2431,22.7515],[120.2441,22.7513],[120.2437,22.7496],[120.2442,22.7487],[120.243,22.7471],[120.2445,22.7462],[120.2448,22.7456],[120.2432,22.7439],[120.2422,22.7454],[120.2393,22.7515],[120.2382,22.7528],[120.2362,22.7569],[120.234,22.7604],[120.2329,22.76],[120.2312,22.7607],[120.231,22.7619],[120.2324,22.7625],[120.2327,22.7646],[120.2322,22.7664],[120.2306,22.769],[120.2291,22.7733],[120.2277,22.7754],[120.2257,22.7802],[120.2229,22.7855],[120.2226,22.7867],[120.2206,22.7906],[120.2201,22.7925],[120.2192,22.7938],[120.2192,22.7947],[120.2176,22.7979],[120.2159,22.8019],[120.2155,22.8035],[120.2161,22.8041],[120.219,22.8045],[120.2211,22.8039],[120.2228,22.8028],[120.228,22.8017],[120.2292,22.8023],[120.2312,22.8023],[120.2345,22.7999],[120.2371,22.7983],[120.2378,22.7972],[120.2398,22.7961],[120.2444,22.7953],[120.245,22.7961],[120.2437,22.7974],[120.2448,22.7979],[120.2469,22.7978],[120.2494,22.7974],[120.2519,22.7964],[120.2534,22.7954],[120.2565,22.7954]]]}},{"type":"Feature","properties":{"name":"梓官區","county":"高雄市","town":"梓官區"},"geometry":{"type":"Polygon","coordinates":[[[120.266,22.7299],[120.2635,22.7279],[120.262,22.7255],[120.2598,22.7231],[120.2569,22.7196],[120.2563,22.7185],[120.2549,22.7196],[120.2538,22.7228],[120.2528,22.7241],[120.2514,22.7237],[120.2498,22.7242],[120.2494,22.7261],[120.2503,22.7269],[120.2497,22.7285],[120.2453,22.7378],[120.2454,22.7388],[120.2432,22.7439],[120.2448,22.7456],[120.2445,22.7462],[120.243,22.7471],[120.2442,22.7487],[120.2437,22.7496],[120.2441,22.7513],[120.2431,22.7515],[120.2434,22.7537],[120.2448,22.7536],[120.2452,22.7513],[120.2466,22.7508],[120.2468,22.7542],[120.2493,22.7543],[120.2505,22.7571],[120.2494,22.7597],[120.2509,22.7605],[120.2505,22.7638],[120.2519,22.7645],[120.2537,22.7669],[120.2538,22.7677],[120.2549,22.7682],[120.2546,22.7693],[120.2562,22.7694],[120.2588,22.7702],[120.2631,22.7701],[120.2634,22.7689],[120.2663,22.7708],[120.2669,22.7708],[120.2671,22.7676],[120.2691,22.7677],[120.2696,22.7708],[120.2715,22.77],[120.2734,22.7698],[120.2747,22.7686],[120.2748,22.7671],[120.2746,22.7661],[120.2753,22.7653],[120.2743,22.7636],[120.2759,22.7612],[120.2762,22.7585],[120.276,22.7558],[120.2756,22.7548],[120.2739,22.7535],[120.2743,22.7512],[120.2739,22.7503],[120.2725,22.7496],[120.2715,22.7486],[120.272,22.7471],[120.2711,22.7447],[120.2694,22.7423],[120.2693,22.7407],[120.2677,22.7419],[120.266,22.7419],[120.2646,22.741],[120.2663,22.7386],[120.2655,22.7374],[120.2638,22.7365],[120.263,22.7356],[120.2634,22.7351],[120.2651,22.7348],[120.2657,22.7342],[120.2655,22.7328],[120.2665,22.731],[120.266,22.7299]]]}},{"type":"Feature","properties":{"name":"台南市北門區","county":"台南市","town":"北門區"},"geometry":{"type":"Polygon","coordinates":[[[120.1627,23.31],[120.1662,23.3085],[120.1695,23.3061],[120.1709,23.3046],[120.1739,23.2999],[120.1737,23.2991],[120.1757,23.2944],[120.1787,23.2917],[120.1805,23.2909],[120.184,23.2903],[120.1849,23.2886],[120.1849,23.2876],[120.1829,23.2879],[120.1828,23.2872],[120.1818,23.2875],[120.1802,23.2868],[120.1789,23.2855],[120.1799,23.2845],[120.1811,23.2856],[120.1836,23.2842],[120.1831,23.2817],[120.181,23.2825],[120.1789,23.2825],[120.1752,23.2814],[120.1744,23.2815],[120.1701,23.2807],[120.1686,23.2796],[120.1668,23.2777],[120.166,23.2789],[120.1635,23.2816],[120.161,23.2837],[120.1592,23.2848],[120.1572,23.2882],[120.1557,23.2889],[120.1535,23.2874],[120.1517,23.2869],[120.1504,23.2876],[120.1489,23.2895],[120.1479,23.2922],[120.1468,23.2933],[120.1457,23.2938],[120.1441,23.2934],[120.1447,23.2884],[120.1454,23.2865],[120.1472,23.2845],[120.1502,23.2822],[120.1497,23.2802],[120.1503,23.2761],[120.1508,23.2754],[120.1498,23.2752],[120.1515,23.2693],[120.1524,23.2676],[120.1503,23.2654],[120.1479,23.2604],[120.1434,23.2624],[120.1415,23.2624],[120.1398,23.2607],[120.1393,23.2611],[120.1363,23.2581],[120.1349,23.2562],[120.1341,23.2561],[120.1342,23.2549],[120.1334,23.2531],[120.1356,23.2533],[120.1361,23.2516],[120.1381,23.2506],[120.1398,23.2502],[120.1396,23.2469],[120.1425,23.2448],[120.1425,23.2425],[120.1431,23.2412],[120.1411,23.2407],[120.1411,23.2393],[120.1386,23.2393],[120.138,23.2384],[120.1384,23.2374],[120.1374,23.2339],[120.1353,23.2295],[120.1356,23.229],[120.1333,23.2277],[120.1287,23.2267],[120.1226,23.2266],[120.1196,23.2271],[120.1153,23.2272],[120.1127,23.2266],[120.1079,23.2267],[120.106,23.2254],[120.1031,23.2251],[120.101,23.2251],[120.0958,23.2255],[120.0939,23.2271],[120.0898,23.2286],[120.0878,23.2298],[120.0873,23.2315],[120.0887,23.2347],[120.0891,23.2367],[120.0886,23.2382],[120.0866,23.238],[120.0832,23.2411],[120.0859,23.244],[120.0877,23.2466],[120.088,23.2487],[120.0893,23.2496],[120.0921,23.2593],[120.093,23.264],[120.0934,23.2654],[120.094,23.2707],[120.095,23.2804],[120.095,23.2884],[120.0945,23.2902],[120.0943,23.295],[120.0946,23.2959],[120.0963,23.2991],[120.099,23.3005],[120.1018,23.3023],[120.1031,23.3045],[120.1068,23.3053],[120.1084,23.3068],[120.1108,23.3104],[120.1125,23.3156],[120.1128,23.3184],[120.1136,23.3222],[120.1128,23.3226],[120.1126,23.3239],[120.1129,23.3253],[120.1111,23.3305],[120.111,23.3318],[120.1123,23.334],[120.114,23.3362],[120.1157,23.3373],[120.1173,23.3387],[120.1181,23.3402],[120.1323,23.3298],[120.1366,23.3281],[120.1415,23.3247],[120.1455,23.3223],[120.1485,23.3197],[120.1482,23.3166],[120.1486,23.3144],[120.15,23.3131],[120.153,23.3133],[120.1543,23.313],[120.1555,23.3105],[120.1568,23.31],[120.1603,23.3106],[120.1627,23.31]]]}},{"type":"Feature","properties":{"name":"台南市安南區","county":"台南市","town":"安南區"},"geometry":{"type":"Polygon","coordinates":[[[120.1727,23.0836],[120.1742,23.0824],[120.175,23.0811],[120.1762,23.0812],[120.1764,23.0784],[120.1778,23.0784],[120.1797,23.0779],[120.1812,23.0784],[120.1817,23.0776],[120.1874,23.0831],[120.1909,23.0818],[120.1925,23.0816],[120.1995,23.0787],[120.2025,23.0779],[120.2027,23.0783],[120.2071,23.0786],[120.2074,23.0782],[120.2055,23.0766],[120.1996,23.0719],[120.1998,23.0711],[120.2023,23.0678],[120.2057,23.07],[120.2067,23.0686],[120.2076,23.0689],[120.2091,23.0685],[120.212,23.0699],[120.2132,23.0697],[120.2139,23.0705],[120.2137,23.0732],[120.2167,23.0743],[120.2206,23.0739],[120.221,23.0754],[120.2234,23.0758],[120.2246,23.0727],[120.2277,23.0721],[120.2283,23.0713],[120.2297,23.0708],[120.2312,23.0709],[120.2349,23.0697],[120.2379,23.067],[120.2406,23.067],[120.2411,23.0666],[120.2415,23.0661],[120.2436,23.0664],[120.2469,23.0656],[120.2459,23.0618],[120.2449,23.0577],[120.243,23.0556],[120.2414,23.0523],[120.2399,23.0509],[120.2368,23.0492],[120.2348,23.0492],[120.2322,23.0475],[120.2291,23.0458],[120.2253,23.0421],[120.2245,23.04],[120.2233,23.0379],[120.2229,23.0357],[120.2222,23.035],[120.2206,23.0316],[120.2201,23.0296],[120.216,23.0255],[120.2149,23.0248],[120.2095,23.023],[120.2038,23.0229],[120.1989,23.0218],[120.1936,23.0201],[120.1892,23.018],[120.1852,23.0153],[120.1833,23.0138],[120.1826,23.0127],[120.1773,23.0093],[120.1732,23.0075],[120.167,23.0049],[120.1632,23.0048],[120.1616,23.0057],[120.1594,23.0056],[120.1573,23.0058],[120.1557,23.0053],[120.142,22.9996],[120.1408,22.9989],[120.1394,22.9974],[120.1376,22.9969],[120.1373,22.998],[120.1348,22.9994],[120.1311,23.0025],[120.1292,23.0037],[120.1271,23.0056],[120.1216,23.0096],[120.1178,23.0128],[120.1145,23.0154],[120.1141,23.0159],[120.1102,23.0189],[120.1072,23.0206],[120.1039,23.0228],[120.0972,23.0266],[120.0941,23.0288],[120.0871,23.0327],[120.0806,23.0356],[120.0793,23.0365],[120.0758,23.0383],[120.073,23.0395],[120.0677,23.041],[120.0673,23.0415],[120.065,23.0429],[120.0652,23.0433],[120.0627,23.044],[120.0632,23.0452],[120.0655,23.0481],[120.0696,23.0521],[120.0711,23.055],[120.0755,23.0604],[120.0777,23.0621],[120.0794,23.0639],[120.0834,23.067],[120.0907,23.0733],[120.0919,23.0766],[120.0982,23.0829],[120.101,23.0849],[120.106,23.0866],[120.1081,23.087],[120.1097,23.0877],[120.1115,23.088],[120.1166,23.0883],[120.1195,23.0883],[120.1263,23.0886],[120.1327,23.0896],[120.1387,23.0901],[120.1491,23.0913],[120.1527,23.0913],[120.1545,23.0901],[120.158,23.0892],[120.1627,23.0904],[120.164,23.0847],[120.171,23.0823],[120.1727,23.0836]]]}},{"type":"Feature","properties":{"name":"嘉義市嘉義市","county":"嘉義市","town":"東區"},"geometry":{"type":"Polygon","coordinates":[[[120.4952,23.4528],[120.4902,23.4521],[120.4894,23.4524],[120.4844,23.4564],[120.4817,23.4581],[120.4808,23.4599],[120.477,23.4619],[120.4754,23.4621],[120.4687,23.4616],[120.4645,23.4583],[120.4645,23.4556],[120.4611,23.4553],[120.4602,23.4545],[120.459,23.4542],[120.4568,23.4521],[120.4554,23.4503],[120.4547,23.4503],[120.4546,23.4483],[120.4529,23.4449],[120.4517,23.444],[120.4496,23.4434],[120.4502,23.4439],[120.4509,23.4462],[120.4508,23.4488],[120.4514,23.4516],[120.448,23.4539],[120.447,23.455],[120.4472,23.4617],[120.4486,23.4615],[120.4517,23.4626],[120.4511,23.4642],[120.4496,23.4689],[120.4494,23.4703],[120.4518,23.4706],[120.4521,23.4714],[120.4518,23.474],[120.4503,23.4739],[120.4496,23.4799],[120.4486,23.484],[120.4485,23.4844],[120.4476,23.4867],[120.4493,23.4888],[120.4502,23.492],[120.4501,23.4929],[120.4472,23.5049],[120.4452,23.5041],[120.4421,23.498],[120.4358,23.5084],[120.4338,23.5098],[120.4337,23.5114],[120.4326,23.5134],[120.4335,23.5144],[120.434,23.516],[120.4338,23.5172],[120.4351,23.5173],[120.4373,23.5152],[120.4371,23.514],[120.4391,23.5122],[120.4405,23.5119],[120.4421,23.5133],[120.4406,23.5183],[120.4425,23.5181],[120.4445,23.5173],[120.4452,23.5181],[120.4468,23.5184],[120.448,23.5182],[120.4494,23.5171],[120.4511,23.5169],[120.4533,23.5159],[120.4563,23.516],[120.4574,23.5153],[120.4574,23.5137],[120.4562,23.5128],[120.4563,23.5118],[120.4578,23.5089],[120.4601,23.507],[120.4621,23.5033],[120.4626,23.5008],[120.4638,23.4994],[120.4655,23.4987],[120.4675,23.4988],[120.4692,23.4994],[120.4701,23.5002],[120.4708,23.5038],[120.4726,23.5052],[120.4735,23.5069],[120.4748,23.5068],[120.4781,23.5049],[120.4797,23.5044],[120.4813,23.5044],[120.4832,23.5054],[120.484,23.5038],[120.4847,23.5014],[120.4846,23.4989],[120.4837,23.4982],[120.4839,23.4957],[120.4861,23.4934],[120.4894,23.4914],[120.4936,23.4911],[120.4942,23.4902],[120.4961,23.4901],[120.4972,23.4906],[120.5001,23.4907],[120.5013,23.4898],[120.501,23.4886],[120.5019,23.4863],[120.5034,23.4854],[120.5031,23.4832],[120.5025,23.4829],[120.5019,23.4809],[120.5041,23.481],[120.5037,23.4789],[120.505,23.4788],[120.507,23.4771],[120.5071,23.4766],[120.5092,23.4748],[120.5092,23.4721],[120.5086,23.4714],[120.5072,23.4718],[120.5065,23.4701],[120.5051,23.4696],[120.5038,23.4672],[120.5018,23.4669],[120.5012,23.466],[120.4996,23.4652],[120.5004,23.463],[120.5005,23.4605],[120.4985,23.4584],[120.4975,23.4579],[120.4969,23.4561],[120.4971,23.4553],[120.4961,23.4547],[120.4952,23.4528]]]}},{"type":"Feature","properties":{"name":"嘉義市嘉義市","county":"嘉義市","town":"西區"},"geometry":{"type":"Polygon","coordinates":[[[120.3941,23.4625],[120.3942,23.4662],[120.3953,23.4674],[120.3966,23.4677],[120.398,23.4704],[120.3993,23.4711],[120.3985,23.474],[120.3988,23.4757],[120.3985,23.4768],[120.3991,23.4784],[120.3981,23.4795],[120.3969,23.4795],[120.3969,23.4804],[120.3944,23.4808],[120.3934,23.4825],[120.3936,23.4862],[120.3941,23.4869],[120.3939,23.4889],[120.3947,23.4908],[120.3898,23.4914],[120.3893,23.494],[120.3892,23.4972],[120.39,23.4979],[120.3893,23.4986],[120.3915,23.5003],[120.395,23.5007],[120.3993,23.4988],[120.4002,23.4988],[120.4002,23.5],[120.401,23.5019],[120.4038,23.5037],[120.4057,23.5037],[120.4088,23.5066],[120.4078,23.5026],[120.4085,23.4984],[120.4096,23.4984],[120.4123,23.4992],[120.4134,23.5024],[120.4154,23.5038],[120.4166,23.5053],[120.421,23.5061],[120.4243,23.5062],[120.425,23.5064],[120.4263,23.5087],[120.4279,23.5092],[120.4315,23.5087],[120.4332,23.5089],[120.4338,23.5098],[120.4358,23.5084],[120.4421,23.498],[120.4452,23.5041],[120.4472,23.5049],[120.4501,23.4929],[120.4502,23.492],[120.4493,23.4888],[120.4476,23.4867],[120.4485,23.4844],[120.4486,23.484],[120.4496,23.4799],[120.4503,23.4739],[120.4518,23.474],[120.4521,23.4714],[120.4518,23.4706],[120.4494,23.4703],[120.4496,23.4689],[120.4511,23.4642],[120.4517,23.4626],[120.4486,23.4615],[120.4472,23.4617],[120.447,23.455],[120.448,23.4539],[120.4514,23.4516],[120.4508,23.4488],[120.4509,23.4462],[120.4502,23.4439],[120.4496,23.4434],[120.4471,23.4434],[120.4417,23.4402],[120.4396,23.4396],[120.4387,23.4412],[120.4378,23.4417],[120.4359,23.4442],[120.4383,23.4449],[120.4386,23.4457],[120.4378,23.4467],[120.437,23.4464],[120.4346,23.4499],[120.4345,23.4507],[120.4328,23.4501],[120.4301,23.4525],[120.4293,23.461],[120.426,23.4607],[120.4241,23.4614],[120.4151,23.4603],[120.413,23.4624],[120.413,23.4637],[120.4113,23.4648],[120.4092,23.4643],[120.4081,23.4644],[120.4065,23.4636],[120.4037,23.4633],[120.4002,23.4633],[120.3972,23.4626],[120.3941,23.4625]]]}},{"type":"Feature","properties":{"name":"台南市南區","county":"台南市","town":"南區"},"geometry":{"type":"Polygon","coordinates":[[[120.192,22.9212],[120.191,22.9205],[120.1892,22.9207],[120.1877,22.9202],[120.1825,22.9171],[120.1789,22.9143],[120.1768,22.9123],[120.1748,22.9117],[120.1747,22.912],[120.1769,22.9126],[120.1741,22.9144],[120.174,22.9158],[120.173,22.9193],[120.1732,22.9207],[120.1742,22.923],[120.1749,22.9268],[120.1749,22.9301],[120.1752,22.933],[120.1745,22.9369],[120.1737,22.9433],[120.172,22.9497],[120.1702,22.9532],[120.1685,22.9571],[120.1659,22.9604],[120.1646,22.9617],[120.1627,22.965],[120.1597,22.9635],[120.1554,22.9647],[120.1554,22.9655],[120.167,22.9732],[120.1679,22.9741],[120.17,22.9751],[120.1732,22.9771],[120.1789,22.9811],[120.1833,22.9835],[120.1854,22.9856],[120.1866,22.9863],[120.188,22.9873],[120.1895,22.9887],[120.1943,22.9877],[120.1976,22.9875],[120.1977,22.9815],[120.212,22.9813],[120.2135,22.9781],[120.2159,22.9676],[120.2164,22.9652],[120.2164,22.9648],[120.217,22.9606],[120.2166,22.9605],[120.2167,22.9482],[120.2166,22.9452],[120.2161,22.9449],[120.2012,22.9449],[120.1993,22.9402],[120.1985,22.9391],[120.1989,22.9378],[120.2017,22.9382],[120.2025,22.9381],[120.2022,22.9369],[120.2005,22.9346],[120.199,22.9311],[120.198,22.9296],[120.1956,22.9292],[120.1945,22.9286],[120.1938,22.9271],[120.1942,22.9249],[120.1938,22.9233],[120.192,22.9212]]]}},{"type":"Feature","properties":{"name":"台南市東區","county":"台南市","town":"東區"},"geometry":{"type":"Polygon","coordinates":[[[120.2478,22.9907],[120.2486,22.9883],[120.2494,22.9877],[120.2491,22.9844],[120.2493,22.9805],[120.2491,22.9771],[120.2477,22.9758],[120.2444,22.9768],[120.2433,22.9775],[120.2432,22.9785],[120.2422,22.9795],[120.2409,22.9793],[120.239,22.9801],[120.2383,22.9776],[120.2385,22.9761],[120.2379,22.9744],[120.2383,22.9694],[120.2376,22.9638],[120.2372,22.9636],[120.2378,22.9611],[120.2274,22.9594],[120.2267,22.9611],[120.2261,22.9614],[120.2216,22.962],[120.2202,22.9607],[120.217,22.9606],[120.2164,22.9648],[120.2164,22.9652],[120.2159,22.9676],[120.2135,22.9781],[120.212,22.9813],[120.2111,22.9834],[120.2118,22.9953],[120.2123,22.9975],[120.2131,23.0016],[120.2166,23.0011],[120.2266,23.0002],[120.2319,22.9986],[120.2331,22.9985],[120.24,22.9985],[120.2398,22.997],[120.2399,22.9933],[120.2428,22.9932],[120.2432,22.992],[120.2444,22.9914],[120.2453,22.9924],[120.2492,22.9924],[120.2478,22.9907]]]}},{"type":"Feature","properties":{"name":"台南市安平區","county":"台南市","town":"安平區"},"geometry":{"type":"Polygon","coordinates":[[[120.1394,22.9974],[120.1408,22.9989],[120.142,22.9996],[120.1557,23.0053],[120.1573,23.0058],[120.1594,23.0056],[120.163,23.0035],[120.1653,23.0026],[120.1749,22.9993],[120.1804,22.9991],[120.1847,22.9991],[120.1867,22.9989],[120.1863,22.9957],[120.187,22.9909],[120.1866,22.9863],[120.1854,22.9856],[120.1833,22.9835],[120.1789,22.9811],[120.1732,22.9771],[120.17,22.9751],[120.1679,22.9741],[120.167,22.9732],[120.1554,22.9655],[120.1554,22.9675],[120.1598,22.9712],[120.1595,22.9732],[120.1587,22.9749],[120.1568,22.977],[120.1532,22.9814],[120.15,22.9842],[120.1475,22.9878],[120.1424,22.992],[120.1403,22.9933],[120.141,22.9945],[120.1411,22.996],[120.1394,22.9974]]]}},{"type":"Feature","properties":{"name":"台南市中西區","county":"台南市","town":"中西區"},"geometry":{"type":"Polygon","coordinates":[[[120.1732,23.0075],[120.1741,23.0061],[120.1758,23.0058],[120.1828,23.0053],[120.1879,23.0075],[120.1925,23.0053],[120.1935,23.0052],[120.1937,23.0035],[120.1954,23.0018],[120.2052,22.9983],[120.2109,22.9973],[120.2123,22.9975],[120.2118,22.9953],[120.2111,22.9834],[120.212,22.9813],[120.1977,22.9815],[120.1976,22.9875],[120.1943,22.9877],[120.1895,22.9887],[120.188,22.9873],[120.1866,22.9863],[120.187,22.9909],[120.1863,22.9957],[120.1867,22.9989],[120.1847,22.9991],[120.1804,22.9991],[120.1749,22.9993],[120.1653,23.0026],[120.163,23.0035],[120.1594,23.0056],[120.1616,23.0057],[120.1632,23.0048],[120.167,23.0049],[120.1732,23.0075]]]}},{"type":"Feature","properties":{"name":"苓雅區","county":"高雄市","town":"苓雅區"},"geometry":{"type":"Polygon","coordinates":[[[120.2902,22.615],[120.2904,22.6181],[120.2903,22.6206],[120.2937,22.6206],[120.295,22.621],[120.2962,22.618],[120.3022,22.6199],[120.3121,22.6232],[120.3109,22.6264],[120.3142,22.6275],[120.3133,22.6298],[120.3133,22.6306],[120.3179,22.6303],[120.3167,22.6335],[120.3167,22.6343],[120.3198,22.6319],[120.3208,22.6323],[120.3191,22.6366],[120.3186,22.6375],[120.3172,22.6384],[120.3216,22.6378],[120.334,22.6356],[120.3447,22.6338],[120.3452,22.6332],[120.3435,22.6331],[120.3431,22.6309],[120.3419,22.6309],[120.3417,22.6299],[120.3393,22.6295],[120.3399,22.6291],[120.3431,22.6281],[120.3443,22.628],[120.344,22.6273],[120.3455,22.6266],[120.3448,22.625],[120.34,22.6242],[120.3396,22.6225],[120.3382,22.6206],[120.3407,22.6191],[120.3395,22.6177],[120.339,22.618],[120.3372,22.6163],[120.3349,22.6161],[120.3345,22.6185],[120.3279,22.6177],[120.328,22.6166],[120.3268,22.6166],[120.3274,22.6142],[120.327,22.6124],[120.3267,22.6117],[120.3251,22.6119],[120.3252,22.615],[120.3237,22.6145],[120.3236,22.6154],[120.3226,22.6156],[120.3182,22.6154],[120.3183,22.6168],[120.3177,22.6183],[120.3052,22.6141],[120.3051,22.6125],[120.2978,22.61],[120.2966,22.6095],[120.2959,22.6077],[120.2888,22.611],[120.2902,22.615]]]}},{"type":"Feature","properties":{"name":"三民區","county":"高雄市","town":"三民區"},"geometry":{"type":"Polygon","coordinates":[[[120.286,22.6318],[120.2852,22.6347],[120.2845,22.6386],[120.2817,22.6433],[120.282,22.6454],[120.2828,22.6465],[120.2868,22.6501],[120.2883,22.6504],[120.2905,22.6496],[120.293,22.6498],[120.2956,22.6521],[120.2966,22.6523],[120.2993,22.6514],[120.3004,22.6518],[120.3022,22.653],[120.3063,22.6533],[120.3081,22.6546],[120.3088,22.6547],[120.3114,22.6551],[120.3122,22.6559],[120.3122,22.6587],[120.3113,22.6607],[120.3111,22.6624],[120.3117,22.6636],[120.3134,22.6654],[120.3147,22.6675],[120.3152,22.6694],[120.3176,22.6696],[120.3189,22.6716],[120.3194,22.6716],[120.3204,22.6745],[120.3224,22.6762],[120.323,22.6772],[120.324,22.6774],[120.3249,22.6784],[120.3252,22.6797],[120.3266,22.6798],[120.3268,22.6787],[120.3279,22.676],[120.3263,22.6755],[120.3266,22.6749],[120.3292,22.6759],[120.3303,22.6759],[120.3277,22.6748],[120.3268,22.6739],[120.327,22.6723],[120.328,22.6716],[120.3302,22.6724],[120.3325,22.6722],[120.337,22.673],[120.3377,22.6735],[120.3395,22.6721],[120.3395,22.671],[120.3375,22.6699],[120.3374,22.6693],[120.3337,22.6662],[120.3333,22.6654],[120.3343,22.6641],[120.3352,22.6615],[120.3366,22.66],[120.3351,22.6596],[120.3331,22.66],[120.3325,22.6606],[120.3307,22.6601],[120.3315,22.6585],[120.3332,22.6574],[120.3349,22.655],[120.3374,22.6531],[120.337,22.6525],[120.3455,22.6462],[120.3464,22.6472],[120.3472,22.6473],[120.3485,22.6466],[120.3459,22.6417],[120.3497,22.6397],[120.3502,22.6388],[120.3459,22.6375],[120.345,22.6368],[120.3447,22.6338],[120.334,22.6356],[120.3216,22.6378],[120.3172,22.6384],[120.3186,22.6375],[120.3191,22.6366],[120.3208,22.6323],[120.3198,22.6319],[120.3167,22.6343],[120.3138,22.6366],[120.3096,22.6368],[120.3068,22.6364],[120.2995,22.6369],[120.2971,22.6361],[120.2884,22.6332],[120.286,22.6318]]]}},{"type":"Feature","properties":{"name":"旗津區","county":"高雄市","town":"旗津區"},"geometry":{"type":"Polygon","coordinates":[[[120.3171,22.5591],[120.3204,22.5553],[120.3156,22.5518],[120.3073,22.5475],[120.3036,22.5456],[120.3018,22.5458],[120.2985,22.5475],[120.3007,22.5513],[120.3034,22.5543],[120.3028,22.5578],[120.2858,22.5779],[120.2845,22.5781],[120.2824,22.5808],[120.2784,22.5844],[120.2713,22.5928],[120.2698,22.5956],[120.2676,22.5981],[120.2668,22.6],[120.2638,22.6019],[120.263,22.6014],[120.2632,22.6036],[120.2637,22.6051],[120.2653,22.6066],[120.266,22.6088],[120.2656,22.6107],[120.2642,22.6114],[120.2632,22.6104],[120.2633,22.6129],[120.2623,22.614],[120.2561,22.6177],[120.2565,22.6196],[120.2572,22.6194],[120.2581,22.6192],[120.2599,22.6186],[120.2612,22.6182],[120.2631,22.6176],[120.264,22.6173],[120.2645,22.6172],[120.266,22.6166],[120.2664,22.6165],[120.2677,22.6161],[120.271,22.615],[120.2722,22.6144],[120.2742,22.6135],[120.275,22.613],[120.2776,22.6111],[120.2794,22.6095],[120.2799,22.6091],[120.2807,22.6083],[120.2812,22.6077],[120.2814,22.6074],[120.2819,22.6067],[120.2821,22.6063],[120.2828,22.605],[120.2832,22.6043],[120.2836,22.6037],[120.2859,22.6],[120.2864,22.5993],[120.2902,22.5932],[120.2907,22.5922],[120.2923,22.5897],[120.293,22.5886],[120.2935,22.5879],[120.2942,22.5867],[120.2956,22.5847],[120.2961,22.5838],[120.297,22.5826],[120.2976,22.5818],[120.2977,22.5817],[120.2985,22.5808],[120.3011,22.578],[120.3016,22.5775],[120.3017,22.5773],[120.3019,22.5771],[120.3023,22.5766],[120.3026,22.5761],[120.3037,22.5746],[120.3042,22.5738],[120.3049,22.5727],[120.3053,22.5721],[120.3061,22.5712],[120.307,22.5703],[120.3078,22.5696],[120.3098,22.5673],[120.3109,22.5661],[120.3112,22.5657],[120.3119,22.565],[120.3129,22.5639],[120.3138,22.5629],[120.3148,22.5617],[120.316,22.5604],[120.3171,22.5591]]]}},{"type":"Feature","properties":{"name":"台南市善化區","county":"台南市","town":"善化區"},"geometry":{"type":"Polygon","coordinates":[[[120.2549,23.135],[120.2566,23.1358],[120.2599,23.1379],[120.2628,23.1419],[120.2612,23.1448],[120.2614,23.1456],[120.2609,23.1489],[120.2605,23.1535],[120.2635,23.1542],[120.2635,23.1557],[120.2642,23.1588],[120.2636,23.1606],[120.2641,23.163],[120.265,23.1651],[120.2651,23.1672],[120.2665,23.1703],[120.2677,23.1716],[120.2685,23.1719],[120.2701,23.1737],[120.2698,23.1712],[120.2739,23.1731],[120.2794,23.1747],[120.2812,23.175],[120.2898,23.1761],[120.2952,23.1764],[120.2991,23.1764],[120.305,23.1754],[120.3071,23.1746],[120.3088,23.1726],[120.3202,23.1685],[120.3273,23.1631],[120.3317,23.1595],[120.3331,23.1591],[120.3359,23.1574],[120.3379,23.1564],[120.3398,23.155],[120.344,23.1527],[120.3459,23.151],[120.3463,23.149],[120.3448,23.1432],[120.3443,23.1417],[120.3431,23.1404],[120.3393,23.1377],[120.3372,23.1361],[120.3361,23.1344],[120.3361,23.1331],[120.3348,23.1306],[120.3349,23.1296],[120.3341,23.1272],[120.3332,23.1257],[120.3325,23.1227],[120.3314,23.1212],[120.3311,23.1185],[120.3323,23.1161],[120.3328,23.1137],[120.3321,23.1123],[120.3325,23.11],[120.3324,23.1076],[120.3329,23.1066],[120.3303,23.1066],[120.3296,23.1061],[120.3252,23.1063],[120.3252,23.1078],[120.3238,23.1073],[120.3222,23.1074],[120.3214,23.108],[120.321,23.1072],[120.3191,23.1082],[120.3144,23.1094],[120.3138,23.1099],[120.3092,23.1106],[120.3064,23.1094],[120.3046,23.1079],[120.3017,23.1075],[120.2985,23.1056],[120.2975,23.1067],[120.2959,23.1066],[120.2956,23.1094],[120.2946,23.1093],[120.2936,23.11],[120.2919,23.1084],[120.2897,23.1074],[120.289,23.1082],[120.2881,23.111],[120.2866,23.1102],[120.2869,23.1094],[120.2843,23.1079],[120.2835,23.1072],[120.2812,23.1061],[120.281,23.1077],[120.2818,23.1099],[120.2795,23.11],[120.2791,23.1108],[120.2778,23.1114],[120.276,23.1106],[120.2753,23.1111],[120.2737,23.11],[120.2732,23.109],[120.2723,23.1088],[120.2716,23.1077],[120.2715,23.1058],[120.2705,23.1049],[120.2705,23.1057],[120.2696,23.1072],[120.2675,23.1063],[120.2683,23.1085],[120.265,23.1073],[120.2623,23.1052],[120.2603,23.1053],[120.2586,23.1061],[120.2566,23.1051],[120.2559,23.1066],[120.2558,23.108],[120.2592,23.1085],[120.2613,23.1098],[120.2633,23.1119],[120.2635,23.1127],[120.2646,23.1133],[120.2654,23.1161],[120.2673,23.1165],[120.2683,23.1186],[120.2684,23.1197],[120.2692,23.1221],[120.269,23.1226],[120.2661,23.1214],[120.2647,23.1254],[120.2628,23.1245],[120.2618,23.1278],[120.263,23.128],[120.2628,23.1293],[120.2621,23.1301],[120.261,23.13],[120.2606,23.1314],[120.2597,23.1306],[120.2595,23.1317],[120.2559,23.1312],[120.256,23.1327],[120.2552,23.1325],[120.2549,23.135]]]}},{"type":"Feature","properties":{"name":"台南市山上區","county":"台南市","town":"山上區"},"geometry":{"type":"Polygon","coordinates":[[[120.3393,23.1377],[120.3394,23.1329],[120.3411,23.1276],[120.3435,23.123],[120.3471,23.1176],[120.35,23.1143],[120.3565,23.109],[120.3611,23.1058],[120.3679,23.1005],[120.3693,23.0999],[120.3719,23.1001],[120.3742,23.1006],[120.3768,23.1016],[120.3823,23.102],[120.383,23.1017],[120.3848,23.1026],[120.386,23.1041],[120.387,23.1058],[120.3898,23.106],[120.3911,23.1057],[120.3926,23.1065],[120.3952,23.1072],[120.3956,23.1086],[120.3965,23.1078],[120.3975,23.1082],[120.3988,23.1077],[120.3999,23.1091],[120.3999,23.1102],[120.4005,23.1121],[120.4014,23.1126],[120.4015,23.114],[120.4025,23.1156],[120.4056,23.1157],[120.409,23.114],[120.4091,23.1129],[120.41,23.1132],[120.4103,23.1123],[120.4118,23.1113],[120.414,23.1112],[120.4153,23.1117],[120.4177,23.1119],[120.4182,23.1106],[120.4195,23.109],[120.4177,23.1066],[120.4183,23.1046],[120.4184,23.1022],[120.4168,23.1013],[120.4162,23.1004],[120.4141,23.0993],[120.414,23.0973],[120.4131,23.0964],[120.4124,23.0942],[120.4108,23.094],[120.4101,23.0907],[120.4094,23.0904],[120.4087,23.0888],[120.4081,23.0887],[120.4064,23.0869],[120.4059,23.0862],[120.4035,23.0847],[120.4032,23.0836],[120.4021,23.083],[120.4015,23.0815],[120.4,23.0811],[120.3984,23.0797],[120.3973,23.0797],[120.396,23.0788],[120.3952,23.0793],[120.3925,23.0793],[120.3914,23.0787],[120.3904,23.0793],[120.3884,23.0791],[120.3881,23.0775],[120.3889,23.0767],[120.3882,23.0757],[120.3867,23.0775],[120.3851,23.0771],[120.3848,23.0756],[120.3831,23.0757],[120.3823,23.0773],[120.3812,23.0773],[120.3808,23.0784],[120.3797,23.0787],[120.3788,23.0807],[120.3779,23.0811],[120.3767,23.0807],[120.3759,23.079],[120.3748,23.0789],[120.3739,23.0795],[120.3705,23.0791],[120.3694,23.0781],[120.3694,23.0774],[120.371,23.0758],[120.3703,23.0744],[120.3691,23.0746],[120.3674,23.0738],[120.3649,23.0734],[120.3646,23.0727],[120.3614,23.0724],[120.3595,23.0726],[120.3592,23.0715],[120.3584,23.0716],[120.3584,23.0723],[120.3566,23.0731],[120.3562,23.0738],[120.3572,23.075],[120.3571,23.076],[120.3556,23.0773],[120.3545,23.0768],[120.354,23.0751],[120.3545,23.0736],[120.3533,23.0727],[120.3513,23.0758],[120.3498,23.0758],[120.351,23.0783],[120.3511,23.0804],[120.3505,23.0812],[120.3486,23.0793],[120.3459,23.0807],[120.3437,23.0805],[120.3427,23.0794],[120.3415,23.0802],[120.3421,23.0818],[120.3405,23.0835],[120.3412,23.0839],[120.3423,23.0836],[120.3441,23.084],[120.344,23.0856],[120.3434,23.0885],[120.3441,23.089],[120.3424,23.0908],[120.3358,23.0991],[120.3352,23.1019],[120.3339,23.1037],[120.334,23.1049],[120.3329,23.1066],[120.3324,23.1076],[120.3325,23.11],[120.3321,23.1123],[120.3328,23.1137],[120.3323,23.1161],[120.3311,23.1185],[120.3314,23.1212],[120.3325,23.1227],[120.3332,23.1257],[120.3341,23.1272],[120.3349,23.1296],[120.3348,23.1306],[120.3361,23.1331],[120.3361,23.1344],[120.3372,23.1361],[120.3393,23.1377]]]}},{"type":"Feature","properties":{"name":"台南市柳營區","county":"台南市","town":"柳營區"},"geometry":{"type":"Polygon","coordinates":[[[120.2804,23.2619],[120.2823,23.2663],[120.2832,23.2702],[120.2834,23.2753],[120.2846,23.2769],[120.2893,23.2767],[120.2906,23.2771],[120.291,23.2787],[120.2922,23.2811],[120.2936,23.2834],[120.2942,23.2854],[120.2931,23.2883],[120.2932,23.2911],[120.2923,23.2918],[120.2931,23.294],[120.3008,23.2961],[120.3067,23.2966],[120.3105,23.2961],[120.3135,23.2959],[120.3188,23.296],[120.3201,23.2963],[120.3231,23.296],[120.325,23.2968],[120.3245,23.3022],[120.3247,23.3033],[120.3258,23.3051],[120.3272,23.3059],[120.3294,23.3063],[120.3315,23.304],[120.3325,23.3026],[120.3323,23.2998],[120.3337,23.2976],[120.3357,23.2961],[120.3402,23.2943],[120.3419,23.2945],[120.3451,23.2981],[120.3465,23.3005],[120.3479,23.3011],[120.349,23.3026],[120.3487,23.3034],[120.3497,23.305],[120.3531,23.3041],[120.3547,23.3031],[120.3582,23.3016],[120.3583,23.3012],[120.357,23.2983],[120.3588,23.2975],[120.3605,23.2974],[120.3646,23.2981],[120.3663,23.2987],[120.3671,23.2976],[120.3681,23.2947],[120.37,23.2932],[120.3723,23.2928],[120.374,23.2933],[120.3753,23.2926],[120.3763,23.2909],[120.3783,23.2896],[120.3806,23.2903],[120.3834,23.2906],[120.3858,23.29],[120.3879,23.2878],[120.3913,23.2861],[120.3923,23.2861],[120.3934,23.2839],[120.3942,23.2806],[120.3943,23.2787],[120.3933,23.2769],[120.391,23.2757],[120.3903,23.2763],[120.3894,23.2757],[120.3896,23.2721],[120.3907,23.2689],[120.3917,23.2682],[120.3936,23.2679],[120.3946,23.2668],[120.3939,23.265],[120.3954,23.263],[120.3964,23.2629],[120.3977,23.2639],[120.3992,23.2638],[120.4006,23.2654],[120.4012,23.264],[120.4041,23.2632],[120.4055,23.2622],[120.4067,23.2632],[120.4088,23.2638],[120.4129,23.2632],[120.4126,23.2611],[120.4136,23.2599],[120.4135,23.2582],[120.4156,23.2569],[120.4166,23.2574],[120.4181,23.2549],[120.4201,23.2551],[120.423,23.2536],[120.4246,23.25],[120.4244,23.2484],[120.4248,23.2477],[120.4248,23.2461],[120.424,23.2454],[120.423,23.2433],[120.4235,23.2417],[120.4229,23.2399],[120.422,23.2391],[120.4211,23.2393],[120.4185,23.2386],[120.417,23.2372],[120.4142,23.2365],[120.4118,23.235],[120.4104,23.2353],[120.41,23.2345],[120.4085,23.234],[120.4052,23.2342],[120.4028,23.2332],[120.4023,23.2335],[120.4021,23.2314],[120.4013,23.2305],[120.3991,23.2309],[120.3981,23.2306],[120.3957,23.2319],[120.3948,23.2337],[120.393,23.2345],[120.3908,23.236],[120.3884,23.2357],[120.3876,23.2351],[120.3859,23.2363],[120.3848,23.2363],[120.3833,23.2374],[120.3808,23.2368],[120.3782,23.2382],[120.3758,23.2401],[120.3737,23.2402],[120.3731,23.241],[120.3706,23.2402],[120.3691,23.2402],[120.3674,23.2393],[120.3675,23.2388],[120.3658,23.238],[120.3658,23.2364],[120.3636,23.2351],[120.3619,23.235],[120.3623,23.2383],[120.3596,23.2412],[120.3581,23.2422],[120.3547,23.242],[120.3538,23.2427],[120.3525,23.2427],[120.3507,23.2437],[120.3503,23.2445],[120.3514,23.2454],[120.3516,23.2477],[120.3519,23.2481],[120.3513,23.2522],[120.3494,23.2544],[120.3465,23.2566],[120.3448,23.2565],[120.3426,23.2549],[120.3416,23.2551],[120.3388,23.2572],[120.3374,23.2603],[120.3355,23.2633],[120.334,23.2637],[120.3326,23.2625],[120.332,23.26],[120.3314,23.2588],[120.3303,23.2578],[120.3298,23.2584],[120.3298,23.2608],[120.3294,23.2612],[120.3278,23.2603],[120.326,23.2605],[120.3259,23.2622],[120.3246,23.2636],[120.3236,23.2631],[120.3226,23.2612],[120.3217,23.2612],[120.3212,23.2626],[120.3196,23.2635],[120.3185,23.2633],[120.3176,23.2613],[120.3165,23.2608],[120.3153,23.2591],[120.3133,23.2599],[120.3102,23.26],[120.3095,23.2605],[120.3098,23.2625],[120.3089,23.2634],[120.3057,23.2639],[120.3033,23.263],[120.2994,23.2625],[120.298,23.2646],[120.2967,23.2649],[120.2952,23.2638],[120.2945,23.2619],[120.2934,23.2616],[120.2893,23.2622],[120.2885,23.2617],[120.2883,23.2604],[120.2871,23.2601],[120.2838,23.2602],[120.2804,23.2619]]]}},{"type":"Feature","properties":{"name":"台南市東山區","county":"台南市","town":"東山區"},"geometry":{"type":"Polygon","coordinates":[[[120.522,23.2874],[120.5229,23.2846],[120.5227,23.2814],[120.5211,23.2799],[120.5219,23.2766],[120.5217,23.2758],[120.5222,23.274],[120.5204,23.2718],[120.5222,23.2703],[120.5225,23.2692],[120.5261,23.2665],[120.5267,23.264],[120.5284,23.2622],[120.5292,23.258],[120.5306,23.2573],[120.5307,23.256],[120.5323,23.2551],[120.5315,23.2534],[120.5315,23.252],[120.5309,23.2511],[120.53,23.248],[120.5291,23.2472],[120.5279,23.2454],[120.5243,23.2421],[120.5209,23.2404],[120.5194,23.2395],[120.5176,23.239],[120.5121,23.2351],[120.5114,23.2337],[120.5079,23.2317],[120.5053,23.2309],[120.5036,23.2301],[120.5014,23.2281],[120.4996,23.2254],[120.4972,23.2232],[120.4956,23.2225],[120.4933,23.2208],[120.4906,23.2223],[120.4873,23.222],[120.4864,23.2209],[120.4843,23.2206],[120.4831,23.2201],[120.4812,23.2202],[120.4784,23.2218],[120.477,23.223],[120.4759,23.2245],[120.4714,23.2249],[120.4697,23.2259],[120.4679,23.2254],[120.467,23.2265],[120.4656,23.2269],[120.4649,23.2279],[120.4639,23.2275],[120.463,23.2281],[120.4603,23.228],[120.4587,23.2289],[120.458,23.2299],[120.4549,23.2313],[120.4535,23.2303],[120.4513,23.2307],[120.4505,23.2319],[120.4477,23.2307],[120.4464,23.2289],[120.4461,23.2277],[120.4447,23.2271],[120.4447,23.2291],[120.4438,23.2291],[120.443,23.2275],[120.4426,23.2293],[120.4433,23.2306],[120.4433,23.2322],[120.4439,23.2343],[120.4455,23.2366],[120.4453,23.2375],[120.444,23.2364],[120.4416,23.2357],[120.4412,23.2366],[120.4401,23.2372],[120.4382,23.2369],[120.4374,23.2374],[120.4364,23.2367],[120.4343,23.2369],[120.433,23.2359],[120.4328,23.239],[120.4302,23.2407],[120.429,23.2421],[120.4265,23.2431],[120.425,23.245],[120.424,23.2454],[120.4248,23.2461],[120.4248,23.2477],[120.4244,23.2484],[120.4246,23.25],[120.423,23.2536],[120.4201,23.2551],[120.4181,23.2549],[120.4166,23.2574],[120.4156,23.2569],[120.4135,23.2582],[120.4136,23.2599],[120.4126,23.2611],[120.4129,23.2632],[120.4088,23.2638],[120.4067,23.2632],[120.4055,23.2622],[120.4041,23.2632],[120.4012,23.264],[120.4006,23.2654],[120.3992,23.2638],[120.3977,23.2639],[120.3964,23.2629],[120.3954,23.263],[120.3939,23.265],[120.3946,23.2668],[120.3936,23.2679],[120.3917,23.2682],[120.3907,23.2689],[120.3896,23.2721],[120.3894,23.2757],[120.3903,23.2763],[120.391,23.2757],[120.3933,23.2769],[120.3943,23.2787],[120.3942,23.2806],[120.3934,23.2839],[120.3923,23.2861],[120.3913,23.2861],[120.3879,23.2878],[120.3858,23.29],[120.3834,23.2906],[120.3806,23.2903],[120.3783,23.2896],[120.3763,23.2909],[120.3753,23.2926],[120.374,23.2933],[120.3723,23.2928],[120.37,23.2932],[120.3681,23.2947],[120.3671,23.2976],[120.3663,23.2987],[120.3646,23.2981],[120.3605,23.2974],[120.3588,23.2975],[120.357,23.2983],[120.3583,23.3012],[120.3582,23.3016],[120.3547,23.3031],[120.3531,23.3041],[120.3497,23.305],[120.3487,23.3034],[120.349,23.3026],[120.3479,23.3011],[120.3465,23.3005],[120.3451,23.2981],[120.3419,23.2945],[120.3402,23.2943],[120.3357,23.2961],[120.3337,23.2976],[120.3323,23.2998],[120.3325,23.3026],[120.3315,23.304],[120.3323,23.3051],[120.3341,23.306],[120.3369,23.3082],[120.337,23.3088],[120.3393,23.3101],[120.3417,23.3095],[120.3434,23.3097],[120.3435,23.3106],[120.3407,23.3147],[120.3402,23.3164],[120.3409,23.3186],[120.3424,23.3187],[120.3459,23.317],[120.3483,23.3151],[120.3509,23.3137],[120.3525,23.314],[120.354,23.3155],[120.3561,23.3159],[120.3581,23.3174],[120.3594,23.3215],[120.359,23.3235],[120.36,23.3246],[120.3617,23.3252],[120.3628,23.3231],[120.3639,23.3225],[120.3683,23.3213],[120.3685,23.3181],[120.3701,23.3163],[120.3719,23.3158],[120.3718,23.3173],[120.3721,23.3198],[120.3728,23.321],[120.3712,23.324],[120.3694,23.3246],[120.3696,23.3257],[120.3719,23.3267],[120.3741,23.3264],[120.3752,23.3266],[120.3767,23.3259],[120.3786,23.3256],[120.3814,23.3256],[120.383,23.3269],[120.3797,23.3302],[120.3785,23.3319],[120.3787,23.3338],[120.3797,23.3337],[120.3835,23.332],[120.3851,23.3317],[120.3847,23.3362],[120.3855,23.3388],[120.387,23.3397],[120.3901,23.34],[120.3903,23.3397],[120.39,23.336],[120.3901,23.3342],[120.391,23.3323],[120.3922,23.3325],[120.3935,23.3351],[120.394,23.3378],[120.3933,23.3396],[120.3946,23.3403],[120.3957,23.3399],[120.3986,23.3396],[120.3987,23.3371],[120.4004,23.3333],[120.4015,23.3319],[120.404,23.3322],[120.4045,23.3329],[120.4031,23.3357],[120.4027,23.3371],[120.4029,23.34],[120.4047,23.3417],[120.4057,23.3412],[120.4073,23.3384],[120.4068,23.3369],[120.4072,23.3353],[120.4081,23.3346],[120.4106,23.335],[120.4117,23.3347],[120.4134,23.3323],[120.4151,23.3324],[120.416,23.3273],[120.4186,23.3249],[120.4199,23.3255],[120.4231,23.3248],[120.4267,23.3221],[120.4284,23.322],[120.4313,23.3206],[120.4338,23.3173],[120.4358,23.3161],[120.4368,23.3142],[120.4378,23.3145],[120.4388,23.3135],[120.4402,23.3144],[120.4405,23.313],[120.4412,23.3123],[120.4408,23.3114],[120.4411,23.3098],[120.4454,23.3065],[120.4473,23.3061],[120.448,23.304],[120.4469,23.3029],[120.4465,23.3012],[120.4458,23.3006],[120.4482,23.2992],[120.449,23.3002],[120.4504,23.3001],[120.4501,23.2982],[120.4509,23.2969],[120.4524,23.297],[120.4526,23.2989],[120.4543,23.2998],[120.4545,23.2984],[120.4564,23.2993],[120.4574,23.3003],[120.4583,23.3004],[120.4599,23.3016],[120.4609,23.3005],[120.4626,23.3002],[120.4627,23.3008],[120.464,23.301],[120.4645,23.3002],[120.4666,23.2998],[120.467,23.2989],[120.4684,23.2976],[120.4697,23.2974],[120.4708,23.2966],[120.472,23.2967],[120.4741,23.2983],[120.4772,23.2981],[120.4786,23.2974],[120.4792,23.2957],[120.4811,23.2949],[120.4811,23.2935],[120.4819,23.2934],[120.4845,23.294],[120.486,23.2936],[120.4871,23.2945],[120.4872,23.2954],[120.4888,23.2963],[120.4897,23.2981],[120.4922,23.2995],[120.4963,23.2992],[120.4977,23.2979],[120.4999,23.2981],[120.5027,23.2977],[120.5037,23.2967],[120.5078,23.2951],[120.5076,23.2931],[120.5055,23.2917],[120.5039,23.2911],[120.5034,23.29],[120.5022,23.2888],[120.5023,23.288],[120.5033,23.2876],[120.5038,23.2884],[120.5046,23.2881],[120.5063,23.2905],[120.5088,23.2899],[120.5092,23.2907],[120.5102,23.2909],[120.5118,23.2919],[120.514,23.2921],[120.5154,23.2918],[120.5182,23.2903],[120.5179,23.2882],[120.5174,23.2873],[120.522,23.2874]]]}},{"type":"Feature","properties":{"name":"台南市七股區","county":"台南市","town":"七股區"},"geometry":{"type":"Polygon","coordinates":[[[120.1513,23.1869],[120.1512,23.1849],[120.1503,23.1842],[120.1519,23.1827],[120.1531,23.1794],[120.1509,23.1799],[120.1485,23.1801],[120.1471,23.1798],[120.1475,23.1768],[120.1483,23.176],[120.145,23.1754],[120.1448,23.1746],[120.1473,23.1733],[120.1457,23.1705],[120.1449,23.1682],[120.145,23.1668],[120.15,23.1658],[120.1533,23.1639],[120.1536,23.1617],[120.1536,23.1579],[120.1566,23.1582],[120.1567,23.1561],[120.1589,23.1572],[120.1585,23.1536],[120.1581,23.1522],[120.1554,23.149],[120.1548,23.1461],[120.1538,23.1436],[120.1537,23.1407],[120.1548,23.1373],[120.155,23.1352],[120.1556,23.1347],[120.1534,23.1349],[120.1489,23.1344],[120.1486,23.1323],[120.149,23.1313],[120.1489,23.1272],[120.1503,23.1267],[120.152,23.1266],[120.1518,23.1226],[120.1551,23.1232],[120.1571,23.1241],[120.1592,23.1237],[120.1623,23.1214],[120.1613,23.1201],[120.1611,23.1163],[120.1684,23.1173],[120.1675,23.1229],[120.1693,23.1231],[120.1713,23.1215],[120.175,23.1185],[120.1757,23.1177],[120.1781,23.1111],[120.1774,23.1106],[120.1728,23.1034],[120.1721,23.1028],[120.1736,23.0997],[120.176,23.099],[120.1757,23.0956],[120.1759,23.0941],[120.1755,23.0907],[120.1746,23.0873],[120.1744,23.0851],[120.1727,23.0836],[120.171,23.0823],[120.164,23.0847],[120.1627,23.0904],[120.158,23.0892],[120.1545,23.0901],[120.1527,23.0913],[120.1491,23.0913],[120.1387,23.0901],[120.1327,23.0896],[120.1263,23.0886],[120.1195,23.0883],[120.1166,23.0883],[120.1115,23.088],[120.1097,23.0877],[120.1081,23.087],[120.106,23.0866],[120.101,23.0849],[120.0982,23.0829],[120.0919,23.0766],[120.0907,23.0733],[120.0834,23.067],[120.0794,23.0639],[120.0777,23.0621],[120.0755,23.0604],[120.0711,23.055],[120.0696,23.0521],[120.0655,23.0481],[120.0632,23.0452],[120.0627,23.044],[120.0619,23.0443],[120.0609,23.0434],[120.058,23.0431],[120.0542,23.047],[120.0529,23.0487],[120.0498,23.0522],[120.0463,23.0574],[120.0459,23.0586],[120.045,23.0596],[120.044,23.0617],[120.039,23.0681],[120.0372,23.0671],[120.0341,23.0675],[120.031,23.0671],[120.0294,23.0664],[120.0286,23.0665],[120.0269,23.0679],[120.0281,23.0725],[120.0279,23.0752],[120.0297,23.0812],[120.0318,23.0878],[120.0332,23.095],[120.0338,23.0963],[120.0345,23.0998],[120.0352,23.1026],[120.0388,23.1103],[120.0417,23.1146],[120.044,23.1192],[120.0477,23.1227],[120.0489,23.1232],[120.0509,23.1252],[120.0521,23.1259],[120.0542,23.1257],[120.0509,23.1224],[120.055,23.1255],[120.0543,23.1274],[120.0531,23.1282],[120.0528,23.1296],[120.053,23.1315],[120.0543,23.1345],[120.0556,23.1362],[120.0561,23.1384],[120.0565,23.1428],[120.0569,23.1441],[120.0574,23.1488],[120.0583,23.155],[120.0591,23.1588],[120.0598,23.1604],[120.0605,23.1636],[120.0624,23.1679],[120.0635,23.1709],[120.0644,23.1724],[120.0661,23.1762],[120.0672,23.1779],[120.0676,23.1795],[120.0688,23.1809],[120.0696,23.1827],[120.0695,23.1835],[120.0721,23.1839],[120.0786,23.1867],[120.0837,23.189],[120.0844,23.1889],[120.0856,23.1878],[120.0901,23.1877],[120.0901,23.1882],[120.0928,23.1883],[120.094,23.1869],[120.098,23.185],[120.0992,23.1854],[120.1013,23.1847],[120.1032,23.1831],[120.1047,23.1842],[120.106,23.1845],[120.1075,23.1835],[120.1084,23.1835],[120.1098,23.1852],[120.1113,23.1857],[120.1117,23.1862],[120.1131,23.1862],[120.1156,23.1836],[120.1176,23.1845],[120.1205,23.1822],[120.1243,23.1817],[120.1252,23.1837],[120.1281,23.1824],[120.1296,23.1827],[120.129,23.1848],[120.1275,23.1851],[120.1272,23.1889],[120.1274,23.191],[120.1265,23.1937],[120.1288,23.195],[120.1311,23.1935],[120.1373,23.1957],[120.1399,23.1959],[120.1403,23.1951],[120.1408,23.1922],[120.1422,23.1888],[120.1434,23.1868],[120.1466,23.1885],[120.1488,23.1885],[120.1509,23.1892],[120.1513,23.1869]]]}},{"type":"Feature","properties":{"name":"台南市將軍區","county":"台南市","town":"將軍區"},"geometry":{"type":"Polygon","coordinates":[[[120.1771,23.2133],[120.1778,23.2112],[120.1783,23.2086],[120.1776,23.2068],[120.1757,23.2027],[120.1749,23.1984],[120.1742,23.1965],[120.1717,23.1933],[120.1709,23.1907],[120.1708,23.1874],[120.1699,23.1852],[120.1684,23.1843],[120.1634,23.1835],[120.1632,23.184],[120.1616,23.1836],[120.1607,23.1852],[120.1595,23.185],[120.156,23.1882],[120.1559,23.1877],[120.1523,23.1879],[120.1523,23.1869],[120.1513,23.1869],[120.1509,23.1892],[120.1488,23.1885],[120.1466,23.1885],[120.1434,23.1868],[120.1422,23.1888],[120.1408,23.1922],[120.1403,23.1951],[120.1399,23.1959],[120.1373,23.1957],[120.1311,23.1935],[120.1288,23.195],[120.1265,23.1937],[120.1274,23.191],[120.1272,23.1889],[120.1275,23.1851],[120.129,23.1848],[120.1296,23.1827],[120.1281,23.1824],[120.1252,23.1837],[120.1243,23.1817],[120.1205,23.1822],[120.1176,23.1845],[120.1156,23.1836],[120.1131,23.1862],[120.1117,23.1862],[120.1113,23.1857],[120.1098,23.1852],[120.1084,23.1835],[120.1075,23.1835],[120.106,23.1845],[120.1047,23.1842],[120.1032,23.1831],[120.1013,23.1847],[120.0992,23.1854],[120.098,23.185],[120.094,23.1869],[120.0928,23.1883],[120.0901,23.1882],[120.0901,23.1877],[120.0856,23.1878],[120.0844,23.1889],[120.0837,23.189],[120.0786,23.1867],[120.0721,23.1839],[120.0695,23.1835],[120.0696,23.185],[120.0703,23.1859],[120.0716,23.1897],[120.0734,23.1933],[120.0775,23.2005],[120.0789,23.2049],[120.08,23.209],[120.0802,23.2115],[120.081,23.2164],[120.0819,23.2223],[120.0816,23.2238],[120.0818,23.2256],[120.0806,23.2291],[120.081,23.2316],[120.0802,23.2351],[120.0806,23.2376],[120.0832,23.2411],[120.0866,23.238],[120.0886,23.2382],[120.0891,23.2367],[120.0887,23.2347],[120.0873,23.2315],[120.0878,23.2298],[120.0898,23.2286],[120.0939,23.2271],[120.0958,23.2255],[120.101,23.2251],[120.1031,23.2251],[120.106,23.2254],[120.1079,23.2267],[120.1127,23.2266],[120.1153,23.2272],[120.1196,23.2271],[120.1226,23.2266],[120.1287,23.2267],[120.1333,23.2277],[120.1356,23.229],[120.1417,23.2326],[120.1438,23.2336],[120.1474,23.2346],[120.1531,23.2359],[120.1587,23.238],[120.1608,23.2381],[120.1634,23.2369],[120.1645,23.2353],[120.1663,23.2348],[120.1685,23.2327],[120.1692,23.2294],[120.1705,23.2271],[120.1731,23.2258],[120.1749,23.2232],[120.1761,23.2165],[120.1771,23.2133]]]}},{"type":"Feature","properties":{"name":"鼓山區","county":"高雄市","town":"鼓山區"},"geometry":{"type":"Polygon","coordinates":[[[120.2852,22.6347],[120.2834,22.6333],[120.2789,22.6266],[120.2771,22.6232],[120.2774,22.6222],[120.2792,22.6209],[120.2788,22.6203],[120.283,22.6182],[120.2902,22.615],[120.2888,22.611],[120.283,22.6134],[120.2813,22.6144],[120.2776,22.6111],[120.275,22.613],[120.2742,22.6135],[120.2722,22.6144],[120.271,22.615],[120.2677,22.6161],[120.2664,22.6165],[120.266,22.6166],[120.2645,22.6172],[120.264,22.6173],[120.2631,22.6176],[120.2612,22.6182],[120.2599,22.6186],[120.2581,22.6192],[120.2572,22.6194],[120.2565,22.6196],[120.2567,22.6209],[120.2633,22.6241],[120.2635,22.6262],[120.263,22.6279],[120.2625,22.6283],[120.261,22.6315],[120.2601,22.632],[120.2593,22.6339],[120.2561,22.6363],[120.2551,22.6396],[120.254,22.6405],[120.2538,22.6416],[120.2517,22.6452],[120.2511,22.6493],[120.2499,22.6507],[120.2499,22.6517],[120.2506,22.6526],[120.2508,22.6549],[120.2503,22.6565],[120.2509,22.6596],[120.2514,22.6605],[120.2512,22.6619],[120.2527,22.664],[120.253,22.665],[120.2553,22.6669],[120.2564,22.6686],[120.2575,22.6689],[120.2576,22.668],[120.2586,22.6674],[120.2602,22.6682],[120.2612,22.6697],[120.2637,22.6715],[120.2679,22.6728],[120.2725,22.6732],[120.274,22.6741],[120.2758,22.6738],[120.2776,22.6742],[120.2786,22.6739],[120.2817,22.6715],[120.2845,22.6715],[120.2866,22.6705],[120.2867,22.669],[120.2886,22.6677],[120.2894,22.669],[120.2929,22.6726],[120.2939,22.6722],[120.2956,22.6699],[120.2978,22.6679],[120.2979,22.6671],[120.2999,22.6658],[120.3033,22.6658],[120.303,22.6586],[120.3032,22.6562],[120.3068,22.657],[120.3088,22.6566],[120.3088,22.6547],[120.3081,22.6546],[120.3063,22.6533],[120.3022,22.653],[120.3004,22.6518],[120.2993,22.6514],[120.2966,22.6523],[120.2956,22.6521],[120.293,22.6498],[120.2905,22.6496],[120.2883,22.6504],[120.2868,22.6501],[120.2828,22.6465],[120.282,22.6454],[120.2817,22.6433],[120.2845,22.6386],[120.2852,22.6347]]]}},{"type":"Feature","properties":{"name":"左營區","county":"高雄市","town":"左營區"},"geometry":{"type":"Polygon","coordinates":[[[120.2581,22.6936],[120.2602,22.6947],[120.2634,22.6967],[120.263,22.6987],[120.2633,22.7005],[120.2645,22.7027],[120.2657,22.7036],[120.2664,22.7062],[120.2678,22.7052],[120.2676,22.7067],[120.2684,22.7069],[120.2688,22.7055],[120.2713,22.7049],[120.2821,22.7049],[120.2925,22.7052],[120.2928,22.7065],[120.2935,22.7064],[120.2968,22.7095],[120.2978,22.7087],[120.2999,22.7078],[120.2999,22.707],[120.2948,22.7053],[120.2963,22.7041],[120.2977,22.7007],[120.3025,22.7008],[120.3026,22.699],[120.3044,22.698],[120.3041,22.6975],[120.3081,22.6952],[120.3119,22.6994],[120.3149,22.6959],[120.3168,22.6942],[120.3162,22.6935],[120.3204,22.6899],[120.3212,22.6902],[120.3229,22.6879],[120.3236,22.6863],[120.3237,22.6851],[120.3247,22.6852],[120.3242,22.6838],[120.3221,22.6816],[120.3234,22.6803],[120.3264,22.6804],[120.3266,22.6798],[120.3252,22.6797],[120.3249,22.6784],[120.324,22.6774],[120.323,22.6772],[120.3224,22.6762],[120.3204,22.6745],[120.3194,22.6716],[120.3189,22.6716],[120.3176,22.6696],[120.3152,22.6694],[120.3147,22.6675],[120.3134,22.6654],[120.3117,22.6636],[120.3111,22.6624],[120.3113,22.6607],[120.3122,22.6587],[120.3122,22.6559],[120.3114,22.6551],[120.3088,22.6547],[120.3088,22.6566],[120.3068,22.657],[120.3032,22.6562],[120.303,22.6586],[120.3033,22.6658],[120.2999,22.6658],[120.2979,22.6671],[120.2978,22.6679],[120.2956,22.6699],[120.2939,22.6722],[120.2929,22.6726],[120.2894,22.669],[120.2886,22.6677],[120.2867,22.669],[120.2866,22.6705],[120.2845,22.6715],[120.2817,22.6715],[120.2786,22.6739],[120.2776,22.6742],[120.2758,22.6738],[120.274,22.6741],[120.2725,22.6732],[120.2679,22.6728],[120.2637,22.6715],[120.2612,22.6697],[120.2602,22.6682],[120.2586,22.6674],[120.2576,22.668],[120.2575,22.6689],[120.2593,22.669],[120.2626,22.6727],[120.2636,22.6732],[120.2645,22.6752],[120.2644,22.6808],[120.2641,22.6825],[120.2631,22.684],[120.2635,22.6863],[120.2628,22.689],[120.2618,22.6893],[120.2581,22.6893],[120.2581,22.6936]]]}},{"type":"Feature","properties":{"name":"屏東縣恆春鎮","county":"屏東縣","town":"恆春鎮"},"geometry":{"type":"Polygon","coordinates":[[[120.6924,22.0096],[120.6944,22.0102],[120.6972,22.0098],[120.6984,22.01],[120.6982,22.0117],[120.697,22.0141],[120.6953,22.0164],[120.6932,22.0199],[120.6923,22.0232],[120.6908,22.0257],[120.6913,22.0273],[120.6906,22.0295],[120.691,22.0322],[120.6927,22.0345],[120.6928,22.0358],[120.6939,22.0355],[120.6947,22.0342],[120.6977,22.0336],[120.6995,22.0337],[120.7015,22.0352],[120.7024,22.0378],[120.7035,22.0395],[120.7057,22.0409],[120.7058,22.0443],[120.7079,22.0455],[120.7096,22.0459],[120.7116,22.0475],[120.7125,22.0494],[120.7144,22.0496],[120.7159,22.0506],[120.7167,22.0499],[120.7188,22.0501],[120.7197,22.0513],[120.7197,22.0525],[120.7187,22.0533],[120.7176,22.0535],[120.7177,22.0545],[120.7201,22.0541],[120.7221,22.0542],[120.7234,22.0531],[120.7246,22.0529],[120.7268,22.0538],[120.7277,22.0533],[120.7274,22.0524],[120.7303,22.0514],[120.7333,22.0525],[120.7343,22.0521],[120.7355,22.0505],[120.737,22.0493],[120.7383,22.0477],[120.7401,22.0483],[120.7437,22.0482],[120.7432,22.0496],[120.7439,22.0499],[120.7464,22.0493],[120.7476,22.0503],[120.7485,22.0523],[120.7504,22.0545],[120.7501,22.0575],[120.7506,22.0586],[120.7527,22.0598],[120.7531,22.0606],[120.7534,22.0627],[120.76,22.0609],[120.7626,22.0611],[120.7643,22.0619],[120.7662,22.0612],[120.7671,22.0605],[120.7699,22.0597],[120.7719,22.0605],[120.7733,22.0604],[120.7711,22.058],[120.7703,22.0567],[120.7711,22.0556],[120.7728,22.0549],[120.7765,22.055],[120.7775,22.0532],[120.7805,22.0527],[120.7845,22.0504],[120.7841,22.0481],[120.7862,22.0466],[120.7871,22.0467],[120.7892,22.0459],[120.7907,22.0443],[120.7921,22.0416],[120.7919,22.039],[120.7934,22.0377],[120.7924,22.0359],[120.7885,22.0313],[120.7862,22.0306],[120.7855,22.0292],[120.7858,22.028],[120.7854,22.0255],[120.7839,22.0245],[120.7825,22.0248],[120.7816,22.0256],[120.7803,22.0251],[120.7784,22.025],[120.7769,22.0238],[120.776,22.0246],[120.7746,22.025],[120.7727,22.024],[120.7726,22.0231],[120.7737,22.0201],[120.7768,22.017],[120.7776,22.0141],[120.7794,22.0148],[120.7813,22.0144],[120.7826,22.0127],[120.783,22.0115],[120.7845,22.0106],[120.7853,22.0095],[120.7859,22.0052],[120.7853,22.0044],[120.7856,22.0036],[120.7855,22.0006],[120.7867,21.9984],[120.7837,21.9972],[120.7825,21.9961],[120.7822,21.9943],[120.7809,21.9934],[120.7809,21.9919],[120.7796,21.99],[120.7763,21.99],[120.7753,21.9893],[120.775,21.9882],[120.7734,21.9863],[120.7707,21.9858],[120.7703,21.9842],[120.7702,21.9808],[120.7707,21.9794],[120.7757,21.9792],[120.7764,21.9799],[120.7779,21.9796],[120.7813,21.9803],[120.7844,21.9799],[120.7856,21.9804],[120.7879,21.9808],[120.7903,21.9797],[120.7912,21.981],[120.7932,21.9822],[120.7977,21.9815],[120.8016,21.9803],[120.803,21.9806],[120.8049,21.98],[120.8091,21.9808],[120.8101,21.9807],[120.8115,21.9813],[120.8137,21.9802],[120.8147,21.9805],[120.8153,21.9781],[120.8164,21.9776],[120.8175,21.9764],[120.8186,21.9739],[120.8212,21.974],[120.8237,21.9749],[120.8244,21.9749],[120.8256,21.9725],[120.8276,21.9706],[120.8286,21.9704],[120.8307,21.9711],[120.833,21.9706],[120.8344,21.9708],[120.8361,21.9732],[120.8383,21.9753],[120.8391,21.9752],[120.8423,21.9783],[120.843,21.9782],[120.8442,21.9793],[120.8453,21.978],[120.8455,21.9764],[120.8445,21.9738],[120.8449,21.9703],[120.8445,21.9683],[120.843,21.9636],[120.8416,21.9599],[120.8414,21.9565],[120.8429,21.9543],[120.8423,21.9513],[120.8423,21.9499],[120.8433,21.9462],[120.8448,21.9437],[120.8455,21.9413],[120.8464,21.9398],[120.8476,21.9386],[120.8487,21.936],[120.8489,21.9338],[120.8514,21.9317],[120.8534,21.9303],[120.855,21.9286],[120.8578,21.9247],[120.8585,21.9226],[120.8611,21.9193],[120.862,21.9189],[120.8626,21.9176],[120.8629,21.9137],[120.8619,21.9097],[120.8633,21.9056],[120.8641,21.9047],[120.8654,21.9042],[120.8672,21.9027],[120.8669,21.9005],[120.8649,21.8982],[120.8606,21.8963],[120.8586,21.8956],[120.8539,21.8958],[120.8533,21.8956],[120.8512,21.8964],[120.8479,21.8999],[120.8466,21.9029],[120.8465,21.9052],[120.846,21.906],[120.8459,21.9096],[120.8462,21.9137],[120.8451,21.9148],[120.8437,21.9146],[120.8414,21.9149],[120.8372,21.916],[120.8355,21.9172],[120.8344,21.9188],[120.8337,21.9213],[120.8328,21.9234],[120.8302,21.9253],[120.8295,21.9262],[120.8236,21.9315],[120.8232,21.933],[120.8222,21.9344],[120.8207,21.9349],[120.8186,21.9347],[120.8167,21.9339],[120.813,21.9335],[120.8101,21.9344],[120.8073,21.9362],[120.8061,21.9384],[120.8051,21.9392],[120.803,21.9399],[120.8027,21.938],[120.8015,21.9371],[120.7992,21.9374],[120.7983,21.9379],[120.798,21.9405],[120.7966,21.9422],[120.7943,21.9432],[120.7919,21.9435],[120.7858,21.9437],[120.7844,21.944],[120.783,21.9435],[120.7803,21.9458],[120.7776,21.9493],[120.7756,21.9496],[120.7728,21.9504],[120.7702,21.9524],[120.7684,21.9553],[120.766,21.9582],[120.7664,21.9587],[120.7647,21.9591],[120.7614,21.9589],[120.7606,21.9572],[120.7586,21.9563],[120.7575,21.9574],[120.756,21.9567],[120.7558,21.9557],[120.7551,21.9564],[120.7532,21.9552],[120.7533,21.9537],[120.7548,21.9541],[120.7527,21.9508],[120.7511,21.9508],[120.7485,21.9494],[120.7483,21.947],[120.749,21.945],[120.7485,21.9418],[120.7472,21.9419],[120.746,21.9434],[120.7454,21.9425],[120.7454,21.939],[120.7468,21.9342],[120.7462,21.9326],[120.7471,21.9318],[120.7457,21.9312],[120.7452,21.9325],[120.744,21.9322],[120.7443,21.9313],[120.7438,21.9295],[120.7418,21.9274],[120.7402,21.9269],[120.7399,21.9263],[120.7397,21.9195],[120.7388,21.9197],[120.7367,21.919],[120.7333,21.9186],[120.7324,21.9191],[120.7287,21.9183],[120.7266,21.9191],[120.7234,21.9215],[120.719,21.9273],[120.719,21.9312],[120.7193,21.9329],[120.718,21.934],[120.716,21.9348],[120.7127,21.9333],[120.7113,21.9335],[120.7106,21.9341],[120.7102,21.9374],[120.7099,21.9415],[120.7104,21.9436],[120.7108,21.9478],[120.7114,21.9517],[120.7116,21.9555],[120.7118,21.9615],[120.7115,21.9639],[120.7119,21.965],[120.715,21.9711],[120.7152,21.9729],[120.7141,21.9788],[120.7136,21.9806],[120.7111,21.9839],[120.7101,21.9856],[120.7079,21.9865],[120.7069,21.9875],[120.706,21.9904],[120.7056,21.9935],[120.7047,21.9947],[120.7007,21.996],[120.6983,21.9981],[120.6962,22.0003],[120.6948,22.0012],[120.6938,22.0026],[120.6932,22.0076],[120.6924,22.0096]]]}}]}